start_date,end_date,asin,sourceable_product_out_of_stock_rate,procurable_product_out_of_stock_rate,open_purchase_order_units,receive_fill_rate,average_vendor_lead_time_days,sell_through_rate,unfilled_customer_ordered_units,vendor_confirmation_rate,net_received_inventory_cost_amount,net_received_inventory_cost_currency_code,net_received_inventory_units,sellable_on_hand_inventory_cost_amount,sellable_on_hand_inventory_cost_currency_code,sellable_on_hand_inventory_units,unsellable_on_hand_inventory_cost_amount,unsellable_on_hand_inventory_cost_currency_code,unsellable_on_hand_inventory_units,aged_90_plus_days_sellable_inventory_cost_amount,aged_90_plus_days_sellable_inventory_cost_currency_code,aged_90_plus_days_sellable_inventory_units
2026-03-22,2026-03-22,B000MAIC1M,,,,0,0,,,0,0,USD,0,296.66,USD,27,0,USD,0,296.66,USD,27
2026-03-22,2026-03-22,B0034CXR6K,,,0,1,0,,,1,0,USD,0,126.83,USD,11,0,USD,0,126.83,USD,11
2026-03-22,2026-03-22,B0039YWFN4,,,,0,0,,,0,0,USD,0,0,USD,0,6.61,USD,1,0,USD,0
2026-03-22,2026-03-22,B004K9S3K6,,,,0,0,,,0,0,USD,0,1120.63,USD,139,44.08,USD,6,191.43,USD,24
2026-03-22,2026-03-22,B004N0YB58,,,40,1,0,,,1,0,USD,0,334.16,USD,31,0,USD,0,43.88,USD,4
2026-03-22,2026-03-22,B00751XYN2,,,,0,0,,,0,0,USD,0,40.35,USD,5,0,USD,0,40.35,USD,5
2026-03-22,2026-03-22,B007BTTDSI,,,,0,0,,,0,0,USD,0,14326.26,USD,2018,0,USD,0,12244.68,USD,1764
2026-03-22,2026-03-22,B007MZ7VE4,,,1232,1,0,,,1,0,USD,0,1141.06,USD,134,33.86,USD,4,1036.78,USD,122
2026-03-22,2026-03-22,B007MZ7VHG,,,76,1.0046,0,,,1,0,USD,0,27443.89,USD,3859,13.5,USD,2,18162.47,USD,2571
2026-03-22,2026-03-22,B009UOMMWQ,,,,0,0,,,0,0,USD,0,6263.04,USD,1344,18.64,USD,4,3714.02,USD,797
2026-03-22,2026-03-22,B009UOMNE8,,,168,0,0,,,0,0,USD,0,5781.81,USD,1763,6.56,USD,2,4489.49,USD,1369
2026-03-22,2026-03-22,B009UOMO8I,,,,0,0,,,0,0,USD,0,968.66,USD,131,0,USD,0,901.94,USD,123
2026-03-22,2026-03-22,B00D8MX6NA,,,805,0,20.25,,,0,75.04,USD,8,3302.72,USD,354,53.4,USD,6,94.76,USD,12
2026-03-22,2026-03-22,B00DTFLZK2,,,0,1,0,,,1,0,USD,0,1953.21,USD,213,9.17,USD,1,1311.31,USD,143
2026-03-22,2026-03-22,B00H3ILK92,,,,0,0,,,0,0,USD,0,85.56,USD,12,5228.23,USD,840,0,USD,0
2026-03-22,2026-03-22,B00HUBBDIK,,,2552,1.2484,0,,,0.6875,0,USD,0,108780.69,USD,15054,99.97,USD,13,70338.38,USD,10055
2026-03-22,2026-03-22,B00IFV83MS,,,216,0.9954,20.26,,,1,1801.44,USD,216,6507.69,USD,800,78.35,USD,10,1780.63,USD,233
2026-03-22,2026-03-22,B00JYCPRSA,,,,0,0,,,0,0,USD,0,1578.99,USD,393,0,USD,0,1578.99,USD,393
2026-03-22,2026-03-22,B00JYCPX4I,,,160,0,0,,,0,0,USD,0,1740.7,USD,210,0,USD,0,249.94,USD,31
2026-03-22,2026-03-22,B00JYCPX7K,,,,0,0,,,0,0,USD,0,12500.61,USD,2317,13.68,USD,2,12407.79,USD,2305
2026-03-22,2026-03-22,B00RZUV264,,,8,0,0,,,0,0,USD,0,98.53,USD,10,0,USD,0,62.53,USD,6
2026-03-22,2026-03-22,B00SM2O0M2,,,,0,0,,,0,0,USD,0,7.48,USD,1,0,USD,0,7.48,USD,1
2026-03-22,2026-03-22,B010VIPY92,,,,0,0,,,0,0,USD,0,8.23,USD,1,0,USD,0,8.23,USD,1
2026-03-22,2026-03-22,B015RW315G,,,,0,0,,,0,0,USD,0,1566.77,USD,231,0,USD,0,451.96,USD,63
2026-03-22,2026-03-22,B018BDNC3O,,,,0,0,,,0,0,USD,0,6981.58,USD,853,0,USD,0,6973.24,USD,852
2026-03-22,2026-03-22,B01DWIZTMK,,,3102,1.2048,20.27,,,0.8119,728.38,USD,158,17270.78,USD,3800,73.76,USD,16,3817.01,USD,881
2026-03-22,2026-03-22,B01H12JILG,,,24,1,0,,,1,0,USD,0,195.34,USD,15,14.58,USD,1,93.28,USD,8
2026-03-22,2026-03-22,B01H12OXQG,,,8,0,0,,,0,0,USD,0,90.17,USD,7,0,USD,0,22.27,USD,2
2026-03-22,2026-03-22,B01MG8UQC7,,,,0,0,,,0,0,USD,0,4480,USD,512,7.85,USD,1,1417.5,USD,162
2026-03-22,2026-03-22,B01N02MNVQ,,,,0,0,,,0,0,USD,0,90163.66,USD,11596,90,USD,12,73023.46,USD,9440
2026-03-22,2026-03-22,B01N4SC603,,,,0,0,,,0,0,USD,0,555.06,USD,66,33.64,USD,4,555.06,USD,66
2026-03-22,2026-03-22,B01N6UHPSE,,,,0,0,,,0,0,USD,0,3083.7,USD,360,8.55,USD,1,3040.95,USD,355
2026-03-22,2026-03-22,B06XDGNL1G,,,,0,0,,,0,0,USD,0,8.41,USD,1,0,USD,0,8.41,USD,1
2026-03-22,2026-03-22,B06XN6CYLQ,,,0,0,0,,,0,0,USD,0,558.8,USD,146,0,USD,0,420.32,USD,109
2026-03-22,2026-03-22,B06XWJ7X4Q,,,,0,0,,,0,0,USD,0,0,USD,0,153.72,USD,14,0,USD,0
2026-03-22,2026-03-22,B06XWV5X9N,,,568,0,0,,,0,0,USD,0,18508.72,USD,1328,13.97,USD,1,7388.6,USD,532
2026-03-22,2026-03-22,B073GHYJ2P,,,,0,0,,,0,0,USD,0,317.71,USD,32,0,USD,0,234.37,USD,23
2026-03-22,2026-03-22,B073GMP14X,,,,0,0,,,0,0,USD,0,11.53,USD,1,0,USD,0,11.53,USD,1
2026-03-22,2026-03-22,B073RP3K8P,,,,0,0,,,0,0,USD,0,32.61,USD,3,0,USD,0,32.61,USD,3
2026-03-22,2026-03-22,B0757SCJP1,,,12,0,0,,,0,0,USD,0,218.5,USD,23,0,USD,0,0,USD,0
2026-03-22,2026-03-22,B075PGHPTJ,,,,0,0,,,0,0,USD,0,24.3,USD,1,0,USD,0,24.3,USD,1
2026-03-22,2026-03-22,B075SR8ZVG,,,120,1,0,,,1,0,USD,0,7765.86,USD,1041,14.92,USD,2,44.76,USD,6
2026-03-22,2026-03-22,B075TG2Q7F,,,92,1,20.25,,,1,39,USD,4,926.9,USD,95,0,USD,0,0,USD,0
2026-03-22,2026-03-22,B076ZY7WDR,,,16,0,0,,,0,0,USD,0,10803.03,USD,862,11.25,USD,1,394.83,USD,32
2026-03-22,2026-03-22,B0779T7WJQ,,,57,1,0,,,1,0,USD,0,1048.12,USD,108,0,USD,0,347.42,USD,38
2026-03-22,2026-03-22,B077B8DC2W,,,406,1.0014,20.25,,,0.5608,277.68,USD,24,10209.17,USD,883,11.57,USD,1,539.03,USD,47
2026-03-22,2026-03-22,B077B919QT,,,16,1,0,,,1,0,USD,0,1932.49,USD,174,0,USD,0,366.27,USD,36
2026-03-22,2026-03-22,B078TSRN4X,,,,0,0,,,0,0,USD,0,1188.51,USD,122,0,USD,0,115.1,USD,12
2026-03-22,2026-03-22,B079DDJPZS,,,576,1.0297,0,,,1.001,0,USD,0,2639.83,USD,540,0,USD,0,1726.05,USD,364
2026-03-22,2026-03-22,B079DDNN3K,,,928,0.9883,20.25,,,1,65.52,USD,12,5373.15,USD,1046,10.35,USD,2,2860.65,USD,585
2026-03-22,2026-03-22,B079DF63FW,,,3248,0,20.25,,,0,16.08,USD,4,8180.4,USD,2039,15.66,USD,4,606.72,USD,155
2026-03-22,2026-03-22,B079PTDHRL,,,,0,0,,,0,0,USD,0,45,USD,5,0,USD,0,45,USD,5
2026-03-22,2026-03-22,B079PXH2JV,,,0,1,0,,,1,0,USD,0,10.25,USD,1,0,USD,0,10.25,USD,1
2026-03-22,2026-03-22,B079PYXHZM,,,,0,0,,,0,0,USD,0,276.75,USD,27,0,USD,0,276.75,USD,27
2026-03-22,2026-03-22,B079Q19YV2,,,,0,0,,,0,0,USD,0,,,,,,,,,
2026-03-22,2026-03-22,B079QB84LZ,,,,0,0,,,0,0,USD,0,48.75,USD,5,0,USD,0,48.75,USD,5
2026-03-22,2026-03-22,B079QBGJ3J,,,,0,0,,,0,0,USD,0,23.25,USD,3,0,USD,0,23.25,USD,3
2026-03-22,2026-03-22,B07B3VMB75,,,,0,0,,,0,0,USD,0,2.85,USD,1,68.4,USD,24,2.85,USD,1
2026-03-22,2026-03-22,B07B3WP8RR,,,,0,0,,,0,0,USD,0,168.06,USD,60,0,USD,0,168.06,USD,60
2026-03-22,2026-03-22,B07B41TPFM,,,16,0,0,,,0,0,USD,0,15131.13,USD,777,0,USD,0,9453.72,USD,486
2026-03-22,2026-03-22,B07CZDPPVJ,,,120,0,0,,,0,0,USD,0,1030.23,USD,287,14.4,USD,4,497.43,USD,139
2026-03-22,2026-03-22,B07CZLJ4P3,,,,0,0,,,0,0,USD,0,282.96,USD,72,0,USD,0,282.96,USD,72
2026-03-22,2026-03-22,B07D43N9HZ,,,,0,0,,,0,0,USD,0,27,USD,4,0,USD,0,27,USD,4
2026-03-22,2026-03-22,B07DQ5D9F9,,,15,0,0,,,0,0,USD,0,5370.25,USD,528,0,USD,0,3686.44,USD,369
2026-03-22,2026-03-22,B07DQFZWCL,,,12,0,0,,,0,0,USD,0,6843.58,USD,535,26.1,USD,2,1262.98,USD,99
2026-03-22,2026-03-22,B07FZPJ18V,,,1950,0,0,,,0,0,USD,0,9162.45,USD,2538,21.42,USD,6,3745.71,USD,1026
2026-03-22,2026-03-22,B07G7THY1T,,,,0,0,,,0,0,USD,0,6.89,USD,1,0,USD,0,6.89,USD,1
2026-03-22,2026-03-22,B07G7TSMWX,,,,0,0,,,0,0,USD,0,65.28,USD,8,9.09,USD,1,65.28,USD,8
2026-03-22,2026-03-22,B07G7XSTFS,,,,0,0,,,0,0,USD,0,34,USD,4,0,USD,0,34,USD,4
2026-03-22,2026-03-22,B07H78QP9M,,,,0,0,,,0,0,USD,0,24.85,USD,7,0,USD,0,24.85,USD,7
2026-03-22,2026-03-22,B07HHQHHCY,,,,0,0,,,0,0,USD,0,3992.43,USD,377,29.59,USD,3,84.72,USD,8
2026-03-22,2026-03-22,B07HHTYXDB,,,,0,0,,,0,0,USD,0,121,USD,10,0,USD,0,121,USD,10
2026-03-22,2026-03-22,B07HSFQMN7,,,,0,0,,,0,0,USD,0,709.99,USD,112,0,USD,0,531.25,USD,85
2026-03-22,2026-03-22,B07HSFZ3SG,,,,0,0,,,0,0,USD,0,103.44,USD,21,0,USD,0,103.44,USD,21
2026-03-22,2026-03-22,B07HSJ5R7V,,,1432,1.0061,0,,,0.5974,0,USD,0,698.85,USD,144,4.38,USD,1,24.46,USD,5
2026-03-22,2026-03-22,B07HSJNSJR,,,4330,1.041,0,,,0.7661,0,USD,0,5324.28,USD,1448,14.16,USD,4,3254.96,USD,892
2026-03-22,2026-03-22,B07HSN3YJL,,,1186,1.0468,20.25,,,1,20.36,USD,4,6090.94,USD,1342,13.21,USD,3,2689.68,USD,584
2026-03-22,2026-03-22,B07J9Q4XV9,,,,0,0,,,0,0,USD,0,8732.86,USD,514,0,USD,0,3448.97,USD,203
2026-03-22,2026-03-22,B07KCXK3G2,,,,0,0,,,0,0,USD,0,2.61,USD,1,0,USD,0,2.61,USD,1
2026-03-22,2026-03-22,B07KCXPL6V,,,216,1,20.25,,,1,98.4,USD,24,418.85,USD,102,0,USD,0,119.19,USD,29
2026-03-22,2026-03-22,B07KD24XBS,,,192,0,0,,,0,0,USD,0,681.35,USD,183,0,USD,0,681.35,USD,183
2026-03-22,2026-03-22,B07KD4TX3F,,,,0,0,,,0,0,USD,0,0,USD,0,0,USD,0,0,USD,0
2026-03-22,2026-03-22,B07KK6T42T,,,,0,0,,,0,0,USD,0,173.66,USD,38,0,USD,0,18.28,USD,4
2026-03-22,2026-03-22,B07KK79D6D,,,,0,0,,,0,0,USD,0,358.03,USD,43,0,USD,0,358.03,USD,43
2026-03-22,2026-03-22,B07KY1WY5P,,,,0,0,,,0,0,USD,0,38.25,USD,3,12.75,USD,1,38.25,USD,3
2026-03-22,2026-03-22,B07MG5YVJX,,,,0,0,,,0,0,USD,0,25,USD,2,0,USD,0,25,USD,2
2026-03-22,2026-03-22,B07N13SJQB,,,10,1,0,,,1,0,USD,0,4323.76,USD,424,10.2,USD,1,2436.76,USD,239
2026-03-22,2026-03-22,B07N7ZB2X1,,,1875,1,20.17,,,0.8509,56.28,USD,6,6618.08,USD,734,8.42,USD,1,3644.62,USD,417
2026-03-22,2026-03-22,B07N7ZQX9M,,,,0,0,,,0,0,USD,0,1967.5,USD,160,12.5,USD,1,1967.5,USD,160
2026-03-22,2026-03-22,B07NC89LMZ,,,,0,0,,,0,0,USD,0,36.25,USD,5,0,USD,0,36.25,USD,5
2026-03-22,2026-03-22,B07ND5CJP2,,,,0,0,,,0,0,USD,0,16.4,USD,1,0,USD,0,16.4,USD,1
2026-03-22,2026-03-22,B07NDHMKSD,,,,0,0,,,0,0,USD,0,18404.44,USD,2795,0,USD,0,18333.27,USD,2784
2026-03-22,2026-03-22,B07NDHQZ96,,,,0,0,,,0,0,USD,0,1335.12,USD,206,0,USD,0,1335.12,USD,206
2026-03-22,2026-03-22,B07NRFGZG4,,,,0,0,,,0,0,USD,0,8.52,USD,3,0,USD,0,8.52,USD,3
2026-03-22,2026-03-22,B07P928YLJ,,,,0,0,,,0,0,USD,0,14.28,USD,2,0,USD,0,14.28,USD,2
2026-03-22,2026-03-22,B07PDJ6Z9L,,,48,1,0,,,1,0,USD,0,14118.42,USD,2702,47.37,USD,9,12327.24,USD,2381
2026-03-22,2026-03-22,B07PFG1RVP,,,,0,0,,,0,0,USD,0,0,USD,0,5.18,USD,2,0,USD,0
2026-03-22,2026-03-22,B07PP8CLLB,,,39,1,0,,,1,0,USD,0,443.08,USD,53,0,USD,0,0,USD,0
2026-03-22,2026-03-22,B07PPD8Q8V,,,180,0,0,,,0,0,USD,0,36849.05,USD,4145,26.67,USD,3,8187.69,USD,921
2026-03-22,2026-03-22,B07PQHZF2Y,,,21,1,0,,,1,0,USD,0,461.52,USD,36,11.5,USD,1,0,USD,0
2026-03-22,2026-03-22,B07QB9MX8P,,,504,1,20.25,,,1,64.92,USD,12,12660.03,USD,2345,27.05,USD,5,1849.25,USD,345
2026-03-22,2026-03-22,B07QGH299S,,,,0,0,,,0,0,USD,0,17.25,USD,3,0,USD,0,17.25,USD,3
2026-03-22,2026-03-22,B07QGH4DVH,,,454,0.9792,0,,,1,0,USD,0,9660.3,USD,2477,3.9,USD,1,319.8,USD,82
2026-03-22,2026-03-22,B07QSCH73L,,,,0,0,,,0,0,USD,0,0,USD,0,191.52,USD,24,0,USD,0
2026-03-22,2026-03-22,B07R9PTGXN,,,884,0,0,,,0,0,USD,0,459.44,USD,54,8.64,USD,1,174.32,USD,21
2026-03-22,2026-03-22,B07V2LTV4R,,,,0,0,,,0,0,USD,0,3580.68,USD,319,0,USD,0,1822.18,USD,154
2026-03-22,2026-03-22,B07V5TGM2Q,,,348,1,20.25,,,1,38.28,USD,12,5488.72,USD,1754,12.57,USD,4,1460.72,USD,458
2026-03-22,2026-03-22,B07VKPJ87J,,,,0,0,,,0,0,USD,0,4811.77,USD,311,0,USD,0,1252.79,USD,77
2026-03-22,2026-03-22,B07VVDXJ98,,,,0,0,,,0,0,USD,0,218.5,USD,23,0,USD,0,218.5,USD,23
2026-03-22,2026-03-22,B07VZNYQGN,,,192,0.9714,0,,,1,0,USD,0,6126.14,USD,476,77.22,USD,6,321.77,USD,25
2026-03-22,2026-03-22,B07VZPCHCV,,,,0,0,,,0,0,USD,0,1528.51,USD,131,0,USD,0,1186.69,USD,104
2026-03-22,2026-03-22,B07WZW46JX,,,832,1,0,,,1,0,USD,0,33354.88,USD,3003,131.16,USD,12,7423.04,USD,671
2026-03-22,2026-03-22,B07XZW9ZBM,,,0,0,0,,,0,0,USD,0,,,,,,,,,
2026-03-22,2026-03-22,B07XZWFKMB,,,,0,0,,,0,0,USD,0,20.76,USD,4,5.19,USD,1,20.76,USD,4
2026-03-22,2026-03-22,B07XZX6HXF,,,174,1,0,,,1,0,USD,0,1374.7,USD,233,11.8,USD,2,295,USD,50
2026-03-22,2026-03-22,B07ZK4RFHD,,,168,1.0105,0,,,0.8629,0,USD,0,3958.8,USD,846,14.04,USD,3,3865.2,USD,826
2026-03-22,2026-03-22,B07ZK55B22,,,,0,0,,,0,0,USD,0,14.68,USD,4,0,USD,0,14.68,USD,4
2026-03-22,2026-03-22,B07ZK55SVC,,,220,1,0,,,1,0,USD,0,4282.88,USD,256,0,USD,0,150.57,USD,9
2026-03-22,2026-03-22,B07ZK55T38,,,222,1,0,,,1,0,USD,0,9200.28,USD,1608,5.81,USD,1,1591.58,USD,298
2026-03-22,2026-03-22,B07ZK596HV,,,0,1,0,,,1,0,USD,0,2295.4,USD,339,0,USD,0,758.6,USD,113
2026-03-22,2026-03-22,B07ZWDGT79,,,108,0.9846,0,,,1,0,USD,0,6379.35,USD,599,21.3,USD,2,1139.55,USD,107
2026-03-22,2026-03-22,B0849HCYJ6,,,,0,0,,,0,0,USD,0,8972.81,USD,857,21.46,USD,2,448.19,USD,43
2026-03-22,2026-03-22,B084C5XNYT,,,,0,0,,,0,0,USD,0,96.3,USD,18,5.35,USD,1,96.3,USD,18
2026-03-22,2026-03-22,B084DC7GR8,,,27,1,0,,,1,0,USD,0,2362.72,USD,249,28.62,USD,3,1876.18,USD,198
2026-03-22,2026-03-22,B084DCY6Q6,,,,0,0,,,0,0,USD,0,28.14,USD,2,0,USD,0,28.14,USD,2
2026-03-22,2026-03-22,B084DZ44KR,,,,0,0,,,0,0,USD,0,209.29,USD,19,0,USD,0,86.77,USD,8
2026-03-22,2026-03-22,B084DZ9YKG,,,12,1,0,,,1,0,USD,0,2068.4,USD,162,0,USD,0,1180.8,USD,90
2026-03-22,2026-03-22,B084DZC34B,,,76,1,20.25,,,1,40.68,USD,4,2787.09,USD,279,20.36,USD,2,2075.12,USD,209
2026-03-22,2026-03-22,B084DZFGZ6,,,824,0.9986,20.25,,,1,35.56,USD,4,7893.76,USD,889,124.46,USD,14,2328.97,USD,263
2026-03-22,2026-03-22,B085H7SDHD,,,,0,0,,,0,0,USD,0,267.19,USD,55,0,USD,0,267.19,USD,55
2026-03-22,2026-03-22,B0866QQHH8,,,18,0,0,,,0,0,USD,0,212.85,USD,47,0,USD,0,79.2,USD,20
2026-03-22,2026-03-22,B0866S52S1,,,,0,0,,,0,0,USD,0,5.2,USD,1,0,USD,0,5.2,USD,1
2026-03-22,2026-03-22,B086W79KK2,,,0,1,0,,,1,0,USD,0,,,,,,,,,
2026-03-22,2026-03-22,B0875Z9QNV,,,16,0,0,,,0,0,USD,0,346.92,USD,34,10.5,USD,1,105.42,USD,11
2026-03-22,2026-03-22,B087F2K7NY,,,,0,0,,,0,0,USD,0,22.56,USD,3,7.11,USD,1,22.56,USD,3
2026-03-22,2026-03-22,B087F3B6NN,,,,0,0,,,0,0,USD,0,33.08,USD,8,0,USD,0,33.08,USD,8
2026-03-22,2026-03-22,B0888XDN6R,,,,0,0,,,0,0,USD,0,15.45,USD,3,0,USD,0,15.45,USD,3
2026-03-22,2026-03-22,B0888XPMP5,,,,0,0,,,0,0,USD,0,24.66,USD,6,0,USD,0,24.66,USD,6
2026-03-22,2026-03-22,B0889H4NWW,,,,0,0,,,0,0,USD,0,1071.51,USD,191,28.05,USD,5,1071.51,USD,191
2026-03-22,2026-03-22,B089DN6RSH,,,102,0,0,,,0,0,USD,0,3310.89,USD,426,8.08,USD,1,1466.01,USD,195
2026-03-22,2026-03-22,B08B42NJG2,,,,0,0,,,0,0,USD,0,0,USD,0,37.05,USD,3,0,USD,0
2026-03-22,2026-03-22,B08B42P9JQ,,,48,0,0,,,0,0,USD,0,1092.93,USD,121,18.22,USD,2,719.42,USD,80
2026-03-22,2026-03-22,B08B43Y7DK,,,88,0,0,,,0,0,USD,0,1317.72,USD,139,0,USD,0,1317.72,USD,139
2026-03-22,2026-03-22,B08CJZBFG6,,,30,0,0,,,0,0,USD,0,182.35,USD,27,0,USD,0,42.9,USD,6
2026-03-22,2026-03-22,B08CK2F4SL,,,,0,0,,,0,0,USD,0,2019.66,USD,591,0,USD,0,1716.63,USD,503
2026-03-22,2026-03-22,B08CK3G9NT,,,4,0,0,,,0,0,USD,0,84.6,USD,10,0,USD,0,47,USD,6
2026-03-22,2026-03-22,B08CK5L53L,,,,0,0,,,0,0,USD,0,1987.34,USD,590,0,USD,0,1952.9,USD,580
2026-03-22,2026-03-22,B08CWRNH2J,,,8,1,0,,,1,0,USD,0,74.25,USD,15,0,USD,0,0,USD,0
2026-03-22,2026-03-22,B08CWXNRGR,,,92,1,0,,,1,0,USD,0,1813.99,USD,188,0,USD,0,1410.31,USD,144
2026-03-22,2026-03-22,B08CX14HLP,,,412,0,0,,,0,0,USD,0,14380.5,USD,1440,0,USD,0,3813.06,USD,394
2026-03-22,2026-03-22,B08CX5168M,,,,0,0,,,0,0,USD,0,473.97,USD,55,0,USD,0,473.97,USD,55
2026-03-22,2026-03-22,B08CX9FXD2,,,164,0,0,,,0,0,USD,0,938.18,USD,122,7.69,USD,1,207.63,USD,27
2026-03-22,2026-03-22,B08CXCHTB8,,,,0,0,,,0,0,USD,0,846.61,USD,73,0,USD,0,846.61,USD,73
2026-03-22,2026-03-22,B08FPBY5P2,,,132,1.25,0,,,0.8,0,USD,0,26956.25,USD,4313,6.25,USD,1,26931.25,USD,4309
2026-03-22,2026-03-22,B08FPMQXZQ,,,,0,0,,,0,0,USD,0,781.02,USD,54,0,USD,0,533.16,USD,36
2026-03-22,2026-03-22,B08FPS18T7,,,24,0,0,,,0,0,USD,0,,,,,,,,,
2026-03-22,2026-03-22,B08FPTD1CB,,,,0,0,,,0,0,USD,0,1162.66,USD,160,0,USD,0,699.95,USD,97
2026-03-22,2026-03-22,B08FPTFQYS,,,,0,0,,,0,0,USD,0,24.18,USD,3,0,USD,0,24.18,USD,3
2026-03-22,2026-03-22,B08FZ11BZL,,,220,0,0,,,0,0,USD,0,2408.28,USD,183,0,USD,0,1934.52,USD,147
2026-03-22,2026-03-22,B08GTQQTP8,,,,0,0,,,0,0,USD,0,10,USD,1,0,USD,0,10,USD,1
2026-03-22,2026-03-22,B08GTTT2K1,,,384,0.9286,20.25,,,1,135.36,USD,36,7756,USD,2066,33.46,USD,9,5364.64,USD,1430
2026-03-22,2026-03-22,B08GV37D8S,,,12,1,0,,,1,0,USD,0,431.32,USD,66,6.56,USD,1,195.16,USD,30
2026-03-22,2026-03-22,B08GYLV34K,,,5,0,0,,,0,0,USD,0,17595.71,USD,2125,16.9,USD,2,7312.06,USD,866
2026-03-22,2026-03-22,B08KKCPW4P,,,1,0,0,,,0,0,USD,0,961.87,USD,227,3.84,USD,1,653.03,USD,159
2026-03-22,2026-03-22,B08L71ZHJ3,,,2,0,0,,,0,0,USD,0,185.06,USD,39,0,USD,0,134.66,USD,29
2026-03-22,2026-03-22,B08L72XJHR,,,,0,0,,,0,0,USD,0,87.76,USD,8,0,USD,0,87.76,USD,8
2026-03-22,2026-03-22,B08L75B7FN,,,,0,0,,,0,0,USD,0,110.88,USD,22,0,USD,0,70.56,USD,14
2026-03-22,2026-03-22,B08LDZSZV6,,,,0,0,,,0,0,USD,0,0,USD,0,0,USD,0,0,USD,0
2026-03-22,2026-03-22,B08LF3MRPH,,,217,0.9832,0,,,1,0,USD,0,2744.55,USD,186,0,USD,0,339.75,USD,26
2026-03-22,2026-03-22,B08LF4MJ43,,,331,0.8034,0,,,1,0,USD,0,5251.81,USD,409,77.43,USD,6,455.56,USD,34
2026-03-22,2026-03-22,B08M95FCZK,,,,0,0,,,0,0,USD,0,359.3,USD,51,0,USD,0,344.12,USD,49
2026-03-22,2026-03-22,B08M9M9R5X,,,30,0,0,,,0,0,USD,0,826.2,USD,60,0,USD,0,440.64,USD,32
2026-03-22,2026-03-22,B08M9S4PMZ,,,,0,0,,,0,0,USD,0,6.75,USD,1,0,USD,0,6.75,USD,1
2026-03-22,2026-03-22,B08NDXWPPW,,,154,1,0,,,1,0,USD,0,10917.38,USD,1244,0,USD,0,463.84,USD,52
2026-03-22,2026-03-22,B08PN58K6M,,,457,1,20.25,,,1,86.16,USD,24,8158.14,USD,2341,31.94,USD,9,4895.2,USD,1432
2026-03-22,2026-03-22,B08PQ87PMF,,,,0,0,,,0,0,USD,0,9.4,USD,1,0,USD,0,9.4,USD,1
2026-03-22,2026-03-22,B08QQL8KZG,,,84,1,20.25,,,1,82.68,USD,12,3401.79,USD,522,6.19,USD,1,2375.18,USD,373
2026-03-22,2026-03-22,B08QQRFQNC,,,6310,0,0,,,0,0,USD,0,1886.04,USD,338,11.16,USD,2,0,USD,0
2026-03-22,2026-03-22,B08QR6G349,,,-95,0,0,,,0,0,USD,0,8286.26,USD,1536,104.28,USD,19,4063.5,USD,746
2026-03-22,2026-03-22,B08QR6GSY8,,,120,1,20.17,,,1,21.66,USD,6,4632.74,USD,1320,7.22,USD,2,3165.69,USD,913
2026-03-22,2026-03-22,B08QR7L5RW,,,,0,0,,,0,0,USD,0,62.39,USD,17,0,USD,0,62.39,USD,17
2026-03-22,2026-03-22,B08QRCDL4N,,,90,1.0088,0,,,1,0,USD,0,714.78,USD,198,0,USD,0,296.02,USD,82
2026-03-22,2026-03-22,B08QVB5H5Z,,,,0,0,,,0,0,USD,0,348.72,USD,98,0,USD,0,300.36,USD,85
2026-03-22,2026-03-22,B08R5J8Z28,,,,0,0,,,0,0,USD,0,149.33,USD,34,0,USD,0,55.67,USD,13
2026-03-22,2026-03-22,B08RRWMYVF,,,,0,0,,,0,0,USD,0,0,USD,0,37.44,USD,12,0,USD,0
2026-03-22,2026-03-22,B08RRYYGC2,,,,0,0,,,0,0,USD,0,0,USD,0,3.12,USD,1,0,USD,0
2026-03-22,2026-03-22,B08SYYQ9R9,,,,0,0,,,0,0,USD,0,0,USD,0,92.24,USD,4,0,USD,0
2026-03-22,2026-03-22,B08WYQFF3M,,,,0,0,,,0,0,USD,0,5.58,USD,1,0,USD,0,5.58,USD,1
2026-03-22,2026-03-22,B091YDV22K,,,7,0.9899,0,,,1,0,USD,0,10620.58,USD,608,87.36,USD,5,3143.4,USD,180
2026-03-22,2026-03-22,B0932TB3Z6,,,444,0.9892,20.25,,,1,60.2,USD,4,9902.9,USD,658,45.15,USD,3,45.15,USD,3
2026-03-22,2026-03-22,B093MTGKXC,,,,0,0,,,0,0,USD,0,3110.39,USD,370,0,USD,0,1372.45,USD,160
2026-03-22,2026-03-22,B094PHGQ1G,,,,0,0,,,0,0,USD,0,952,USD,136,7,USD,1,420,USD,60
2026-03-22,2026-03-22,B097WQ7ZK3,,,,0,0,,,0,0,USD,0,5.55,USD,1,0,USD,0,5.55,USD,1
2026-03-22,2026-03-22,B097WZB6NW,,,,0,0,,,0,0,USD,0,64.35,USD,9,0,USD,0,64.35,USD,9
2026-03-22,2026-03-22,B0992QXNP6,,,,0,0,,,0,0,USD,0,228,USD,12,0,USD,0,228,USD,12
2026-03-22,2026-03-22,B0992V3RFP,,,,0,0,,,0,0,USD,0,19.8,USD,1,0,USD,0,19.8,USD,1
2026-03-22,2026-03-22,B099DSPZ99,,,,0,0,,,0,0,USD,0,2629.44,USD,212,0,USD,0,2629.44,USD,212
2026-03-22,2026-03-22,B099NXFTK2,,,,0,0,,,0,0,USD,0,169.8,USD,8,0,USD,0,169.8,USD,8
2026-03-22,2026-03-22,B099VXHYMC,,,,0,0,,,0,0,USD,0,990.36,USD,84,11.95,USD,1,990.36,USD,84
2026-03-22,2026-03-22,B09CQYL1J9,,,,0,0,,,0,0,USD,0,1032.41,USD,77,0,USD,0,1032.41,USD,77
2026-03-22,2026-03-22,B09CR5RX65,,,,0,0,,,0,0,USD,0,7235.2,USD,807,26.02,USD,3,3353.44,USD,367
2026-03-22,2026-03-22,B09CR6BDW3,,,,0,0,,,0,0,USD,0,268.56,USD,26,0,USD,0,118.2,USD,10
2026-03-22,2026-03-22,B09CR6YVHS,,,,0,0,,,0,0,USD,0,46.14,USD,6,0,USD,0,46.14,USD,6
2026-03-22,2026-03-22,B09CR7N6X7,,,,0,0,,,0,0,USD,0,15,USD,2,0,USD,0,15,USD,2
2026-03-22,2026-03-22,B09CR89VFM,,,,0,0,,,0,0,USD,0,84,USD,10,0,USD,0,84,USD,10
2026-03-22,2026-03-22,B09CR8L4CG,,,,0,0,,,0,0,USD,0,653.44,USD,86,7.69,USD,1,653.44,USD,86
2026-03-22,2026-03-22,B09CR9G46J,,,0,1,0,,,1,0,USD,0,1468.51,USD,150,0,USD,0,1468.51,USD,150
2026-03-22,2026-03-22,B09CRCN6PJ,,,,0,0,,,0,0,USD,0,320.6,USD,34,0,USD,0,84.35,USD,9
2026-03-22,2026-03-22,B09CRDVHZ6,,,18,0,0,,,0,0,USD,0,2703.88,USD,306,17.72,USD,2,577.48,USD,66
2026-03-22,2026-03-22,B09CRJYDM4,,,,0,0,,,0,0,USD,0,374.14,USD,26,0,USD,0,0,USD,0
2026-03-22,2026-03-22,B09CRJYF7N,,,48,1,20.25,,,1,199.32,USD,12,2026.42,USD,122,33.22,USD,2,16.61,USD,1
2026-03-22,2026-03-22,B09DF5T7VC,,,,0,0,,,0,0,USD,0,31.35,USD,3,0,USD,0,0,USD,0
2026-03-22,2026-03-22,B09FG6YKK1,,,,0,0,,,0,0,USD,0,1411.11,USD,253,6.45,USD,1,1411.11,USD,253
2026-03-22,2026-03-22,B09FG6YP43,,,,0,0,,,0,0,USD,0,104.04,USD,18,0,USD,0,104.04,USD,18
2026-03-22,2026-03-22,B09FG78TY3,,,,0,0,,,0,0,USD,0,0,USD,0,22.5,USD,3,0,USD,0
2026-03-22,2026-03-22,B09FG7H2P6,,,,0,0,,,0,0,USD,0,2552.31,USD,332,0,USD,0,2413.53,USD,314
2026-03-22,2026-03-22,B09FG7PLZK,,,,0,0,,,0,0,USD,0,673.66,USD,63,0,USD,0,673.66,USD,63
2026-03-22,2026-03-22,B09FG7VZ6B,,,4,0,0,,,0,0,USD,0,288.75,USD,21,0,USD,0,0,USD,0
2026-03-22,2026-03-22,B09FG815Q8,,,,0,0,,,0,0,USD,0,44.6,USD,4,11.15,USD,1,44.6,USD,4
2026-03-22,2026-03-22,B09FG8179S,,,24,0,0,,,0,0,USD,0,751.68,USD,58,0,USD,0,609.12,USD,47
2026-03-22,2026-03-22,B09FG88MKW,,,480,0,20.25,,,0,181.92,USD,24,10280.8,USD,1388,53.06,USD,7,3467.16,USD,489
2026-03-22,2026-03-22,B09FG8LF87,,,,0,0,,,0,0,USD,0,8.1,USD,1,0,USD,0,8.1,USD,1
2026-03-22,2026-03-22,B09FG92BCJ,,,48,0,0,,,0,0,USD,0,0,USD,0,10.14,USD,1,0,USD,0
2026-03-22,2026-03-22,B09FG9GV5X,,,,0,0,,,0,0,USD,0,9.8,USD,1,0,USD,0,9.8,USD,1
2026-03-22,2026-03-22,B09FGB8TQ4,,,,0,0,,,0,0,USD,0,102.81,USD,11,0,USD,0,102.81,USD,11
2026-03-22,2026-03-22,B09GPW9NXL,,,204,1,0,,,1,0,USD,0,6.8,USD,1,0,USD,0,6.8,USD,1
2026-03-22,2026-03-22,B09GPYFHY7,,,8,0,0,,,0,0,USD,0,8715.59,USD,647,0,USD,0,1202.43,USD,88
2026-03-22,2026-03-22,B09GPYH76H,,,345,1.0769,20.25,,,1,33.44,USD,4,9823,USD,1175,24.22,USD,3,468.16,USD,56
2026-03-22,2026-03-22,B09JBDPC2P,,,4,1,0,,,1,0,USD,0,1688.75,USD,175,9.65,USD,1,135.1,USD,14
2026-03-22,2026-03-22,B09JBDTVK5,,,,0,0,,,0,0,USD,0,116.73,USD,14,0,USD,0,40.05,USD,5
2026-03-22,2026-03-22,B09JBDXBQF,,,,0,0,,,0,0,USD,0,1442.33,USD,109,0,USD,0,1384.37,USD,105
2026-03-22,2026-03-22,B09JBFTDN8,,,,0,0,,,0,0,USD,0,1436.34,USD,122,0,USD,0,773.1,USD,67
2026-03-22,2026-03-22,B09JBHSP2P,,,,0,0,,,0,0,USD,0,13.5,USD,2,0,USD,0,13.5,USD,2
2026-03-22,2026-03-22,B09JBNHVFZ,,,7129,1,20.25,,,1,124.8,USD,12,112912.8,USD,10857,520,USD,50,20571.2,USD,1978
2026-03-22,2026-03-22,B09JBY6LML,,,12,0,0,,,0,0,USD,0,114.84,USD,18,6.38,USD,1,0,USD,0
2026-03-22,2026-03-22,B09LC5T863,,,,0,0,,,0,0,USD,0,0,USD,0,224.45,USD,54,0,USD,0
2026-03-22,2026-03-22,B09LCDRS5G,,,,0,0,,,0,0,USD,0,2918.65,USD,328,0,USD,0,1589.53,USD,175
2026-03-22,2026-03-22,B09LCF8RNW,,,,0,0,,,0,0,USD,0,540.15,USD,39,0,USD,0,540.15,USD,39
2026-03-22,2026-03-22,B09LCJZPRS,,,,0,0,,,0,0,USD,0,0,USD,0,792,USD,88,0,USD,0
2026-03-22,2026-03-22,B09LCNC5R5,,,,0,0,,,0,0,USD,0,3171,USD,175,0,USD,0,924.12,USD,51
2026-03-22,2026-03-22,B09LCP82TF,,,,0,0,,,0,0,USD,0,66.75,USD,10,7.07,USD,1,27.5,USD,5
2026-03-22,2026-03-22,B09LCQ8H4Y,,,,0,0,,,0,0,USD,0,1500.68,USD,159,0,USD,0,1472.64,USD,156
2026-03-22,2026-03-22,B09LCQHYQP,,,,0,0,,,0,0,USD,0,70.65,USD,9,0,USD,0,7.85,USD,1
2026-03-22,2026-03-22,B09NZ6ZVZ4,,,30,0,0,,,0,0,USD,0,527.88,USD,48,0,USD,0,185.02,USD,17
2026-03-22,2026-03-22,B09NZHD4YK,,,1133,1.04,20.25,,,0.7706,19.4,USD,4,1424.45,USD,297,33.45,USD,7,153.75,USD,35
2026-03-22,2026-03-22,B09NZN6W3L,,,48,1,0,,,1,0,USD,0,589.11,USD,178,0,USD,0,42.63,USD,12
2026-03-22,2026-03-22,B09NZNBZ7N,,,80,1,20.25,,,1,29.2,USD,4,2882.75,USD,395,7.3,USD,1,904.45,USD,124
2026-03-22,2026-03-22,B09PGV61BW,,,180,1,20.25,,,1,37.96,USD,4,24924.25,USD,2734,46.48,USD,5,18930.66,USD,2101
2026-03-22,2026-03-22,B09PGVGCH5,,,1968,0.9881,0,,,0.8482,0,USD,0,214745.8,USD,57600,294.67,USD,79,210254.42,USD,56394
2026-03-22,2026-03-22,B09PGVLVHL,,,932,1,20.25,,,1,40.28,USD,4,41530.2,USD,4125,60.42,USD,6,36545.55,USD,3630
2026-03-22,2026-03-22,B09PGVSD2N,,,,0,0,,,0,0,USD,0,182.32,USD,62,0,USD,0,182.32,USD,62
2026-03-22,2026-03-22,B09PGVTTZ1,,,96,0,0,,,0,0,USD,0,8333.79,USD,2279,60.33,USD,17,4752.99,USD,1319
2026-03-22,2026-03-22,B09PGVZ5TJ,,,0,0,0,,,0,0,USD,0,114255.07,USD,35965,53.75,USD,17,109535.75,USD,34481
2026-03-22,2026-03-22,B09PGWQBB5,,,6,0,0,,,0,0,USD,0,8.84,USD,2,4.2,USD,1,8.84,USD,2
2026-03-22,2026-03-22,B09PRTHHQS,,,,0,0,,,0,0,USD,0,206,USD,26,0,USD,0,126,USD,18
2026-03-22,2026-03-22,B09PRTNMC5,,,,0,0,,,0,0,USD,0,7.5,USD,1,7.5,USD,1,7.5,USD,1
2026-03-22,2026-03-22,B09PRV1LVQ,,,12,1,0,,,1,0,USD,0,221.25,USD,34,7.5,USD,1,183.75,USD,29
2026-03-22,2026-03-22,B09QQWS4M5,,,,0,0,,,0,0,USD,0,12459,USD,1427,27.93,USD,3,7544.02,USD,886
2026-03-22,2026-03-22,B09QRB8SYX,,,,0,0,,,0,0,USD,0,171,USD,19,0,USD,0,171,USD,19
2026-03-22,2026-03-22,B09QRBBFQX,,,,0,0,,,0,0,USD,0,5.65,USD,1,0,USD,0,5.65,USD,1
2026-03-22,2026-03-22,B09QRCV9S8,,,,0,0,,,0,0,USD,0,15159.17,USD,1931,32.77,USD,4,12468.84,USD,1611
2026-03-22,2026-03-22,B09QRD7TLX,,,,0,0,,,0,0,USD,0,23,USD,4,0,USD,0,23,USD,4
2026-03-22,2026-03-22,B09QRD8WCF,,,,0,0,,,0,0,USD,0,7.02,USD,1,0,USD,0,7.02,USD,1
2026-03-22,2026-03-22,B09QRFPLD1,,,1021,0.9931,20.25,,,0.7908,97,USD,20,1358.6,USD,286,9.7,USD,2,247.95,USD,57
2026-03-22,2026-03-22,B09QRHSWLG,,,40,0.96,0,,,1,0,USD,0,5543.94,USD,1038,16.04,USD,3,3644,USD,707
2026-03-22,2026-03-22,B09QRK2MSL,,,,0,0,,,0,0,USD,0,9008.36,USD,1025,7.9,USD,1,6975.43,USD,794
2026-03-22,2026-03-22,B09QRL5W33,,,,0,0,,,0,0,USD,0,10098.5,USD,1957,36.15,USD,7,9030.3,USD,1761
2026-03-22,2026-03-22,B09QRLZN89,,,,0,0,,,0,0,USD,0,4501.63,USD,1175,162.11,USD,43,3645.75,USD,955
2026-03-22,2026-03-22,B09QRMYDK6,,,,0,0,,,0,0,USD,0,20641.4,USD,2125,66.38,USD,7,16727.08,USD,1730
2026-03-22,2026-03-22,B09QRN4RMC,,,212,1,0,,,1,0,USD,0,4266.38,USD,458,0,USD,0,3837.67,USD,415
2026-03-22,2026-03-22,B09QRP863Z,,,156,0.9848,0,,,1,0,USD,0,5211.89,USD,817,19.23,USD,3,4301.67,USD,675
2026-03-22,2026-03-22,B09QRS3DXV,,,,0,0,,,0,0,USD,0,36.3,USD,3,0,USD,0,0,USD,0
2026-03-22,2026-03-22,B09QRTDTK3,,,32,1,20.25,,,1,17.16,USD,4,594.55,USD,139,0,USD,0,15.4,USD,4
2026-03-22,2026-03-22,B09QRTSFY4,,,0,1,0,,,1,0,USD,0,189.9,USD,47,68.55,USD,19,144.14,USD,36
2026-03-22,2026-03-22,B09S27RTMF,,,,0,0,,,0,0,USD,0,2005.52,USD,200,0,USD,0,1470.75,USD,147
2026-03-22,2026-03-22,B09S28QYQ5,,,,0,0,,,0,0,USD,0,5728.8,USD,447,13.1,USD,1,4667.7,USD,366
2026-03-22,2026-03-22,B09S2FJRL1,,,0,0.6667,0,,,1,0,USD,0,65802.83,USD,8103,64.38,USD,8,65519.92,USD,8067
2026-03-22,2026-03-22,B09Y2DCH6Z,,,,0,0,,,0,0,USD,0,2191.6,USD,198,0,USD,0,1255,USD,114
2026-03-22,2026-03-22,B09Y2DHRB8,,,,0,0,,,0,0,USD,0,5135.82,USD,527,9.5,USD,1,3776.25,USD,398
2026-03-22,2026-03-22,B09Y2DHRBC,,,36,1,20.25,,,1,111.44,USD,8,2907.21,USD,209,26.44,USD,2,1402.18,USD,101
2026-03-22,2026-03-22,B09Y2DSNDZ,,,24,0,0,,,0,0,USD,0,658.8,USD,55,0,USD,0,10.8,USD,1
2026-03-22,2026-03-22,B09Y2GP7T7,,,,0,0,,,0,0,USD,0,2406.63,USD,206,22.91,USD,2,420.88,USD,37
2026-03-22,2026-03-22,B0B6GJ6WJX,,,84,1.0833,0,,,1,0,USD,0,1297.61,USD,261,0,USD,0,796.61,USD,169
2026-03-22,2026-03-22,B0B6GKT49Q,,,,0,0,,,0,0,USD,0,1112.25,USD,100,0,USD,0,662.25,USD,64
2026-03-22,2026-03-22,B0B6GL64PW,,,,0,0,,,0,0,USD,0,133.8,USD,30,0,USD,0,124.88,USD,28
2026-03-22,2026-03-22,B0B6GL6WJM,,,420,1,0,,,1,0,USD,0,12771.68,USD,2318,55.1,USD,10,2644.3,USD,480
2026-03-22,2026-03-22,B0B9HTM5GG,,,35,1,0,,,1,0,USD,0,3672.2,USD,388,17.98,USD,2,1370.67,USD,145
2026-03-22,2026-03-22,B0BG66QWF3,,,,0,0,,,0,0,USD,0,536.61,USD,54,0,USD,0,517.03,USD,52
2026-03-22,2026-03-22,B0C6FWJSYY,,,154,1,0,,,1,0,USD,0,3175.6,USD,508,0,USD,0,208.36,USD,34
2026-03-22,2026-03-22,B0C6FX7KC9,,,,0,0,,,0,0,USD,0,324.24,USD,59,6,USD,1,120,USD,20
2026-03-22,2026-03-22,B0C6FXGD4Q,,,24,1,20.25,,,1,43.28,USD,4,2206.17,USD,204,10.82,USD,1,702.19,USD,65
2026-03-22,2026-03-22,B0C6FXMLXQ,,,,0,0,,,0,0,USD,0,0,USD,0,641.52,USD,81,0,USD,0
2026-03-22,2026-03-22,B0C6FXN4FM,,,32,0,0,,,0,0,USD,0,920.4,USD,60,0,USD,0,122.72,USD,8
2026-03-22,2026-03-22,B0C6FXNMS6,,,0,1,0,,,1,0,USD,0,3723.03,USD,325,0,USD,0,780.55,USD,67
2026-03-22,2026-03-22,B0C6FXP2FS,,,,0,0,,,0,0,USD,0,2603.07,USD,189,14.69,USD,1,860.82,USD,64
2026-03-22,2026-03-22,B0C6FXV47T,,,,0,0,,,0,0,USD,0,2623.62,USD,280,10.32,USD,1,685.1,USD,71
2026-03-22,2026-03-22,B0C6FXVWNP,,,,0,0,,,0,0,USD,0,0,USD,0,682.32,USD,104,0,USD,0
2026-03-22,2026-03-22,B0C6FY4MWC,,,0,1,0,,,1,0,USD,0,5175.27,USD,495,0,USD,0,3843.04,USD,368
2026-03-22,2026-03-22,B0C6FY722F,,,,0,0,,,0,0,USD,0,8785.19,USD,1345,13.1,USD,2,7475.19,USD,1145
2026-03-22,2026-03-22,B0C6FY95QT,,,,0,0,,,0,0,USD,0,436.54,USD,71,0,USD,0,183.08,USD,30
2026-03-22,2026-03-22,B0C6FY997J,,,,0,0,,,0,0,USD,0,5654.86,USD,829,6.95,USD,1,3543.16,USD,510
2026-03-22,2026-03-22,B0C6FYN14M,,,,0,0,,,0,0,USD,0,1121.33,USD,193,0,USD,0,34.86,USD,6
2026-03-22,2026-03-22,B0C6FYTP23,,,66,1,0,,,1,0,USD,0,3872.62,USD,214,36.7,USD,2,789.05,USD,43
2026-03-22,2026-03-22,B0C6FYX7YZ,,,,0,0,,,0,0,USD,0,8386.9,USD,1083,0,USD,0,3793.74,USD,511
2026-03-22,2026-03-22,B0C6FYZFRG,,,0,1,0,,,1,0,USD,0,2457.53,USD,201,0,USD,0,460.78,USD,38
2026-03-22,2026-03-22,B0C6FZ355R,,,4,0,0,,,0,0,USD,0,168.02,USD,11,0,USD,0,70.7,USD,5
2026-03-22,2026-03-22,B0C6FZ4MCH,,,,0,0,,,0,0,USD,0,409.51,USD,75,10.51,USD,2,318.31,USD,56
2026-03-22,2026-03-22,B0C6FZPJ61,,,28,0,0,,,0,0,USD,0,1648.31,USD,244,0,USD,0,215.49,USD,31
2026-03-22,2026-03-22,B0C6G1VP7W,,,,0,0,,,0,0,USD,0,77.5,USD,5,0,USD,0,77.5,USD,5
2026-03-22,2026-03-22,B0C7DGWFP2,,,,0,0,,,0,0,USD,0,146.16,USD,21,0,USD,0,146.16,USD,21
2026-03-22,2026-03-22,B0CBSX59GF,,,1176,1.5,0,,,1,0,USD,0,11021.52,USD,2417,4.56,USD,1,2102.16,USD,461
2026-03-22,2026-03-22,B0CDYF5SM1,,,1153,1.0021,0,,,1,0,USD,0,16896.44,USD,5428,27.99,USD,9,9453.9,USD,3042
2026-03-22,2026-03-22,B0CDYFSR39,,,,0,0,,,0,0,USD,0,2.13,USD,1,0,USD,0,2.13,USD,1
2026-03-22,2026-03-22,B0CDYHBJ37,,,,0,0,,,0,0,USD,0,1245.92,USD,364,3.27,USD,1,847.03,USD,251
2026-03-22,2026-03-22,B0CDYM2XMN,,,,0,0,,,0,0,USD,0,27258.33,USD,3308,0,USD,0,27163.71,USD,3297
2026-03-22,2026-03-22,B0CDYPF958,,,12,1,0,,,1,0,USD,0,1927.33,USD,356,17.21,USD,3,389.45,USD,83
2026-03-22,2026-03-22,B0CDYRLZ8X,,,,0,0,,,0,0,USD,0,587.4,USD,66,0,USD,0,587.4,USD,66
2026-03-22,2026-03-22,B0CDYRRGQ3,,,,0,0,,,0,0,USD,0,0,USD,0,123,USD,12,0,USD,0
2026-03-22,2026-03-22,B0CDYSG4BC,,,248,1,20.25,,,1,28.24,USD,4,9706.42,USD,1383,28.24,USD,4,4150.16,USD,596
2026-03-22,2026-03-22,B0CDYVK9JZ,,,,0,0,,,0,0,USD,0,1014.84,USD,161,0,USD,0,814.14,USD,131
2026-03-22,2026-03-22,B0CDYW89T8,,,12,0,0,,,0,0,USD,0,22011.53,USD,2165,10.38,USD,1,17278.25,USD,1709
2026-03-22,2026-03-22,B0CDYWRTWJ,,,28,0,0,,,0,0,USD,0,1009.41,USD,105,0,USD,0,813.52,USD,86
2026-03-22,2026-03-22,B0CDYZ3M42,,,,0,0,,,0,0,USD,0,8271.99,USD,2847,19.75,USD,7,8130.39,USD,2799
2026-03-22,2026-03-22,B0CDYZN632,,,,0,0,,,0,0,USD,0,6938.25,USD,595,12.1,USD,1,5268.45,USD,457
2026-03-22,2026-03-22,B0CDZ2V4S7,,,2118,1.0049,0,,,1,0,USD,0,20415.28,USD,7452,195.88,USD,73,11370.2,USD,4150
2026-03-22,2026-03-22,B0CDZ2W2MV,,,108,0,20.25,,,0,264.32,USD,32,16066.18,USD,1960,49.56,USD,6,14082.1,USD,1719
2026-03-22,2026-03-22,B0CN7C211F,,,,0,0,,,0,0,USD,0,20571.44,USD,6164,6.34,USD,2,6305.34,USD,1892
2026-03-22,2026-03-22,B0CN7CJ61R,,,,0,0,,,0,0,USD,0,11113.44,USD,2432,13.95,USD,3,9375.45,USD,2057
2026-03-22,2026-03-22,B0CN7DM51G,,,48,0.9907,27.08,,,1,55.68,USD,12,3295.05,USD,754,17.62,USD,4,1991.68,USD,473
2026-03-22,2026-03-22,B0CN7DWBSW,,,519,0.9514,0,,,1,0,USD,0,10409.84,USD,812,12.82,USD,1,243.58,USD,19
2026-03-22,2026-03-22,B0CN7DWWFP,,,300,1.002,0,,,1,0,USD,0,18160.62,USD,3918,59.97,USD,13,579.45,USD,137
2026-03-22,2026-03-22,B0CN7DWWVM,,,12,0,0,,,0,0,USD,0,3079.24,USD,994,3,USD,1,2016,USD,672
2026-03-22,2026-03-22,B0CN7F4B9Z,,,36,1,20.25,,,1,55.68,USD,12,8045.38,USD,1756,12.98,USD,3,1229.69,USD,287
2026-03-22,2026-03-22,B0CN7F4PKC,,,,0,0,,,0,0,USD,0,18834.06,USD,4062,23.25,USD,5,15044.31,USD,3247
2026-03-22,2026-03-22,B0CN7FLF5T,,,48,1.0139,0,,,1,0,USD,0,5576.94,USD,1673,6.34,USD,2,119.72,USD,39
2026-03-22,2026-03-22,B0CN7FQ8V5,,,,0,0,,,0,0,USD,0,1787.16,USD,593,0,USD,0,1548,USD,516
2026-03-22,2026-03-22,B0CN7FVF7W,,,,0,0,,,0,0,USD,0,32537.13,USD,5911,60.61,USD,11,30877.03,USD,5609
2026-03-22,2026-03-22,B0CN7G1D22,,,,0,0,,,0,0,USD,0,104563,USD,8700,152.64,USD,13,91345.81,USD,7430
2026-03-22,2026-03-22,B0CN7GZ3PZ,,,,0,0,,,0,0,USD,0,9341.83,USD,1101,0,USD,0,6456.07,USD,767
2026-03-22,2026-03-22,B0CN7H8SY1,,,32,0,0,,,0,0,USD,0,5829.21,USD,464,36.82,USD,3,3812.82,USD,311
2026-03-22,2026-03-22,B0CPKGW3GZ,,,840,0.9779,20.25,,,1,211.8,USD,20,49423.74,USD,4705,118.36,USD,12,35580.74,USD,3397
2026-03-22,2026-03-22,B0CPKKHT8P,,,96,1,0,,,1,0,USD,0,48681.45,USD,9450,127.49,USD,25,11877.61,USD,2279
2026-03-22,2026-03-22,B0CRSGZN8V,,,12,1,0,,,1,0,USD,0,4574.13,USD,501,9.13,USD,1,885.61,USD,97
2026-03-22,2026-03-22,B0CRSNJQ1D,,,16,1,0,,,1,0,USD,0,4817.7,USD,530,0,USD,0,45.45,USD,5
2026-03-22,2026-03-22,B0CRSRW7LM,,,112,1,20.25,,,1,124,USD,8,5607.62,USD,415,24.8,USD,2,339.48,USD,24
2026-03-22,2026-03-22,B0CRSS87CF,,,,0,0,,,0,0,USD,0,2015.47,USD,762,5.53,USD,2,2013.19,USD,761
2026-03-22,2026-03-22,B0CRST49RH,,,,0,0,,,0,0,USD,0,5206.95,USD,1197,0,USD,0,5206.95,USD,1197
2026-03-22,2026-03-22,B0CRSTB7ZN,,,,0,0,,,0,0,USD,0,2971.15,USD,261,0,USD,0,1744,USD,160
2026-03-22,2026-03-22,B0CRSTZKQP,,,,0,0,,,0,0,USD,0,255.3,USD,23,49.15,USD,4,255.3,USD,23
2026-03-22,2026-03-22,B0CRSVHRJZ,,,0,1,0,,,1,0,USD,0,17367.07,USD,1100,45.06,USD,3,4737.67,USD,287
2026-03-22,2026-03-22,B0CRSVK7YK,,,162,0.9789,20.17,,,1,17.7,USD,6,1532.8,USD,535,2.95,USD,1,642.85,USD,229
2026-03-22,2026-03-22,B0CRSW79S3,,,,0,0,,,0,0,USD,0,1994.7,USD,856,2.15,USD,1,1717.46,USD,740
2026-03-22,2026-03-22,B0CRSWLNGF,,,0,1.3333,0,,,1,0,USD,0,953.2,USD,130,0,USD,0,365.08,USD,52
2026-03-22,2026-03-22,B0CRSWQDDP,,,,0,0,,,0,0,USD,0,990.25,USD,85,0,USD,0,917.35,USD,79
2026-03-22,2026-03-22,B0CRSX72PJ,,,,0,0,,,0,0,USD,0,3147.15,USD,1066,0,USD,0,988.96,USD,349
2026-03-22,2026-03-22,B0CRSX7SMP,,,,0,0,,,0,0,USD,0,0,USD,0,1947.68,USD,158,0,USD,0
2026-03-22,2026-03-22,B0CRSX9GLW,,,,0,0,,,0,0,USD,0,30314.84,USD,1960,77.35,USD,5,25070.51,USD,1621
2026-03-22,2026-03-22,B0CRSYBT4N,,,736,1.0259,20.25,,,1,166.32,USD,36,766.93,USD,166,8.77,USD,2,4.63,USD,1
2026-03-22,2026-03-22,B0CRSZ5F46,,,60,0.75,0,,,1,0,USD,0,367.76,USD,102,3.62,USD,1,132.46,USD,37
2026-03-22,2026-03-22,B0CTVD6WHG,,,0,1.3333,0,,,1,0,USD,0,1586.25,USD,135,0,USD,0,1104.5,USD,94
2026-03-22,2026-03-22,B0CTVJJM1S,,,,0,0,,,0,0,USD,0,5503.74,USD,269,40.92,USD,2,2291.52,USD,112
2026-03-22,2026-03-22,B0CTVLQG7M,,,16,1,0,,,1,0,USD,0,4408.17,USD,541,0,USD,0,3767.67,USD,466
2026-03-22,2026-03-22,B0CTVNF2F2,,,480,1,20.25,,,1,36,USD,4,5044.68,USD,621,88.92,USD,11,4378.68,USD,547
2026-03-22,2026-03-22,B0CV62Y5XS,,,,0,0,,,0,0,USD,0,829.6,USD,80,0,USD,0,259.25,USD,25
2026-03-22,2026-03-22,B0CV63138M,,,,0,0,,,0,0,USD,0,2389.99,USD,155,28.64,USD,2,1168.58,USD,74
2026-03-22,2026-03-22,B0CV633WZQ,,,30,0,0,,,0,0,USD,0,538.08,USD,70,0,USD,0,304.08,USD,40
2026-03-22,2026-03-22,B0CV63ZXXJ,,,72,1,0,,,1,0,USD,0,8091.42,USD,2998,5.4,USD,2,6160.9,USD,2283
2026-03-22,2026-03-22,B0CV644NCW,,,1362,1,0,,,0.6927,0,USD,0,17523.2,USD,6640,31.2,USD,12,6500.4,USD,2480
2026-03-22,2026-03-22,B0CV644ND4,,,,0,0,,,0,0,USD,0,0,USD,0,1820.94,USD,267,0,USD,0
2026-03-22,2026-03-22,B0CV645STH,,,0,1,0,,,1,0,USD,0,2976.21,USD,915,0,USD,0,2928.15,USD,901
2026-03-22,2026-03-22,B0CV646DB1,,,,0,0,,,0,0,USD,0,275,USD,22,0,USD,0,275,USD,22
2026-03-22,2026-03-22,B0CV64GG57,,,448,1,20.25,,,1,129.28,USD,16,9873.76,USD,1222,0,USD,0,6811.44,USD,843
2026-03-22,2026-03-22,B0CV64MN43,,,264,0,20.25,,,0,180.48,USD,48,4564.49,USD,1213,3.77,USD,1,3324.75,USD,882
2026-03-22,2026-03-22,B0CV9BP132,,,60,0,0,,,0,0,USD,0,654.75,USD,136,0,USD,0,413.64,USD,89
2026-03-22,2026-03-22,B0CV9MJLFY,,,152,1,0,,,1,0,USD,0,3016.72,USD,222,14.71,USD,1,2281.21,USD,172
2026-03-22,2026-03-22,B0CV9NJ3DM,,,108,1,20.25,,,1,20.48,USD,4,748.09,USD,156,4.6,USD,1,420.33,USD,92
2026-03-22,2026-03-22,B0CV9P21LL,,,52,1,0,,,1,0,USD,0,1090.9,USD,217,20.01,USD,4,372.37,USD,73
2026-03-22,2026-03-22,B0CV9PB632,,,,0,0,,,0,0,USD,0,2123.2,USD,461,9.2,USD,2,2113.48,USD,459
2026-03-22,2026-03-22,B0D1LQFWHY,,,446,0.9901,0,,,1,0,USD,0,5723.66,USD,2308,17.36,USD,7,3199.2,USD,1290
2026-03-22,2026-03-22,B0D1LTYNHJ,,,708,1,0,,,1,0,USD,0,4020.08,USD,1621,12.4,USD,5,1495.44,USD,603
2026-03-22,2026-03-22,B0D94LQ18G,,,4157,1,0,,,0.5867,0,USD,0,19398,USD,6100,41.34,USD,13,12.72,USD,4
2026-03-22,2026-03-22,B0D94N5PBM,,,,0,0,,,0,0,USD,0,485.45,USD,133,0,USD,0,485.45,USD,133
2026-03-22,2026-03-22,B0D94N6DX3,,,284,1.25,0,,,1,0,USD,0,3355.92,USD,740,8.82,USD,2,2228.01,USD,497
2026-03-22,2026-03-22,B0D94NB6ZF,,,1447,0,20.17,,,0,84.6,USD,6,40010,USD,2838,84.6,USD,6,14813.3,USD,1051
2026-03-22,2026-03-22,B0D94NDZ6F,,,88,1,20.25,,,1,52.8,USD,8,3083.29,USD,476,0,USD,0,1368.27,USD,216
2026-03-22,2026-03-22,B0D94NG7J5,,,1278,0.9981,20.17,,,0.439,84.6,USD,6,53296.55,USD,3780,42.3,USD,3,29552.15,USD,2096
2026-03-22,2026-03-22,B0D94NH2TP,,,1369,0.9952,20.25,,,0.8922,55.68,USD,12,8676.59,USD,1870,4.65,USD,1,1373.14,USD,296
2026-03-22,2026-03-22,B0D94NKVD2,,,48,1,0,,,1,0,USD,0,2152.56,USD,379,0,USD,0,2115.66,USD,373
2026-03-22,2026-03-22,B0D94NLQWV,,,,0,0,,,0,0,USD,0,430.17,USD,39,0,USD,0,0,USD,0
2026-03-22,2026-03-22,B0D94P2YN9,,,,0,0,,,0,0,USD,0,1214.44,USD,313,3.88,USD,1,3.88,USD,1
2026-03-22,2026-03-22,B0D94P6L2P,,,12,1,20.17,,,1,41.46,USD,6,12672.94,USD,1834,6.91,USD,1,9667.09,USD,1399
2026-03-22,2026-03-22,B0D94PDW22,,,,0,0,,,0,0,USD,0,8065.19,USD,770,17.03,USD,2,4633.64,USD,435
2026-03-22,2026-03-22,B0D94PFW9L,,,1055,1.0006,20.25,,,1,958.74,USD,114,23792.18,USD,2851,50.46,USD,6,9360.62,USD,1135
2026-03-22,2026-03-22,B0D94PL6S2,,,,0,0,,,0,0,USD,0,242,USD,50,0,USD,0,242,USD,50
2026-03-22,2026-03-22,B0D94PLH9Z,,,18,0,0,,,0,0,USD,0,23.64,USD,2,0,USD,0,23.64,USD,2
2026-03-22,2026-03-22,B0D94PNMY4,,,56,1.0139,0,,,1,0,USD,0,466.5,USD,70,0,USD,0,118.1,USD,18
2026-03-22,2026-03-22,B0D94PQJ6M,,,,0,0,,,0,0,USD,0,1679.94,USD,122,0,USD,0,828.42,USD,62
2026-03-22,2026-03-22,B0D94PQQK4,,,16,2,0,,,1,0,USD,0,3092.87,USD,717,0,USD,0,1387.79,USD,323
2026-03-22,2026-03-22,B0D94PQX5Z,,,,0,0,,,0,0,USD,0,677.16,USD,228,0,USD,0,380.16,USD,128
2026-03-22,2026-03-22,B0D94PS8BC,,,,0,0,,,0,0,USD,0,402.5,USD,35,0,USD,0,402.5,USD,35
2026-03-22,2026-03-22,B0D94PSCVL,,,,0,0,,,0,0,USD,0,4155.03,USD,1405,0,USD,0,4155.03,USD,1405
2026-03-22,2026-03-22,B0D94PST9Q,,,4,0,0,,,0,0,USD,0,754.38,USD,54,0,USD,0,726.44,USD,52
2026-03-22,2026-03-22,B0D94PVSYC,,,80,1,27.25,,,1,100.8,USD,16,2657.3,USD,425,24.52,USD,4,1636.13,USD,263
2026-03-22,2026-03-22,B0D94PXBBF,,,,0,0,,,0,0,USD,0,248.2,USD,68,0,USD,0,248.2,USD,68
2026-03-22,2026-03-22,B0D94PXWGZ,,,473,0.9787,0,,,1,0,USD,0,5156.37,USD,1109,9.3,USD,2,859.77,USD,185
2026-03-22,2026-03-22,B0D94Q18B3,,,,0,0,,,0,0,USD,0,1305.31,USD,394,0,USD,0,1208.38,USD,367
2026-03-22,2026-03-22,B0D94Q59QN,,,72,0,0,,,0,0,USD,0,4523.75,USD,517,8.75,USD,1,2520,USD,288
2026-03-22,2026-03-22,B0D94Q7Q4J,,,,0,0,,,0,0,USD,0,0,USD,0,872.36,USD,113,0,USD,0
2026-03-22,2026-03-22,B0D94Q8C1N,,,,0,0,,,0,0,USD,0,9.9,USD,1,0,USD,0,9.9,USD,1
2026-03-22,2026-03-22,B0D94QBRYC,,,,0,0,,,0,0,USD,0,1216.38,USD,291,0,USD,0,794.2,USD,190
2026-03-22,2026-03-22,B0D94QF2NM,,,,0,0,,,0,0,USD,0,1201.26,USD,351,3.59,USD,1,1129.46,USD,331
2026-03-22,2026-03-22,B0D94QFZ62,,,,0,0,,,0,0,USD,0,7323.42,USD,849,0,USD,0,1547.7,USD,170
2026-03-22,2026-03-22,B0D94QKZGL,,,12,0,0,,,0,0,USD,0,723.89,USD,221,0,USD,0,313.89,USD,96
2026-03-22,2026-03-22,B0D94QPK5N,,,408,1,20.14,,,1,26.46,USD,7,124.46,USD,33,7.56,USD,2,7.28,USD,2
2026-03-22,2026-03-22,B0D94QX4SY,,,4,0,0,,,0,0,USD,0,1738.86,USD,402,0,USD,0,691,USD,160
2026-03-22,2026-03-22,B0D94QZPPF,,,1235,0,0,,,0,0,USD,0,34477.2,USD,3019,228.44,USD,20,5550.31,USD,486
2026-03-22,2026-03-22,B0D94R47SQ,,,72,1,20.25,,,1,258,USD,24,13168.35,USD,1235,150.5,USD,14,7395.6,USD,698
2026-03-22,2026-03-22,B0D94RBTKT,,,12,0,0,,,0,0,USD,0,2713.86,USD,198,13.93,USD,1,541.83,USD,39
2026-03-22,2026-03-22,B0D94RDFKP,,,,0,0,,,0,0,USD,0,775.64,USD,88,0,USD,0,552.76,USD,62
2026-03-22,2026-03-22,B0D94RKR1Q,,,,0,0,,,0,0,USD,0,14.52,USD,3,0,USD,0,14.52,USD,3
2026-03-22,2026-03-22,B0DB5Z7MZ8,,,474,1,27.28,,,1,279.36,USD,18,4547.36,USD,293,15.52,USD,1,93.12,USD,6
2026-03-22,2026-03-22,B0DB626ZHW,,,246,0,0,,,0,0,USD,0,6213.36,USD,426,87.27,USD,6,809.4,USD,54
2026-03-22,2026-03-22,B0DB69BC9Y,,,68,1.0085,0,,,1,0,USD,0,1868.19,USD,297,0,USD,0,1661.94,USD,266
2026-03-22,2026-03-22,B0DCHHCNLQ,,,0,1,0,,,0.3333,0,USD,0,389.64,USD,34,0,USD,0,22.92,USD,2
2026-03-22,2026-03-22,B0DCWD6LY3,,,,0,0,,,0,0,USD,0,8291.85,USD,3129,36.7,USD,14,7165.6,USD,2704
2026-03-22,2026-03-22,B0DCWD7VJ2,,,248,1,0,,,1,0,USD,0,65.2,USD,10,0,USD,0,0,USD,0
2026-03-22,2026-03-22,B0DCWDLS1V,,,2184,0.9996,20.25,,,1,89.52,USD,24,3275.07,USD,877,22.42,USD,6,639.54,USD,171
2026-03-22,2026-03-22,B0DCWHYVWM,,,308,1,20.25,,,1,18.56,USD,4,788.88,USD,170,0,USD,0,0,USD,0
2026-03-22,2026-03-22,B0DCWJ5M91,,,0,0,0,,,0,0,USD,0,3.32,USD,1,3.32,USD,1,3.32,USD,1
2026-03-22,2026-03-22,B0DCWM4183,,,32,1,20.25,,,1,28.96,USD,4,1741.64,USD,241,14.5,USD,2,561,USD,78
2026-03-22,2026-03-22,B0DCWMCHMP,,,24,1,20.25,,,1,28.96,USD,4,4522.4,USD,624,7.25,USD,1,2138,USD,295
2026-03-22,2026-03-22,B0DCWMPYV5,,,112,0.9882,24.67,,,1,86.88,USD,12,2416.39,USD,334,20.99,USD,3,193.5,USD,27
2026-03-22,2026-03-22,B0DCWPX2ZB,,,948,0,0,,,0,0,USD,0,1656.49,USD,561,0,USD,0,937.75,USD,319
2026-03-22,2026-03-22,B0DCWRMM6R,,,132,1,0,,,0.2273,0,USD,0,5120.19,USD,954,5.52,USD,1,2635.18,USD,503
2026-03-22,2026-03-22,B0DCWRZ424,,,144,1,0,,,1,0,USD,0,162.4,USD,35,0,USD,0,0,USD,0
2026-03-22,2026-03-22,B0DJBZSKFR,,,108,1,0,,,1,0,USD,0,2804.39,USD,622,0,USD,0,1211.91,USD,279
2026-03-22,2026-03-22,B0DJC112SG,,,0,0.9833,0,,,1,0,USD,0,31451.1,USD,6790,23.25,USD,5,28317,USD,6116
2026-03-22,2026-03-22,B0DJC36T8Q,,,529,1,20.25,,,1,111.6,USD,24,1669.35,USD,359,4.65,USD,1,339.45,USD,73
2026-03-22,2026-03-22,B0DJC42CS5,,,36,1.1667,27.25,,,1,55.68,USD,12,3149.18,USD,678,4.65,USD,1,35.76,USD,8
2026-03-22,2026-03-22,B0DK7VTR9L,,,36,1,0,,,1,0,USD,0,2724.81,USD,759,14.36,USD,4,25.13,USD,7
2026-03-22,2026-03-22,B0DK7VV44J,,,,0,0,,,0,0,USD,0,2041.08,USD,233,0,USD,0,1620.6,USD,185
2026-03-22,2026-03-22,B0DK7VX73Y,,,96,1,0,,,1,0,USD,0,6773.3,USD,2126,9.57,USD,3,5053.89,USD,1587
2026-03-22,2026-03-22,B0DK7W7HPS,,,438,0,0,,,0,0,USD,0,2787.56,USD,614,13.62,USD,3,2519.7,USD,555
2026-03-22,2026-03-22,B0DK7W7J4B,,,,0,0,,,0,0,USD,0,258.5,USD,47,0,USD,0,242,USD,44
2026-03-22,2026-03-22,B0DK7WF2GH,,,12,1,0,,,1,0,USD,0,791.43,USD,222,25.13,USD,7,489.87,USD,138
2026-03-22,2026-03-22,B0DK7WHGSC,,,408,0.9767,0,,,1,0,USD,0,1738.39,USD,545,2.87,USD,1,487.19,USD,154
2026-03-22,2026-03-22,B0DK7WMQZW,,,40,1,0,,,1,0,USD,0,731.34,USD,131,0,USD,0,147.9,USD,27
2026-03-22,2026-03-22,B0DK7WNHN3,,,,0,0,,,0,0,USD,0,352,USD,64,0,USD,0,330,USD,60
2026-03-22,2026-03-22,B0DK7WPBC3,,,150,1.0119,0,,,1,0,USD,0,1262.94,USD,399,12.8,USD,4,370.14,USD,120
2026-03-22,2026-03-22,B0DK7WRZJ5,,,6,1,0,,,1,0,USD,0,1008.79,USD,281,0,USD,0,0,USD,0
2026-03-22,2026-03-22,B0DNNG43NP,,,128,0.9955,20.25,,,1,47.68,USD,16,3077.17,USD,1079,0,USD,0,2984.72,USD,1048
2026-03-22,2026-03-22,B0DNNG4TFQ,,,,0,0,,,0,0,USD,0,2582.58,USD,258,0,USD,0,570.57,USD,57
2026-03-22,2026-03-22,B0DNNGCKN4,,,200,1.0325,0,,,1,0,USD,0,1743.96,USD,635,5.98,USD,2,1433.62,USD,531
2026-03-22,2026-03-22,B0DNNGD48K,,,4,0.9808,0,,,1,0,USD,0,3723.28,USD,193,0,USD,0,3552,USD,185
2026-03-22,2026-03-22,B0DNNGKT1C,,,1704,1,25.88,,,0.3529,119.2,USD,40,6882.82,USD,2352,11.96,USD,4,2104.95,USD,752
2026-03-22,2026-03-22,B0DNNGR95W,,,540,0.9782,0,,,1,0,USD,0,13112.22,USD,1121,35.12,USD,3,11373.65,USD,972
2026-03-22,2026-03-22,B0DNNGW5QV,,,150,1,0,,,1,0,USD,0,18122.05,USD,1721,30.35,USD,3,1341.76,USD,124
2026-03-22,2026-03-22,B0DNNH9PY8,,,25,1,0,,,1,0,USD,0,6698.4,USD,760,9.19,USD,1,27.57,USD,3
2026-03-22,2026-03-22,B0DNNHC33X,,,,0,0,,,0,0,USD,0,7649.72,USD,803,0,USD,0,5272.49,USD,565
2026-03-22,2026-03-22,B0DNNHSBSN,,,80,0.9,27.25,,,1,23.84,USD,8,1436.92,USD,501,0,USD,0,1205.56,USD,423
2026-03-22,2026-03-22,B0DNNKJ62R,,,406,0,0,,,0,0,USD,0,6688.62,USD,446,30.87,USD,2,5066.63,USD,346
2026-03-22,2026-03-22,B0DSJX8N63,,,1808,1.0575,0,,,0.5195,0,USD,0,34835.28,USD,3794,101.03,USD,11,5817.27,USD,633
2026-03-22,2026-03-22,B0DSJX9JLL,,,,0,0,,,0,0,USD,0,209.2,USD,20,0,USD,0,209.2,USD,20
2026-03-22,2026-03-22,B0DSJY57BN,,,80,0,0,,,0,0,USD,0,1755.02,USD,137,47.32,USD,4,11.5,USD,1
2026-03-22,2026-03-22,B0DTB5JRV9,,,529,1,0,,,1,0,USD,0,5491.15,USD,1807,0,USD,0,100.48,USD,32
2026-03-22,2026-03-22,B0DWNHLTP3,,,8,1,0,,,1,0,USD,0,1069.53,USD,231,4.63,USD,1,379.66,USD,82
2026-03-22,2026-03-22,B0DWNJ74H1,,,48,1,0,,,1,0,USD,0,71.93,USD,29,0,USD,0,64.07,USD,26
2026-03-22,2026-03-22,B0DWNJNHYN,,,744,0,20.25,,,0,37.68,USD,24,463.15,USD,295,1.57,USD,1,0,USD,0
2026-03-22,2026-03-22,B0DWNJT1JM,,,12,0,0,,,0,0,USD,0,102.37,USD,40,0,USD,0,36.87,USD,15
2026-03-22,2026-03-22,B0DWNK16RJ,,,,0,0,,,0,0,USD,0,1888.37,USD,265,7.53,USD,1,350.79,USD,47
2026-03-22,2026-03-22,B0DWNKBC38,,,60,1,0,,,1,0,USD,0,13371.54,USD,2449,49.14,USD,9,10466.82,USD,1917
2026-03-22,2026-03-22,B0DWNKBMHZ,,,12,0.9527,0,,,1,0,USD,0,11771.77,USD,2548,13.86,USD,3,69.3,USD,15
2026-03-22,2026-03-22,B0DWNKWDKG,,,24,1,0,,,1,0,USD,0,2233.14,USD,409,10.92,USD,2,693.42,USD,127
2026-03-22,2026-03-22,B0DWNL9S2N,,,,0,0,,,0,0,USD,0,1635.7,USD,363,0,USD,0,1007.38,USD,227
2026-03-22,2026-03-22,B0DWNLQR7V,,,,0,0,,,0,0,USD,0,3945.16,USD,1182,3.34,USD,1,2562.4,USD,768
2026-03-22,2026-03-22,B0DWNLR37Q,,,0,1,0,,,1,0,USD,0,194.72,USD,77,0,USD,0,139.7,USD,56
2026-03-22,2026-03-22,B0DWNMPYFL,,,24,1,0,,,1,0,USD,0,5408.72,USD,388,41.82,USD,3,181.22,USD,13
2026-03-22,2026-03-22,B0DWNNQWK2,,,32,0.9583,0,,,1,0,USD,0,1118.74,USD,427,0,USD,0,398.24,USD,152
2026-03-22,2026-03-22,B0DWNSJB7B,,,0,1,0,,,1,0,USD,0,1902.85,USD,147,0,USD,0,524.2,USD,38
2026-03-22,2026-03-22,B0DWP7MRWM,,,,0,0,,,0,0,USD,0,10898.8,USD,854,0,USD,0,10873.5,USD,852
2026-03-22,2026-03-22,B0DXQ86ZW3,,,108,1,0,,,1,0,USD,0,1613.56,USD,740,2.22,USD,1,860.98,USD,401
2026-03-22,2026-03-22,B0DXQ8HXN8,,,126,0,0,,,0,0,USD,0,2262,USD,580,19.5,USD,5,1224.6,USD,314
2026-03-22,2026-03-22,B0DXQ9Q2V5,,,156,1,0,,,0.5854,0,USD,0,5257.54,USD,1366,0,USD,0,706.84,USD,184
2026-03-22,2026-03-22,B0DXQ9XTQN,,,48,1,0,,,1,0,USD,0,610.68,USD,206,0,USD,0,485.08,USD,166
2026-03-22,2026-03-22,B0DXQ9ZRMB,,,12,1,0,,,1,0,USD,0,828.04,USD,156,0,USD,0,257.12,USD,45
2026-03-22,2026-03-22,B0DXQBNY5Z,,,30,1,0,,,1,0,USD,0,768.78,USD,216,3.22,USD,1,732.88,USD,206
2026-03-22,2026-03-22,B0DXQC1HH1,,,30,1.0333,0,,,1,0,USD,0,632.8,USD,112,5.65,USD,1,90.4,USD,16
2026-03-22,2026-03-22,B0DXQCJPH7,,,84,1,0,,,1,0,USD,0,7736.35,USD,1447,5.65,USD,1,3821.6,USD,678
2026-03-22,2026-03-22,B0DXQCVQZL,,,384,0.9583,20.25,,,1,111.36,USD,24,2046.27,USD,441,13.92,USD,3,464.03,USD,100
2026-03-22,2026-03-22,B0DY9G36WY,,,188,1,20.25,,,1,31.2,USD,4,2256.54,USD,301,46,USD,6,93.6,USD,12
2026-03-22,2026-03-22,B0F2JFRNJ7,,,1888,1.0055,19.88,,,1,627.76,USD,76,13108.62,USD,1587,49.56,USD,6,41.3,USD,5
2026-03-22,2026-03-22,B0F2JJ3H3F,,,168,1,20.25,,,1,37.68,USD,24,3587.45,USD,2285,1.57,USD,1,1268.56,USD,808
2026-03-22,2026-03-22,B0F2JJ5KX7,,,0,0.9111,0,,,1,0,USD,0,8019.43,USD,808,19.61,USD,2,2522.8,USD,238
2026-03-22,2026-03-22,B0F2JJQJP2,,,91,1,0,,,1,0,USD,0,2610.85,USD,517,5.05,USD,1,520.15,USD,103
2026-03-22,2026-03-22,B0F2JJRZ7N,,,90,0.9624,20.17,,,1,63.6,USD,6,5665.7,USD,566,9.01,USD,1,1855,USD,175
2026-03-22,2026-03-22,B0F2JJWFWM,,,148,1,20.25,,,1,51.92,USD,4,4465.12,USD,344,0,USD,0,597.08,USD,46
2026-03-22,2026-03-22,B0F2JK7LB5,,,336,0,20.25,,,0,96,USD,48,2060,USD,1030,8,USD,4,0,USD,0
2026-03-22,2026-03-22,B0F2JLC66F,,,0,1,0,,,1,0,USD,0,4246.6,USD,255,15.73,USD,1,277.5,USD,15
2026-03-22,2026-03-22,B0FDLBLFNJ,,,,0,0,,,0,0,USD,0,4701.51,USD,1583,0,USD,0,4576.77,USD,1541
2026-03-22,2026-03-22,B0FDMQ7PQJ,,,96,1,0,,,1,0,USD,0,203.75,USD,25,0,USD,0,0,USD,0
2026-03-22,2026-03-22,B0FFHPNT31,,,162,1,0,,,1,0,USD,0,4356.6,USD,1644,0,USD,0,2562.55,USD,967
2026-03-22,2026-03-22,B0FFJ6S69P,,,396,1,0,,,1,0,USD,0,9680.31,USD,2109,18.36,USD,4,3727.08,USD,812
2026-03-22,2026-03-22,B0FJYMY8KT,,,324,1,20.25,,,1,53.64,USD,12,4250.97,USD,951,0,USD,0,0,USD,0
2026-03-22,2026-03-22,B0FKHFY61P,,,12,0,0,,,0,0,USD,0,1925.1,USD,414,0,USD,0,1706.55,USD,367
2026-03-22,2026-03-22,B0FKHG1H2W,,,276,0,0,,,0,0,USD,0,3812.05,USD,1195,15.95,USD,5,1483.35,USD,465
2026-03-22,2026-03-22,B0FKHHS6TV,,,132,1,0,,,1,0,USD,0,5971.92,USD,1336,4.47,USD,1,75.99,USD,17
2026-03-22,2026-03-22,B0FKHJ6K81,,,685,1,26.98,,,1,223.8,USD,60,9518.96,USD,2552,7.46,USD,2,6076.17,USD,1629
2026-03-22,2026-03-22,B0FKHJ7FBB,,,,0,0,,,0,0,USD,0,19097.12,USD,2312,0,USD,0,19064.08,USD,2308
2026-03-22,2026-03-22,B0FKHJ7ZPZ,,,384,1,0,,,1,0,USD,0,4068.75,USD,875,4.65,USD,1,302.25,USD,65
2026-03-22,2026-03-22,B0FKHKDQB2,,,12,0,0,,,0,0,USD,0,1297.35,USD,279,0,USD,0,1297.35,USD,279
2026-03-22,2026-03-22,B0FKHKQLXT,,,276,1,27.25,,,1,55.8,USD,12,3994.35,USD,859,13.95,USD,3,0,USD,0
2026-03-22,2026-03-22,B0FKHL5Z3S,,,,0,0,,,0,0,USD,0,19874.1,USD,4274,4.65,USD,1,18474.45,USD,3973
2026-03-22,2026-03-22,B0FKHLKMY3,,,36,1,20.25,,,1,33.04,USD,4,3642.66,USD,441,16.52,USD,2,2362.36,USD,286
2026-03-22,2026-03-22,B0FKHM2XSS,,,116,1,20.25,,,1,21.6,USD,4,2489.4,USD,461,0,USD,0,426.6,USD,79
2026-03-22,2026-03-22,B0FKHM824G,,,36,1,27.25,,,1,55.8,USD,12,4357.05,USD,937,0,USD,0,799.8,USD,172
2026-03-22,2026-03-22,B0FKHNTPK6,,,49,1,20.25,,,1,18.52,USD,4,1324.18,USD,286,4.63,USD,1,523.19,USD,113
2026-03-22,2026-03-22,B0FKHNVBCS,,,,0,0,,,0,0,USD,0,707.4,USD,131,0,USD,0,383.4,USD,71
2026-03-22,2026-03-22,B0FKHQGH38,,,336,1,20.25,,,1,53.64,USD,12,8631.57,USD,1931,0,USD,0,2601.54,USD,582
2026-03-22,2026-03-22,B0FL8YNBXC,,,,0,0,,,0,0,USD,0,4548.25,USD,575,0,USD,0,4548.25,USD,575
2026-03-22,2026-03-22,B0FMWKM6LP,,,132,1,20.25,,,1,11.4,USD,4,1185.6,USD,416,2.85,USD,1,282.15,USD,99
2026-03-22,2026-03-22,B0FMWPRWX5,,,348,1,20.25,,,1,119.04,USD,12,11239.36,USD,1133,49.6,USD,5,4255.68,USD,429
2026-03-22,2026-03-22,B0FMWXNVPY,,,,0,0,,,0,0,USD,0,2081.64,USD,166,0,USD,0,2081.64,USD,166
2026-03-22,2026-03-22,B0FMXCL5QQ,,,12,1,0,,,1,0,USD,0,1895.7,USD,178,0,USD,0,244.95,USD,23
2026-03-22,2026-03-22,B0FMXMC7LF,,,,0,0,,,0,0,USD,0,14580.39,USD,1173,12.43,USD,1,14493.38,USD,1166
2026-03-22,2026-03-22,B0FMXMGVDZ,,,0,1,0,,,1,0,USD,0,3887.86,USD,349,0,USD,0,1225.4,USD,110
2026-03-22,2026-03-22,B0FMXMXX5T,,,60,1,0,,,1,0,USD,0,3716.76,USD,659,0,USD,0,3085.08,USD,547
2026-03-22,2026-03-22,B0FMXTPN96,,,,0,0,,,0,0,USD,0,1516.8,USD,158,0,USD,0,1516.8,USD,158
2026-03-22,2026-03-22,B0FMYS7V94,,,384,1.0025,0,,,1,0,USD,0,620.62,USD,403,1.54,USD,1,328.02,USD,213
2026-03-22,2026-03-22,B0FN8TXX67,,,104,0.9795,20.25,,,1,30.2,USD,4,1804.45,USD,239,0,USD,0,1366.55,USD,181
2026-03-22,2026-03-22,B0FN91VKFJ,,,,0,0,,,0,0,USD,0,128.25,USD,45,0,USD,0,105.45,USD,37
2026-03-22,2026-03-22,B0FN92BM26,,,8,1,0,,,1,0,USD,0,1447.46,USD,211,6.86,USD,1,1447.46,USD,211
2026-03-22,2026-03-22,B0FN9838G2,,,,0,0,,,0,0,USD,0,13403.16,USD,4804,0,USD,0,13383.63,USD,4797
2026-03-22,2026-03-22,B0FN984LBY,,,120,1,20.25,,,1,38.4,USD,12,67.2,USD,21,0,USD,0,0,USD,0
2026-03-22,2026-03-22,B0FN98MSPV,,,256,1,20.25,,,1,39.28,USD,8,2646.49,USD,539,4.91,USD,1,927.99,USD,189
2026-03-22,2026-03-22,B0FN9BVP9K,,,129,0.9969,27.25,,,1,16.96,USD,4,1136.32,USD,268,0,USD,0,479.12,USD,113
2026-03-22,2026-03-22,B0FN9C251Z,,,76,0.9744,0,,,1,0,USD,0,5591.7,USD,327,0,USD,0,4446,USD,260
2026-03-22,2026-03-22,B0FN9C6RK7,,,,0,0,,,0,0,USD,0,5763.04,USD,1592,3.62,USD,1,4601.02,USD,1271
2026-03-22,2026-03-22,B0FN9F8V1K,,,-28,1,27,,,1,19.64,USD,4,1919.81,USD,391,0,USD,0,584.29,USD,119
2026-03-22,2026-03-22,B0FN9FDRZC,,,324,1,27.25,,,1,84.12,USD,12,1885.69,USD,269,0,USD,0,0,USD,0
2026-03-22,2026-03-22,B0FN9HMTB2,,,28,0,0,,,0,0,USD,0,1866.97,USD,179,0,USD,0,907.41,USD,87
2026-03-22,2026-03-22,B0FNBJDYGD,,,1374,0.9878,0,,,1,0,USD,0,30527.14,USD,2117,86.52,USD,6,10440.08,USD,724
2026-03-22,2026-03-22,B0FQWZNJG5,,,,0,0,,,0,0,USD,0,10808,USD,386,0,USD,0,10808,USD,386
2026-03-22,2026-03-22,B0FQWZT6QS,,,,0,0,,,0,0,USD,0,3895.36,USD,752,0,USD,0,2558.92,USD,494
2026-03-22,2026-03-22,B0FQX36R4P,,,424,1,0,,,1,0,USD,0,3130.54,USD,379,24.78,USD,3,0,USD,0
2026-03-22,2026-03-22,B0FQX61CK4,,,,0,0,,,0,0,USD,0,5208.84,USD,351,0,USD,0,3680.32,USD,248
2026-03-22,2026-03-22,B0FQXHDXL5,,,20,1,0,,,1,0,USD,0,3402.18,USD,246,0,USD,0,815.97,USD,59
2026-03-22,2026-03-22,B0FQXHFQFC,,,100,1,0,,,1,0,USD,0,4077.7,USD,337,0,USD,0,1633.5,USD,135
2026-03-22,2026-03-22,B0FQXL78B8,,,,0,0,,,0,0,USD,0,3207.9,USD,289,0,USD,0,0,USD,0
2026-03-22,2026-03-22,B0FQXL9MVD,,,24,1,0,,,1,0,USD,0,1843.82,USD,187,0,USD,0,19.72,USD,2
2026-03-22,2026-03-22,B0FQXM6QW3,,,36,1,0,,,1,0,USD,0,1560,USD,375,4.16,USD,1,137.28,USD,33
2026-03-22,2026-03-22,B0FQXMFMZY,,,0,1,0,,,1,0,USD,0,3462.93,USD,327,0,USD,0,2944.02,USD,278
2026-03-22,2026-03-22,B0FQXPJ784,,,,0,0,,,0,0,USD,0,1411.8,USD,390,0,USD,0,1411.8,USD,390
2026-03-22,2026-03-22,B0FQXPQSWX,,,,0,0,,,0,0,USD,0,2121,USD,300,7.07,USD,1,2121,USD,300
2026-03-22,2026-03-22,B0FQXS1LJX,,,36,1.0536,0,,,1,0,USD,0,1874.43,USD,177,0,USD,0,0,USD,0
2026-03-22,2026-03-22,B0FQXS88P2,,,12,1,0,,,1,0,USD,0,988.26,USD,273,3.62,USD,1,807.26,USD,223
2026-03-22,2026-03-22,B0FQXSMK5T,,,133,1.0132,20.25,,,1,96.8,USD,8,1210,USD,100,12.1,USD,1,254.1,USD,21
2026-03-22,2026-03-22,B0FQXTHNJV,,,144,1,0,,,1,0,USD,0,1939.2,USD,606,6.4,USD,2,1273.6,USD,398
2026-03-22,2026-03-22,B0FQXVXGDC,,,112,0,0,,,0,0,USD,0,3445.65,USD,741,0,USD,0,9.3,USD,2
2026-03-22,2026-03-22,B0FQXWXFWZ,,,38,1.4671,0,,,0.1309,0,USD,0,2696.79,USD,723,22.38,USD,6,0,USD,0
2026-03-22,2026-03-22,B0FQXX1RGD,,,452,1,20.25,,,1,18.6,USD,4,5970.6,USD,1284,9.3,USD,2,60.45,USD,13
2026-03-22,2026-03-22,B0FQXZ8126,,,134,1,0,,,1,0,USD,0,9591.2,USD,1262,0,USD,0,38,USD,5
2026-03-22,2026-03-22,B0FQY7C3LM,,,294,1,27.25,,,1,44.76,USD,12,4688.61,USD,1257,0,USD,0,37.3,USD,10
2026-03-22,2026-03-22,B0FQYBPC1L,,,16,1,0,,,1,0,USD,0,4237.76,USD,304,55.76,USD,4,306.68,USD,22
2026-03-22,2026-03-22,B0FSG4WCH2,,,24,0.9967,0,,,1,0,USD,0,485.04,USD,86,0,USD,0,394.8,USD,70
2026-03-22,2026-03-22,B0FSGH883W,,,,0,0,,,0,0,USD,0,2604,USD,93,0,USD,0,112,USD,4
2026-03-22,2026-03-22,B0FSGKQLCK,,,,0,0,,,0,0,USD,0,5552.1,USD,1194,0,USD,0,223.2,USD,48
2026-03-22,2026-03-22,B0FSGMHVVB,,,,0,0,,,0,0,USD,0,5009.38,USD,1681,0,USD,0,4908.06,USD,1647
2026-03-22,2026-03-22,B0FSGN8KHC,,,10,1,0,,,1,0,USD,0,4635,USD,450,0,USD,0,10.3,USD,1
2026-03-22,2026-03-22,B0FSGND126,,,,0,0,,,0,0,USD,0,5165.2,USD,296,0,USD,0,0,USD,0
2026-03-22,2026-03-22,B0FSGTH8Z8,,,96,1,0,,,1,0,USD,0,1072.17,USD,361,0,USD,0,47.52,USD,16
2026-03-22,2026-03-22,B0FSGYT8XZ,,,104,0.9833,0,,,1,0,USD,0,1731.38,USD,581,2.98,USD,1,840.36,USD,282
2026-03-22,2026-03-22,B0FSH2MBGN,,,72,0.9963,0,,,0.5877,0,USD,0,1501.92,USD,504,0,USD,0,572.16,USD,192
2026-03-22,2026-03-22,B0FSH2VGWZ,,,488,1,20.25,,,1,47.68,USD,16,1239.68,USD,416,0,USD,0,497.66,USD,167
2026-03-22,2026-03-22,B0FSH394L9,,,,0,0,,,0,0,USD,0,9868.6,USD,665,14.84,USD,1,9289.84,USD,626
2026-03-22,2026-03-22,B0FSH3FNBB,,,,0,0,,,0,0,USD,0,2648.62,USD,334,0,USD,0,7.93,USD,1
2026-03-22,2026-03-22,B0FSH79D5C,,,321,1,20.25,,,1,140.96,USD,8,4634.05,USD,263,0,USD,0,493.36,USD,28
2026-03-22,2026-03-22,B0FSHD3BC1,,,,0,0,,,0,0,USD,0,2071.3,USD,538,0,USD,0,361.9,USD,94
2026-03-22,2026-03-22,B0FSHKBHSQ,,,359,0.9969,0,,,0.8455,0,USD,0,712.32,USD,48,0,USD,0,0,USD,0
2026-03-22,2026-03-22,B0FSHQ3NJ8,,,60,1,27.17,,,1,49.2,USD,6,2312.4,USD,282,0,USD,0,188.6,USD,23
2026-03-22,2026-03-22,B0G36R2JZ8,,,,0,0,,,0,0,USD,0,3061.76,USD,299,0,USD,0,0,USD,0
2026-03-22,2026-03-22,B0G36R992W,,,337,0,0,,,0,0,USD,0,2470.29,USD,1229,0,USD,0,44.22,USD,22
2026-03-22,2026-03-22,B0G36RL1YG,,,4,0,0,,,0,0,USD,0,2717.28,USD,296,0,USD,0,0,USD,0
2026-03-22,2026-03-22,B0G36RNZ9R,,,12,0,0,,,0,0,USD,0,1338.64,USD,232,0,USD,0,0,USD,0
2026-03-22,2026-03-22,B0G36RX8H8,,,1580,0,20.17,,,0,22.74,USD,6,1133.21,USD,299,11.37,USD,3,0,USD,0
2026-03-22,2026-03-22,B0G36RXVBH,,,10,1,0,,,1,0,USD,0,1187.36,USD,328,0,USD,0,0,USD,0
2026-03-22,2026-03-22,B0G36S1MC2,,,1860,0,20.25,,,0,55.04,USD,16,760.24,USD,221,0,USD,0,0,USD,0
2026-03-22,2026-03-22,B0G36T1ZY9,,,,0,0,,,0,0,USD,0,1441.72,USD,271,0,USD,0,0,USD,0
2026-03-22,2026-03-22,B0G36T2SYF,,,0,1,0,,,1,0,USD,0,947.64,USD,212,0,USD,0,0,USD,0
2026-03-22,2026-03-22,B0G36T6SNY,,,0,1.0083,0,,,1,0,USD,0,2200,USD,625,3.52,USD,1,0,USD,0
2026-03-22,2026-03-22,B0G36TB5SJ,,,-48,0,0,,,0,0,USD,0,3279.72,USD,906,0,USD,0,0,USD,0
2026-03-22,2026-03-22,B0G36TDT1W,,,900,0,20.25,,,0,181.92,USD,48,1250.7,USD,330,0,USD,0,0,USD,0
2026-03-22,2026-03-22,B0G36TFZJD,,,14,1,0,,,1,0,USD,0,3319.62,USD,366,0,USD,0,0,USD,0
2026-03-22,2026-03-22,B0G36TJ162,,,12,0,0,,,0,0,USD,0,1303.4,USD,245,0,USD,0,0,USD,0
2026-03-22,2026-03-22,B0G36TJTXM,,,-4,0.9756,0,,,1,0,USD,0,4210.8,USD,348,24.2,USD,2,0,USD,0
2026-03-22,2026-03-22,B0G36TNM91,,,,0,0,,,0,0,USD,0,1193.92,USD,208,0,USD,0,0,USD,0
2026-03-22,2026-03-22,B0G36TQ1VW,,,,0,0,,,0,0,USD,0,1936.14,USD,183,0,USD,0,0,USD,0
2026-03-22,2026-03-22,B0G36TXZGY,,,17,0,0,,,0,0,USD,0,2332,USD,212,0,USD,0,0,USD,0
2026-03-22,2026-03-22,B0G36V9PLG,,,5,0,0,,,0,0,USD,0,2988.86,USD,259,0,USD,0,0,USD,0
2026-03-22,2026-03-22,B0G36VD41X,,,-6,0,0,,,0,0,USD,0,1197.48,USD,204,0,USD,0,0,USD,0
2026-03-22,2026-03-22,B0G36VXNGX,,,243,0,0,,,0,0,USD,0,1368.19,USD,361,11.37,USD,3,0,USD,0
2026-03-22,2026-03-22,B0G36WHC28,,,1996,0,20.22,,,0,68.22,USD,18,1883.63,USD,497,0,USD,0,0,USD,0
2026-03-22,2026-03-22,B0G36WHH72,,,0,1,0,,,1,0,USD,0,1698.3,USD,185,0,USD,0,0,USD,0
2026-03-22,2026-03-22,B0G36WL2LN,,,253,0,0,,,0,0,USD,0,962.66,USD,254,22.74,USD,6,0,USD,0
2026-03-22,2026-03-22,B0G36Z353F,,,265,0,0,,,0,0,USD,0,1186.27,USD,313,7.58,USD,2,0,USD,0
2026-03-22,2026-03-22,B0G61BFKYY,,,61,0.9992,0,,,1,102.48,USD,24,1182.79,USD,277,0,USD,0,0,USD,0
2026-03-22,2026-03-22,B0G61GFG4R,,,252,0.9939,0,,,1,190.68,USD,42,1139.54,USD,251,0,USD,0,0,USD,0
2026-03-22,2026-03-22,B0G61GHTKD,,,348,1.005,0,,,1,0,USD,0,1259.61,USD,347,14.52,USD,4,0,USD,0
2026-03-22,2026-03-22,B0G61KB2PQ,,,216,0.973,0,,,1,43.56,USD,12,1303.17,USD,359,14.52,USD,4,0,USD,0
2026-03-22,2026-03-22,B0G61PKKLZ,,,150,0.9963,0,,,0.8715,37.44,USD,6,1641.12,USD,263,6.24,USD,1,0,USD,0
2026-03-22,2026-03-22,B0G61Q6K9B,,,592,1,0,,,1,0,USD,0,111.09,USD,7,0,USD,0,0,USD,0
2026-03-22,2026-03-22,B0G62C4RTK,,,672,0.9911,0,,,0.6703,0,USD,0,307.44,USD,72,0,USD,0,0,USD,0
2026-03-22,2026-03-22,B0G62CKV7P,,,384,1.0081,0,,,1,257.76,USD,72,1288.8,USD,360,0,USD,0,0,USD,0
2026-03-22,2026-03-22,B0G62D27V8,,,696,1.0003,0,,,0.8403,51.24,USD,12,281.82,USD,66,51.24,USD,12,0,USD,0
2026-03-22,2026-03-22,B0G62KT3JN,,,476,0.9956,0,,,0.8475,276.48,USD,32,1676.16,USD,194,8.64,USD,1,0,USD,0
2026-03-22,2026-03-22,B0G62LCF5V,,,503,1,0,,,1,0,USD,0,373.12,USD,106,3.52,USD,1,0,USD,0
2026-03-22,2026-03-22,B0G62TGVLK,,,492,0,0,,,0,87.12,USD,24,1081.74,USD,298,25.41,USD,7,0,USD,0
2026-03-22,2026-03-22,B0GFP79MKX,,,25,1,0,,,1,0,USD,0,587.79,USD,189,0,USD,0,0,USD,0
2026-03-22,2026-03-22,B0GFP7HZKV,,,6,0,0,,,0,0,USD,0,1653.9,USD,222,0,USD,0,0,USD,0
2026-03-22,2026-03-22,B0GFP7WWFH,,,,0,0,,,0,0,USD,0,1889.55,USD,221,0,USD,0,0,USD,0
2026-03-22,2026-03-22,B0GFP85F4D,,,6,0,0,,,0,0,USD,0,1200.48,USD,183,0,USD,0,0,USD,0
2026-03-22,2026-03-22,B0GFPBHGD1,,,66,1,0,,,1,0,USD,0,501.76,USD,49,0,USD,0,0,USD,0
2026-03-22,2026-03-22,B0GFPBZN2J,,,36,0,0,,,0,0,USD,0,951.15,USD,255,0,USD,0,0,USD,0
2026-03-22,2026-03-22,B0GFPDWJPJ,,,8,1,0,,,1,0,USD,0,1522.5,USD,210,7.25,USD,1,0,USD,0
2026-03-22,2026-03-22,B0GFPFCGYH,,,264,0,0,,,0,66,USD,12,258.5,USD,47,0,USD,0,0,USD,0
2026-03-22,2026-03-22,B0GFPFP97J,,,,0,0,,,0,0,USD,0,1461.69,USD,149,0,USD,0,0,USD,0
2026-03-22,2026-03-22,B0GFPH36YZ,,,0,1,0,,,1,0,USD,0,1871.16,USD,503,0,USD,0,0,USD,0
2026-03-22,2026-03-22,B0GFPHBW8F,,,100,0,0,,,0,74.4,USD,16,790.5,USD,170,0,USD,0,0,USD,0
2026-03-22,2026-03-22,B0GFPJBVNS,,,312,1,0,,,1,0,USD,0,359.37,USD,121,0,USD,0,0,USD,0
2026-03-22,2026-03-22,B0GFPJYSZY,,,480,1,0,,,1,0,USD,0,1562.28,USD,554,0,USD,0,0,USD,0
2026-03-22,2026-03-22,B0GFPKK82C,,,299,1,26.92,,,1,38.4,USD,12,963.2,USD,301,3.2,USD,1,0,USD,0
2026-03-22,2026-03-22,B0GFPL5G1Z,,,777,0.9345,20.26,,,1,335.7,USD,90,4162.68,USD,1116,3.73,USD,1,0,USD,0
2026-03-22,2026-03-22,B0GFPMLR3N,,,0,0.8,0,,,1,0,USD,0,1339.2,USD,288,0,USD,0,0,USD,0
2026-03-22,2026-03-22,B0GFPN3622,,,,0,0,,,0,0,USD,0,1711,USD,236,0,USD,0,0,USD,0
2026-03-22,2026-03-22,B0GFPN366L,,,60,0,0,,,0,0,USD,0,2659.8,USD,715,0,USD,0,0,USD,0
2026-03-22,2026-03-22,B0GFPN631N,,,260,1,0,,,1,0,USD,0,1832.07,USD,173,10.59,USD,1,0,USD,0
2026-03-22,2026-03-22,B0GFPPG7BN,,,301,0,0,,,0,999,USD,54,4976.5,USD,269,18.5,USD,1,0,USD,0
2026-03-22,2026-03-22,B0GFPPJ14T,,,8,1,0,,,1,0,USD,0,1421,USD,196,0,USD,0,0,USD,0
2026-03-22,2026-03-22,B0GFPQHFCG,,,0,1.1111,0,,,1,0,USD,0,1078.8,USD,290,0,USD,0,0,USD,0
2026-03-22,2026-03-22,B0GFPQKWSJ,,,139,0,0,,,0,46.5,USD,10,1046.25,USD,225,0,USD,0,0,USD,0
2026-03-22,2026-03-22,B0GFPQRSTH,,,312,0,0,,,0,40.2,USD,12,348.4,USD,104,0,USD,0,0,USD,0
2026-03-22,2026-03-22,B0GFPR245Y,,,3,0,0,,,0,0,USD,0,1384.32,USD,224,0,USD,0,0,USD,0
2026-03-22,2026-03-22,B0GFPSDX65,,,10,1.0116,0,,,0.73,0,USD,0,615.78,USD,198,0,USD,0,0,USD,0
2026-03-22,2026-03-22,B0GFPSGBVC,,,0,0.9833,0,,,1,0,USD,0,1063.92,USD,286,0,USD,0,0,USD,0
2026-03-22,2026-03-22,B0GFPT19QF,,,210,1.0104,27.25,,,1,103.44,USD,12,1853.3,USD,215,0,USD,0,0,USD,0
2026-03-22,2026-03-22,B0GFPVPPDC,,,4,1,0,,,1,0,USD,0,1355.75,USD,187,0,USD,0,0,USD,0
2026-03-22,2026-03-22,B0GFPXJ38Y,,,5,0,0,,,0,0,USD,0,1617.37,USD,197,0,USD,0,0,USD,0
2026-03-22,2026-03-22,B0GFPXSYSZ,,,4,0,0,,,0,0,USD,0,1543.8,USD,332,13.95,USD,3,0,USD,0
2026-03-22,2026-03-22,B0GFPYTHY9,,,5,0,0,,,0,0,USD,0,1683,USD,225,0,USD,0,0,USD,0
2026-03-22,2026-03-22,B0GFPZLRHL,,,5,1.0149,0,,,1,0,USD,0,665.54,USD,214,0,USD,0,0,USD,0
2026-03-23,2026-03-23,B000MAIC1M,,,,0,0,,,0,0,USD,0,296.66,USD,27,0,USD,0,296.66,USD,27
2026-03-23,2026-03-23,B0034CXR6K,,,,0,0,,,0,0,USD,0,126.83,USD,11,0,USD,0,126.83,USD,11
2026-03-23,2026-03-23,B0039YWFN4,,,,0,0,,,0,0,USD,0,0,USD,0,6.61,USD,1,0,USD,0
2026-03-23,2026-03-23,B004K9S3K6,,,,0,0,,,0,0,USD,0,959.03,USD,119,52.16,USD,7,191.43,USD,24
2026-03-23,2026-03-23,B004N0YB58,,,40,0,0,,,0,0,USD,0,301.25,USD,28,0,USD,0,43.88,USD,4
2026-03-23,2026-03-23,B00751XYN2,,,,0,0,,,0,0,USD,0,40.35,USD,5,0,USD,0,40.35,USD,5
2026-03-23,2026-03-23,B007BTTDSI,,,,0,0,,,0,0,USD,0,14099.58,USD,1987,0,USD,0,12091.98,USD,1742
2026-03-23,2026-03-23,B007MZ7VE4,,,1232,0,14.5,,,0,34.76,USD,4,1158.44,USD,136,33.86,USD,4,1019.4,USD,120
2026-03-23,2026-03-23,B007MZ7VHG,,,76,0,0,,,0,0,USD,0,27164.54,USD,3820,13.5,USD,2,17847.07,USD,2527
2026-03-23,2026-03-23,B009UOMMWQ,,,,0,0,,,0,0,USD,0,6123.24,USD,1314,18.64,USD,4,3751.3,USD,805
2026-03-23,2026-03-23,B009UOMNE8,,,168,0,0,,,0,0,USD,0,5660.45,USD,1726,6.56,USD,2,4692.85,USD,1431
2026-03-23,2026-03-23,B009UOMO8I,,,,0,0,,,0,0,USD,0,960.32,USD,130,0,USD,0,893.6,USD,122
2026-03-23,2026-03-23,B00D8MX6NA,,,794,0,0,,,0,0,USD,0,3190.16,USD,342,53.4,USD,6,94.76,USD,12
2026-03-23,2026-03-23,B00DTFLZK2,,,,0,0,,,0,0,USD,0,1898.19,USD,207,9.17,USD,1,1302.14,USD,142
2026-03-23,2026-03-23,B00H3ILK92,,,,0,0,,,0,0,USD,0,85.56,USD,12,5228.23,USD,840,0,USD,0
2026-03-23,2026-03-23,B00HUBBDIK,,,2552,0,7.75,,,0,30.76,USD,4,107561.63,USD,14895,143.25,USD,19,69680.69,USD,9969
2026-03-23,2026-03-23,B00IFV83MS,,,,0,0,,,0,0,USD,0,5798.79,USD,715,78.35,USD,10,1705.57,USD,224
2026-03-23,2026-03-23,B00JYCPRSA,,,,0,0,,,0,0,USD,0,1578.99,USD,393,0,USD,0,1578.99,USD,393
2026-03-23,2026-03-23,B00JYCPX4I,,,160,0,0,,,0,0,USD,0,1757.38,USD,212,0,USD,0,241.6,USD,30
2026-03-23,2026-03-23,B00JYCPX7K,,,,0,0,,,0,0,USD,0,12388.68,USD,2292,13.68,USD,2,12276.49,USD,2279
2026-03-23,2026-03-23,B00RZUV264,,,8,0,0,,,0,0,USD,0,98.53,USD,10,0,USD,0,62.53,USD,6
2026-03-23,2026-03-23,B00SM2O0M2,,,,0,0,,,0,0,USD,0,7.48,USD,1,0,USD,0,7.48,USD,1
2026-03-23,2026-03-23,B010VIPY92,,,,0,0,,,0,0,USD,0,8.23,USD,1,0,USD,0,8.23,USD,1
2026-03-23,2026-03-23,B015RW315G,,,,0,0,,,0,0,USD,0,1566.77,USD,231,0,USD,0,451.96,USD,63
2026-03-23,2026-03-23,B018BDNC3O,,,,0,0,,,0,0,USD,0,6949.08,USD,849,0,USD,0,6940.74,USD,848
2026-03-23,2026-03-23,B01DWIZTMK,,,2945,0,0,,,0,0,USD,0,16262.31,USD,3579,82.98,USD,18,3629.12,USD,838
2026-03-23,2026-03-23,B01H12JILG,,,24,0,0,,,0,0,USD,0,195.34,USD,15,14.58,USD,1,93.28,USD,8
2026-03-23,2026-03-23,B01H12OXQG,,,8,0,0,,,0,0,USD,0,65.73,USD,5,0,USD,0,11.41,USD,1
2026-03-23,2026-03-23,B01MG8UQC7,,,,0,0,,,0,0,USD,0,4471.25,USD,511,7.85,USD,1,1408.75,USD,161
2026-03-23,2026-03-23,B01N02MNVQ,,,,0,0,,,0,0,USD,0,89707.48,USD,11538,84.75,USD,11,72567.28,USD,9382
2026-03-23,2026-03-23,B01N4SC603,,,,0,0,,,0,0,USD,0,555.06,USD,66,33.64,USD,4,555.06,USD,66
2026-03-23,2026-03-23,B01N6UHPSE,,,,0,0,,,0,0,USD,0,3083.7,USD,360,8.55,USD,1,3040.95,USD,355
2026-03-23,2026-03-23,B06XDGNL1G,,,,0,0,,,0,0,USD,0,8.41,USD,1,0,USD,0,8.41,USD,1
2026-03-23,2026-03-23,B06XN6CYLQ,,,,0,0,,,0,0,USD,0,558.8,USD,146,0,USD,0,420.32,USD,109
2026-03-23,2026-03-23,B06XWJ7X4Q,,,,0,0,,,0,0,USD,0,0,USD,0,153.72,USD,14,0,USD,0
2026-03-23,2026-03-23,B06XWV5X9N,,,568,0,0,,,0,0,USD,0,18271.23,USD,1311,13.97,USD,1,7458.45,USD,537
2026-03-23,2026-03-23,B073GHYJ2P,,,,0,0,,,0,0,USD,0,317.71,USD,32,0,USD,0,234.37,USD,23
2026-03-23,2026-03-23,B073GMP14X,,,,0,0,,,0,0,USD,0,11.53,USD,1,0,USD,0,11.53,USD,1
2026-03-23,2026-03-23,B073RP3K8P,,,,0,0,,,0,0,USD,0,32.61,USD,3,0,USD,0,32.61,USD,3
2026-03-23,2026-03-23,B0757SCJP1,,,12,0,0,,,0,0,USD,0,209,USD,22,0,USD,0,0,USD,0
2026-03-23,2026-03-23,B075PGHPTJ,,,,0,0,,,0,0,USD,0,24.3,USD,1,0,USD,0,24.3,USD,1
2026-03-23,2026-03-23,B075SR8ZVG,,,120,0,0,,,0,0,USD,0,7661.42,USD,1027,7.46,USD,1,37.3,USD,5
2026-03-23,2026-03-23,B075TG2Q7F,,,88,0,0,,,0,0,USD,0,907.38,USD,93,0,USD,0,0,USD,0
2026-03-23,2026-03-23,B076ZY7WDR,,,16,0,0,,,0,0,USD,0,10878.27,USD,868,11.25,USD,1,394.83,USD,32
2026-03-23,2026-03-23,B0779T7WJQ,,,57,0,0,,,0,0,USD,0,1048.12,USD,108,10.01,USD,1,347.42,USD,38
2026-03-23,2026-03-23,B077B8DC2W,,,382,0,0,,,0,0,USD,0,10128.18,USD,876,11.57,USD,1,562.17,USD,49
2026-03-23,2026-03-23,B077B919QT,,,16,0,0,,,0,0,USD,0,1966.54,USD,177,0,USD,0,377.62,USD,37
2026-03-23,2026-03-23,B078TSRN4X,,,,0,0,,,0,0,USD,0,1159.23,USD,119,0,USD,0,115.1,USD,12
2026-03-23,2026-03-23,B079DDJPZS,,,576,0,0,,,0,0,USD,0,2931.68,USD,595,0,USD,0,1678.72,USD,354
2026-03-23,2026-03-23,B079DDNN3K,,,916,0,0,,,0,0,USD,0,5213.25,USD,1014,5.46,USD,1,2748.18,USD,562
2026-03-23,2026-03-23,B079DF63FW,,,3241,0,0,,,0,0,USD,0,7182.36,USD,1790,11.64,USD,3,460.92,USD,118
2026-03-23,2026-03-23,B079PTDHRL,,,,0,0,,,0,0,USD,0,45,USD,5,0,USD,0,45,USD,5
2026-03-23,2026-03-23,B079PXH2JV,,,,0,0,,,0,0,USD,0,10.25,USD,1,0,USD,0,10.25,USD,1
2026-03-23,2026-03-23,B079PYXHZM,,,,0,0,,,0,0,USD,0,276.75,USD,27,0,USD,0,276.75,USD,27
2026-03-23,2026-03-23,B079Q19YV2,,,,0,0,,,0,0,USD,0,,,,,,,,,
2026-03-23,2026-03-23,B079QB84LZ,,,,0,0,,,0,0,USD,0,48.75,USD,5,0,USD,0,48.75,USD,5
2026-03-23,2026-03-23,B079QBGJ3J,,,,0,0,,,0,0,USD,0,23.25,USD,3,0,USD,0,23.25,USD,3
2026-03-23,2026-03-23,B07B3VMB75,,,,0,0,,,0,0,USD,0,2.85,USD,1,68.4,USD,24,2.85,USD,1
2026-03-23,2026-03-23,B07B3WP8RR,,,,0,0,,,0,0,USD,0,162.56,USD,58,0,USD,0,162.56,USD,58
2026-03-23,2026-03-23,B07B41TPFM,,,16,0,0,,,0,0,USD,0,14936.03,USD,767,0,USD,0,9375.68,USD,482
2026-03-23,2026-03-23,B07CZDPPVJ,,,120,0,0,,,0,0,USD,0,1051.83,USD,293,7.2,USD,2,501.03,USD,140
2026-03-23,2026-03-23,B07CZLJ4P3,,,,0,0,,,0,0,USD,0,282.96,USD,72,0,USD,0,282.96,USD,72
2026-03-23,2026-03-23,B07D43N9HZ,,,,0,0,,,0,0,USD,0,27,USD,4,0,USD,0,27,USD,4
2026-03-23,2026-03-23,B07DQ5D9F9,,,15,0,0,,,0,0,USD,0,5454.97,USD,536,0,USD,0,3675.85,USD,368
2026-03-23,2026-03-23,B07DQFZWCL,,,12,0,0,,,0,0,USD,0,6831.83,USD,534,26.1,USD,2,1249.93,USD,98
2026-03-23,2026-03-23,B07FZPJ18V,,,1950,0,0,,,0,0,USD,0,9248.97,USD,2561,21.42,USD,6,3705.45,USD,1015
2026-03-23,2026-03-23,B07G7THY1T,,,,0,0,,,0,0,USD,0,6.89,USD,1,0,USD,0,6.89,USD,1
2026-03-23,2026-03-23,B07G7TSMWX,,,,0,0,,,0,0,USD,0,65.28,USD,8,9.09,USD,1,65.28,USD,8
2026-03-23,2026-03-23,B07G7XSTFS,,,,0,0,,,0,0,USD,0,34,USD,4,0,USD,0,34,USD,4
2026-03-23,2026-03-23,B07H78QP9M,,,,0,0,,,0,0,USD,0,24.85,USD,7,0,USD,0,24.85,USD,7
2026-03-23,2026-03-23,B07HHQHHCY,,,,0,0,,,0,0,USD,0,3918.3,USD,370,29.59,USD,3,84.72,USD,8
2026-03-23,2026-03-23,B07HHTYXDB,,,,0,0,,,0,0,USD,0,121,USD,10,0,USD,0,121,USD,10
2026-03-23,2026-03-23,B07HSFQMN7,,,,0,0,,,0,0,USD,0,703.74,USD,111,6.62,USD,1,525,USD,84
2026-03-23,2026-03-23,B07HSFZ3SG,,,,0,0,,,0,0,USD,0,103.44,USD,21,0,USD,0,103.44,USD,21
2026-03-23,2026-03-23,B07HSJ5R7V,,,1432,0,35.25,,,0,20.84,USD,4,648.04,USD,135,0,USD,0,9.89,USD,2
2026-03-23,2026-03-23,B07HSJNSJR,,,4330,0,0,,,0,0,USD,0,5479.08,USD,1484,14.16,USD,4,2800.25,USD,765
2026-03-23,2026-03-23,B07HSN3YJL,,,1182,0,0,,,0,0,USD,0,5611.19,USD,1243,13.21,USD,3,2558.6,USD,556
2026-03-23,2026-03-23,B07J9Q4XV9,,,,0,0,,,0,0,USD,0,8630.92,USD,508,0,USD,0,3398,USD,200
2026-03-23,2026-03-23,B07KCXK3G2,,,,0,0,,,0,0,USD,0,2.61,USD,1,0,USD,0,2.61,USD,1
2026-03-23,2026-03-23,B07KCXPL6V,,,192,0,0,,,0,0,USD,0,451.66,USD,110,0,USD,0,119.19,USD,29
2026-03-23,2026-03-23,B07KD24XBS,,,192,0,0,,,0,0,USD,0,658.37,USD,177,0,USD,0,658.37,USD,177
2026-03-23,2026-03-23,B07KD4TX3F,,,,0,0,,,0,0,USD,0,0,USD,0,0,USD,0,0,USD,0
2026-03-23,2026-03-23,B07KK6T42T,,,,0,0,,,0,0,USD,0,150.81,USD,33,0,USD,0,18.28,USD,4
2026-03-23,2026-03-23,B07KK79D6D,,,,0,0,,,0,0,USD,0,358.03,USD,43,0,USD,0,358.03,USD,43
2026-03-23,2026-03-23,B07KY1WY5P,,,,0,0,,,0,0,USD,0,38.25,USD,3,12.75,USD,1,38.25,USD,3
2026-03-23,2026-03-23,B07MG5YVJX,,,,0,0,,,0,0,USD,0,25,USD,2,0,USD,0,25,USD,2
2026-03-23,2026-03-23,B07N13SJQB,,,10,0,0,,,0,0,USD,0,4282.96,USD,420,10.2,USD,1,2416.36,USD,237
2026-03-23,2026-03-23,B07N7ZB2X1,,,1872,0,0,,,0,0,USD,0,6002.82,USD,668,8.42,USD,1,3367.04,USD,387
2026-03-23,2026-03-23,B07N7ZQX9M,,,,0,0,,,0,0,USD,0,1930,USD,157,12.5,USD,1,1930,USD,157
2026-03-23,2026-03-23,B07NC89LMZ,,,,0,0,,,0,0,USD,0,36.25,USD,5,0,USD,0,36.25,USD,5
2026-03-23,2026-03-23,B07ND5CJP2,,,,0,0,,,0,0,USD,0,16.4,USD,1,0,USD,0,16.4,USD,1
2026-03-23,2026-03-23,B07NDHMKSD,,,,0,0,,,0,0,USD,0,18289.86,USD,2778,0,USD,0,18218.69,USD,2767
2026-03-23,2026-03-23,B07NDHQZ96,,,,0,0,,,0,0,USD,0,1328.91,USD,205,0,USD,0,1328.91,USD,205
2026-03-23,2026-03-23,B07NRFGZG4,,,,0,0,,,0,0,USD,0,8.52,USD,3,0,USD,0,8.52,USD,3
2026-03-23,2026-03-23,B07P928YLJ,,,,0,0,,,0,0,USD,0,14.28,USD,2,0,USD,0,14.28,USD,2
2026-03-23,2026-03-23,B07PDJ6Z9L,,,48,0,0,,,0,0,USD,0,13962.63,USD,2675,37.35,USD,7,12199.35,USD,2359
2026-03-23,2026-03-23,B07PFG1RVP,,,,0,0,,,0,0,USD,0,0,USD,0,5.18,USD,2,0,USD,0
2026-03-23,2026-03-23,B07PP8CLLB,,,39,0,0,,,0,0,USD,0,426.36,USD,51,0,USD,0,0,USD,0
2026-03-23,2026-03-23,B07PPD8Q8V,,,180,0,0,,,0,0,USD,0,36760.15,USD,4135,26.67,USD,3,7938.77,USD,893
2026-03-23,2026-03-23,B07PQHZF2Y,,,21,0,0,,,0,0,USD,0,410.24,USD,32,11.5,USD,1,0,USD,0
2026-03-23,2026-03-23,B07QB9MX8P,,,492,0,0,,,0,0,USD,0,12146.51,USD,2250,37.87,USD,7,1833.42,USD,342
2026-03-23,2026-03-23,B07QGH299S,,,,0,0,,,0,0,USD,0,17.25,USD,3,0,USD,0,17.25,USD,3
2026-03-23,2026-03-23,B07QGH4DVH,,,454,0,0,,,0,0,USD,0,9625.2,USD,2468,3.9,USD,1,319.8,USD,82
2026-03-23,2026-03-23,B07QSCH73L,,,,0,0,,,0,0,USD,0,0,USD,0,191.52,USD,24,0,USD,0
2026-03-23,2026-03-23,B07R9PTGXN,,,884,0,0,,,0,0,USD,0,442.16,USD,52,8.64,USD,1,165.68,USD,20
2026-03-23,2026-03-23,B07V2LTV4R,,,,0,0,,,0,0,USD,0,3559.19,USD,317,0,USD,0,1835.51,USD,155
2026-03-23,2026-03-23,B07V5TGM2Q,,,336,0,0,,,0,0,USD,0,5447.09,USD,1741,9.38,USD,3,1412.87,USD,443
2026-03-23,2026-03-23,B07VKPJ87J,,,,0,0,,,0,0,USD,0,4764.42,USD,308,0,USD,0,1252.79,USD,77
2026-03-23,2026-03-23,B07VVDXJ98,,,,0,0,,,0,0,USD,0,218.5,USD,23,0,USD,0,218.5,USD,23
2026-03-23,2026-03-23,B07VZNYQGN,,,192,0,0,,,0,0,USD,0,6087.52,USD,473,25.74,USD,2,308.89,USD,24
2026-03-23,2026-03-23,B07VZPCHCV,,,,0,0,,,0,0,USD,0,1517.88,USD,130,0,USD,0,1176.06,USD,103
2026-03-23,2026-03-23,B07WZW46JX,,,832,0,0,,,0,0,USD,0,33421.6,USD,3009,142.28,USD,13,7478.64,USD,676
2026-03-23,2026-03-23,B07XZW9ZBM,,,,0,0,,,0,0,USD,0,,,,,,,,,
2026-03-23,2026-03-23,B07XZWFKMB,,,,0,0,,,0,0,USD,0,20.76,USD,4,5.19,USD,1,20.76,USD,4
2026-03-23,2026-03-23,B07XZX6HXF,,,174,0,0,,,0,0,USD,0,1298,USD,220,0,USD,0,295,USD,50
2026-03-23,2026-03-23,B07ZK4RFHD,,,168,0,0,,,0,0,USD,0,3654.6,USD,781,9.36,USD,2,3579.72,USD,765
2026-03-23,2026-03-23,B07ZK55B22,,,,0,0,,,0,0,USD,0,14.68,USD,4,0,USD,0,14.68,USD,4
2026-03-23,2026-03-23,B07ZK55SVC,,,220,0,0,,,0,0,USD,0,4199.23,USD,251,0,USD,0,133.84,USD,8
2026-03-23,2026-03-23,B07ZK55T38,,,222,0,0,,,0,0,USD,0,9097.5,USD,1590,5.81,USD,1,1542.89,USD,289
2026-03-23,2026-03-23,B07ZK596HV,,,,0,0,,,0,0,USD,0,2227.4,USD,329,0,USD,0,751.8,USD,112
2026-03-23,2026-03-23,B07ZWDGT79,,,108,0,0,,,0,0,USD,0,6027.9,USD,566,21.3,USD,2,1107.6,USD,104
2026-03-23,2026-03-23,B0849HCYJ6,,,,0,0,,,0,0,USD,0,8898.78,USD,850,21.46,USD,2,534.03,USD,51
2026-03-23,2026-03-23,B084C5XNYT,,,,0,0,,,0,0,USD,0,101.65,USD,19,5.35,USD,1,101.65,USD,19
2026-03-23,2026-03-23,B084DC7GR8,,,27,0,0,,,0,0,USD,0,2353.18,USD,248,28.62,USD,3,1866.64,USD,197
2026-03-23,2026-03-23,B084DCY6Q6,,,,0,0,,,0,0,USD,0,28.14,USD,2,0,USD,0,28.14,USD,2
2026-03-23,2026-03-23,B084DZ44KR,,,,0,0,,,0,0,USD,0,209.29,USD,19,0,USD,0,86.77,USD,8
2026-03-23,2026-03-23,B084DZ9YKG,,,12,0,0,,,0,0,USD,0,2068.4,USD,162,0,USD,0,1193.92,USD,91
2026-03-23,2026-03-23,B084DZC34B,,,72,0,0,,,0,0,USD,0,2707.78,USD,271,20.36,USD,2,2056.86,USD,207
2026-03-23,2026-03-23,B084DZFGZ6,,,820,0,0,,,0,0,USD,0,7280.7,USD,820,124.46,USD,14,2213.4,USD,250
2026-03-23,2026-03-23,B085H7SDHD,,,,0,0,,,0,0,USD,0,262.7,USD,54,0,USD,0,262.7,USD,54
2026-03-23,2026-03-23,B0866QQHH8,,,18,0,0,,,0,0,USD,0,212.85,USD,47,0,USD,0,79.2,USD,20
2026-03-23,2026-03-23,B0866S52S1,,,,0,0,,,0,0,USD,0,5.2,USD,1,0,USD,0,5.2,USD,1
2026-03-23,2026-03-23,B086W79KK2,,,,0,0,,,0,0,USD,0,,,,,,,,,
2026-03-23,2026-03-23,B0875Z9QNV,,,16,0,0,,,0,0,USD,0,338.1,USD,33,10.5,USD,1,96.6,USD,10
2026-03-23,2026-03-23,B087F2K7NY,,,,0,0,,,0,0,USD,0,22.56,USD,3,7.11,USD,1,22.56,USD,3
2026-03-23,2026-03-23,B087F3B6NN,,,,0,0,,,0,0,USD,0,33.08,USD,8,0,USD,0,33.08,USD,8
2026-03-23,2026-03-23,B0888XDN6R,,,,0,0,,,0,0,USD,0,15.45,USD,3,0,USD,0,15.45,USD,3
2026-03-23,2026-03-23,B0888XPMP5,,,,0,0,,,0,0,USD,0,24.66,USD,6,0,USD,0,24.66,USD,6
2026-03-23,2026-03-23,B0889H4NWW,,,,0,0,,,0,0,USD,0,1071.51,USD,191,28.05,USD,5,1071.51,USD,191
2026-03-23,2026-03-23,B089DN6RSH,,,102,0,0,,,0,0,USD,0,3286.65,USD,423,8.08,USD,1,1466.01,USD,195
2026-03-23,2026-03-23,B08B42NJG2,,,,0,0,,,0,0,USD,0,0,USD,0,37.05,USD,3,0,USD,0
2026-03-23,2026-03-23,B08B42P9JQ,,,48,0,0,,,0,0,USD,0,1083.82,USD,120,18.22,USD,2,692.09,USD,77
2026-03-23,2026-03-23,B08B43Y7DK,,,88,0,0,,,0,0,USD,0,1355.64,USD,143,0,USD,0,1355.64,USD,143
2026-03-23,2026-03-23,B08CJZBFG6,,,30,0,0,,,0,0,USD,0,182.35,USD,27,0,USD,0,42.9,USD,6
2026-03-23,2026-03-23,B08CK2F4SL,,,,0,0,,,0,0,USD,0,2019.61,USD,591,0,USD,0,1702.83,USD,499
2026-03-23,2026-03-23,B08CK3G9NT,,,4,0,0,,,0,0,USD,0,77.08,USD,9,0,USD,0,39.48,USD,5
2026-03-23,2026-03-23,B08CK5L53L,,,,0,0,,,0,0,USD,0,1963.21,USD,583,0,USD,0,1928.77,USD,573
2026-03-23,2026-03-23,B08CWRNH2J,,,8,0,0,,,0,0,USD,0,74.25,USD,15,0,USD,0,0,USD,0
2026-03-23,2026-03-23,B08CWXNRGR,,,92,0,0,,,0,0,USD,0,1744.35,USD,181,0,USD,0,1361.31,USD,139
2026-03-23,2026-03-23,B08CX14HLP,,,412,0,0,,,0,0,USD,0,14381.05,USD,1440,0,USD,0,3774.46,USD,390
2026-03-23,2026-03-23,B08CX5168M,,,,0,0,,,0,0,USD,0,473.97,USD,55,0,USD,0,473.97,USD,55
2026-03-23,2026-03-23,B08CX9FXD2,,,164,0,0,,,0,0,USD,0,922.8,USD,120,7.69,USD,1,399.88,USD,52
2026-03-23,2026-03-23,B08CXCHTB8,,,,0,0,,,0,0,USD,0,846.61,USD,73,0,USD,0,846.61,USD,73
2026-03-23,2026-03-23,B08FPBY5P2,,,132,0,0,,,0,0,USD,0,26825,USD,4292,6.25,USD,1,26800,USD,4288
2026-03-23,2026-03-23,B08FPMQXZQ,,,,0,0,,,0,0,USD,0,781.02,USD,54,0,USD,0,548.35,USD,37
2026-03-23,2026-03-23,B08FPS18T7,,,24,0,0,,,0,0,USD,0,,,,,,,,,
2026-03-23,2026-03-23,B08FPTD1CB,,,,0,0,,,0,0,USD,0,1162.66,USD,160,0,USD,0,722.78,USD,100
2026-03-23,2026-03-23,B08FPTFQYS,,,,0,0,,,0,0,USD,0,24.18,USD,3,0,USD,0,24.18,USD,3
2026-03-23,2026-03-23,B08FZ11BZL,,,220,0,0,,,0,0,USD,0,2316.16,USD,176,0,USD,0,1855.56,USD,141
2026-03-23,2026-03-23,B08GTQQTP8,,,,0,0,,,0,0,USD,0,10,USD,1,0,USD,0,10,USD,1
2026-03-23,2026-03-23,B08GTTT2K1,,,348,0,0,,,0,0,USD,0,7872.94,USD,2097,33.46,USD,9,5413.9,USD,1443
2026-03-23,2026-03-23,B08GV37D8S,,,12,0,0,,,0,0,USD,0,339.48,USD,52,6.56,USD,1,155.8,USD,24
2026-03-23,2026-03-23,B08GYLV34K,,,5,0,0,,,0,0,USD,0,17532.31,USD,2117,16.9,USD,2,7565.56,USD,896
2026-03-23,2026-03-23,B08KKCPW4P,,,1,0,0,,,0,0,USD,0,949.26,USD,224,3.84,USD,1,648.92,USD,158
2026-03-23,2026-03-23,B08L71ZHJ3,,,2,0,0,,,0,0,USD,0,185.06,USD,39,0,USD,0,134.66,USD,29
2026-03-23,2026-03-23,B08L72XJHR,,,,0,0,,,0,0,USD,0,87.76,USD,8,0,USD,0,87.76,USD,8
2026-03-23,2026-03-23,B08L75B7FN,,,,0,0,,,0,0,USD,0,110.88,USD,22,0,USD,0,70.56,USD,14
2026-03-23,2026-03-23,B08LDZSZV6,,,,0,0,,,0,0,USD,0,0,USD,0,0,USD,0,0,USD,0
2026-03-23,2026-03-23,B08LF3MRPH,,,217,0,0,,,0,0,USD,0,2188.44,USD,149,0,USD,0,339.75,USD,26
2026-03-23,2026-03-23,B08LF4MJ43,,,331,0,0,,,0,0,USD,0,4484.41,USD,349,63.95,USD,5,429.98,USD,32
2026-03-23,2026-03-23,B08M95FCZK,,,,0,0,,,0,0,USD,0,366.89,USD,52,0,USD,0,366.89,USD,52
2026-03-23,2026-03-23,B08M9M9R5X,,,30,0,0,,,0,0,USD,0,908.82,USD,66,0,USD,0,440.64,USD,32
2026-03-23,2026-03-23,B08M9S4PMZ,,,,0,0,,,0,0,USD,0,6.75,USD,1,0,USD,0,6.75,USD,1
2026-03-23,2026-03-23,B08NDXWPPW,,,154,0,0,,,0,0,USD,0,10883.5,USD,1240,0,USD,0,454.92,USD,51
2026-03-23,2026-03-23,B08PN58K6M,,,433,0,0,,,0,0,USD,0,7996.7,USD,2295,31.94,USD,9,4812.74,USD,1408
2026-03-23,2026-03-23,B08PQ87PMF,,,,0,0,,,0,0,USD,0,9.4,USD,1,0,USD,0,9.4,USD,1
2026-03-23,2026-03-23,B08QQL8KZG,,,72,0,0,,,0,0,USD,0,3294.35,USD,506,0,USD,0,2377.98,USD,373
2026-03-23,2026-03-23,B08QQRFQNC,,,6310,0,14.5,,,0,22.32,USD,4,1601.46,USD,287,5.58,USD,1,0,USD,0
2026-03-23,2026-03-23,B08QR6G349,,,-95,0,0,,,0,0,USD,0,8263.94,USD,1532,104.28,USD,19,4063.5,USD,746
2026-03-23,2026-03-23,B08QR6GSY8,,,114,0,0,,,0,0,USD,0,4567.76,USD,1302,7.22,USD,2,3140.42,USD,906
2026-03-23,2026-03-23,B08QR7L5RW,,,,0,0,,,0,0,USD,0,58.72,USD,16,0,USD,0,47.71,USD,13
2026-03-23,2026-03-23,B08QRCDL4N,,,90,0,0,,,0,0,USD,0,740.05,USD,205,0,USD,0,292.41,USD,81
2026-03-23,2026-03-23,B08QVB5H5Z,,,,0,0,,,0,0,USD,0,348.72,USD,98,0,USD,0,300.36,USD,85
2026-03-23,2026-03-23,B08R5J8Z28,,,,0,0,,,0,0,USD,0,176.09,USD,40,0,USD,0,55.67,USD,13
2026-03-23,2026-03-23,B08RRWMYVF,,,,0,0,,,0,0,USD,0,0,USD,0,37.44,USD,12,0,USD,0
2026-03-23,2026-03-23,B08RRYYGC2,,,,0,0,,,0,0,USD,0,0,USD,0,3.12,USD,1,0,USD,0
2026-03-23,2026-03-23,B08SYYQ9R9,,,,0,0,,,0,0,USD,0,0,USD,0,92.24,USD,4,0,USD,0
2026-03-23,2026-03-23,B08WYQFF3M,,,,0,0,,,0,0,USD,0,5.58,USD,1,0,USD,0,5.58,USD,1
2026-03-23,2026-03-23,B091YDV22K,,,7,0,0,,,0,0,USD,0,10410.92,USD,596,69.89,USD,4,3090.97,USD,177
2026-03-23,2026-03-23,B0932TB3Z6,,,440,0,0,,,0,0,USD,0,9933,USD,660,60.2,USD,4,45.15,USD,3
2026-03-23,2026-03-23,B093MTGKXC,,,,0,0,,,0,0,USD,0,3061.85,USD,364,0,USD,0,1372.45,USD,160
2026-03-23,2026-03-23,B094PHGQ1G,,,,0,0,,,0,0,USD,0,917,USD,131,14,USD,2,413,USD,59
2026-03-23,2026-03-23,B097WQ7ZK3,,,,0,0,,,0,0,USD,0,5.55,USD,1,0,USD,0,5.55,USD,1
2026-03-23,2026-03-23,B097WZB6NW,,,,0,0,,,0,0,USD,0,50.05,USD,7,0,USD,0,50.05,USD,7
2026-03-23,2026-03-23,B0992QXNP6,,,,0,0,,,0,0,USD,0,228,USD,12,0,USD,0,228,USD,12
2026-03-23,2026-03-23,B0992V3RFP,,,,0,0,,,0,0,USD,0,19.8,USD,1,0,USD,0,19.8,USD,1
2026-03-23,2026-03-23,B099DSPZ99,,,,0,0,,,0,0,USD,0,2617.84,USD,211,0,USD,0,2617.84,USD,211
2026-03-23,2026-03-23,B099NXFTK2,,,,0,0,,,0,0,USD,0,169.8,USD,8,0,USD,0,169.8,USD,8
2026-03-23,2026-03-23,B099VXHYMC,,,,0,0,,,0,0,USD,0,990.36,USD,84,11.95,USD,1,990.36,USD,84
2026-03-23,2026-03-23,B09CQYL1J9,,,,0,0,,,0,0,USD,0,1032.41,USD,77,0,USD,0,1032.41,USD,77
2026-03-23,2026-03-23,B09CR5RX65,,,,0,0,,,0,0,USD,0,7155.7,USD,798,26.02,USD,3,3298.6,USD,361
2026-03-23,2026-03-23,B09CR6BDW3,,,,0,0,,,0,0,USD,0,268.56,USD,26,0,USD,0,118.2,USD,10
2026-03-23,2026-03-23,B09CR6YVHS,,,,0,0,,,0,0,USD,0,53.83,USD,7,0,USD,0,53.83,USD,7
2026-03-23,2026-03-23,B09CR7N6X7,,,,0,0,,,0,0,USD,0,15,USD,2,0,USD,0,15,USD,2
2026-03-23,2026-03-23,B09CR89VFM,,,,0,0,,,0,0,USD,0,84,USD,10,0,USD,0,84,USD,10
2026-03-23,2026-03-23,B09CR8L4CG,,,,0,0,,,0,0,USD,0,645.75,USD,85,7.69,USD,1,645.75,USD,85
2026-03-23,2026-03-23,B09CR9G46J,,,,0,0,,,0,0,USD,0,1456.69,USD,149,0,USD,0,1456.69,USD,149
2026-03-23,2026-03-23,B09CRCN6PJ,,,,0,0,,,0,0,USD,0,320.6,USD,34,0,USD,0,112.7,USD,12
2026-03-23,2026-03-23,B09CRDVHZ6,,,18,0,0,,,0,0,USD,0,2589.61,USD,293,17.72,USD,2,1092.27,USD,124
2026-03-23,2026-03-23,B09CRJYDM4,,,,0,0,,,0,0,USD,0,374.14,USD,26,0,USD,0,0,USD,0
2026-03-23,2026-03-23,B09CRJYF7N,,,36,0,0,,,0,0,USD,0,2059.38,USD,124,33.22,USD,2,16.61,USD,1
2026-03-23,2026-03-23,B09DF5T7VC,,,,0,0,,,0,0,USD,0,31.35,USD,3,0,USD,0,0,USD,0
2026-03-23,2026-03-23,B09FG6YKK1,,,,0,0,,,0,0,USD,0,1398.21,USD,251,6.45,USD,1,1398.21,USD,251
2026-03-23,2026-03-23,B09FG6YP43,,,,0,0,,,0,0,USD,0,104.04,USD,18,0,USD,0,104.04,USD,18
2026-03-23,2026-03-23,B09FG78TY3,,,,0,0,,,0,0,USD,0,0,USD,0,22.5,USD,3,0,USD,0
2026-03-23,2026-03-23,B09FG7H2P6,,,,0,0,,,0,0,USD,0,2536.89,USD,330,0,USD,0,2398.11,USD,312
2026-03-23,2026-03-23,B09FG7PLZK,,,,0,0,,,0,0,USD,0,673.66,USD,63,0,USD,0,673.66,USD,63
2026-03-23,2026-03-23,B09FG7VZ6B,,,4,0,0,,,0,0,USD,0,288.75,USD,21,0,USD,0,0,USD,0
2026-03-23,2026-03-23,B09FG815Q8,,,,0,0,,,0,0,USD,0,44.6,USD,4,11.15,USD,1,44.6,USD,4
2026-03-23,2026-03-23,B09FG8179S,,,24,0,0,,,0,0,USD,0,751.68,USD,58,0,USD,0,648,USD,50
2026-03-23,2026-03-23,B09FG88MKW,,,456,0,0,,,0,0,USD,0,10031.44,USD,1355,53.06,USD,7,3452.78,USD,487
2026-03-23,2026-03-23,B09FG8LF87,,,,0,0,,,0,0,USD,0,8.1,USD,1,0,USD,0,8.1,USD,1
2026-03-23,2026-03-23,B09FG92BCJ,,,48,0,0,,,0,0,USD,0,0,USD,0,10.14,USD,1,0,USD,0
2026-03-23,2026-03-23,B09FG9GV5X,,,,0,0,,,0,0,USD,0,9.8,USD,1,0,USD,0,9.8,USD,1
2026-03-23,2026-03-23,B09FGB8TQ4,,,,0,0,,,0,0,USD,0,102.81,USD,11,0,USD,0,102.81,USD,11
2026-03-23,2026-03-23,B09GPW9NXL,,,204,0,0,,,0,0,USD,0,6.8,USD,1,0,USD,0,6.8,USD,1
2026-03-23,2026-03-23,B09GPYFHY7,,,8,0,0,,,0,0,USD,0,8688.23,USD,645,0,USD,0,1188.75,USD,87
2026-03-23,2026-03-23,B09GPYH76H,,,341,0,0,,,0,0,USD,0,9714.32,USD,1162,24.22,USD,3,652.08,USD,78
2026-03-23,2026-03-23,B09JBDPC2P,,,4,0,0,,,0,0,USD,0,1688.75,USD,175,9.65,USD,1,135.1,USD,14
2026-03-23,2026-03-23,B09JBDTVK5,,,,0,0,,,0,0,USD,0,108.21,USD,13,0,USD,0,40.05,USD,5
2026-03-23,2026-03-23,B09JBDXBQF,,,,0,0,,,0,0,USD,0,1442.33,USD,109,0,USD,0,1384.37,USD,105
2026-03-23,2026-03-23,B09JBFTDN8,,,,0,0,,,0,0,USD,0,1436.34,USD,122,0,USD,0,773.1,USD,67
2026-03-23,2026-03-23,B09JBHSP2P,,,,0,0,,,0,0,USD,0,13.5,USD,2,0,USD,0,13.5,USD,2
2026-03-23,2026-03-23,B09JBNHVFZ,,,7117,0,0,,,0,0,USD,0,109231.2,USD,10503,499.2,USD,48,19645.6,USD,1889
2026-03-23,2026-03-23,B09JBY6LML,,,12,0,0,,,0,0,USD,0,114.84,USD,18,6.38,USD,1,0,USD,0
2026-03-23,2026-03-23,B09LC5T863,,,,0,0,,,0,0,USD,0,0,USD,0,224.45,USD,54,0,USD,0
2026-03-23,2026-03-23,B09LCDRS5G,,,,0,0,,,0,0,USD,0,2775.96,USD,312,0,USD,0,1489.49,USD,164
2026-03-23,2026-03-23,B09LCF8RNW,,,,0,0,,,0,0,USD,0,540.15,USD,39,0,USD,0,540.15,USD,39
2026-03-23,2026-03-23,B09LCJZPRS,,,,0,0,,,0,0,USD,0,0,USD,0,792,USD,88,0,USD,0
2026-03-23,2026-03-23,B09LCNC5R5,,,,0,0,,,0,0,USD,0,3080.4,USD,170,0,USD,0,960.36,USD,53
2026-03-23,2026-03-23,B09LCP82TF,,,,0,0,,,0,0,USD,0,66.75,USD,10,7.07,USD,1,27.5,USD,5
2026-03-23,2026-03-23,B09LCQ8H4Y,,,,0,0,,,0,0,USD,0,1489.6,USD,158,0,USD,0,1479.56,USD,157
2026-03-23,2026-03-23,B09LCQHYQP,,,,0,0,,,0,0,USD,0,70.65,USD,9,0,USD,0,7.85,USD,1
2026-03-23,2026-03-23,B09NZ6ZVZ4,,,30,0,0,,,0,0,USD,0,527.88,USD,48,0,USD,0,185.02,USD,17
2026-03-23,2026-03-23,B09NZHD4YK,,,1129,0,0,,,0,0,USD,0,1433.65,USD,299,38.3,USD,8,153.25,USD,35
2026-03-23,2026-03-23,B09NZN6W3L,,,48,0,21.33,,,0,21.66,USD,6,590.27,USD,178,0,USD,0,42.63,USD,12
2026-03-23,2026-03-23,B09NZNBZ7N,,,76,0,0,,,0,0,USD,0,2853.55,USD,391,7.3,USD,1,919.05,USD,126
2026-03-23,2026-03-23,B09PGV61BW,,,176,0,0,,,0,0,USD,0,24168.38,USD,2652,63.52,USD,7,18601.84,USD,2064
2026-03-23,2026-03-23,B09PGVGCH5,,,1968,0,0,,,0,0,USD,0,211871.18,USD,56830,298.4,USD,80,207454.4,USD,55644
2026-03-23,2026-03-23,B09PGVLVHL,,,928,0,0,,,0,0,USD,0,40846.01,USD,4057,80.56,USD,8,35821.08,USD,3558
2026-03-23,2026-03-23,B09PGVSD2N,,,,0,0,,,0,0,USD,0,182.32,USD,62,0,USD,0,182.32,USD,62
2026-03-23,2026-03-23,B09PGVTTZ1,,,96,0,0,,,0,0,USD,0,8255.74,USD,2258,56.88,USD,16,5029.29,USD,1393
2026-03-23,2026-03-23,B09PGVZ5TJ,,,,0,0,,,0,0,USD,0,113440.29,USD,35708,59.89,USD,19,112080.03,USD,35277
2026-03-23,2026-03-23,B09PGWQBB5,,,6,0,0,,,0,0,USD,0,8.84,USD,2,4.2,USD,1,8.84,USD,2
2026-03-23,2026-03-23,B09PRTHHQS,,,,0,0,,,0,0,USD,0,196,USD,25,0,USD,0,126,USD,18
2026-03-23,2026-03-23,B09PRTNMC5,,,,0,0,,,0,0,USD,0,7.5,USD,1,7.5,USD,1,7.5,USD,1
2026-03-23,2026-03-23,B09PRV1LVQ,,,12,0,0,,,0,0,USD,0,202.8,USD,31,7.5,USD,1,159.15,USD,25
2026-03-23,2026-03-23,B09QQWS4M5,,,,0,0,,,0,0,USD,0,11958.21,USD,1371,36.28,USD,4,7421.65,USD,871
2026-03-23,2026-03-23,B09QRB8SYX,,,,0,0,,,0,0,USD,0,117,USD,13,0,USD,0,117,USD,13
2026-03-23,2026-03-23,B09QRBBFQX,,,,0,0,,,0,0,USD,0,5.65,USD,1,0,USD,0,5.65,USD,1
2026-03-23,2026-03-23,B09QRCV9S8,,,,0,0,,,0,0,USD,0,15035.63,USD,1916,32.77,USD,4,12555.55,USD,1621
2026-03-23,2026-03-23,B09QRD7TLX,,,,0,0,,,0,0,USD,0,23,USD,4,0,USD,0,23,USD,4
2026-03-23,2026-03-23,B09QRD8WCF,,,,0,0,,,0,0,USD,0,7.02,USD,1,0,USD,0,7.02,USD,1
2026-03-23,2026-03-23,B09QRFPLD1,,,1001,0,0,,,0,0,USD,0,1413.45,USD,297,9.7,USD,2,234.9,USD,54
2026-03-23,2026-03-23,B09QRHSWLG,,,40,0,0,,,0,0,USD,0,5475.22,USD,1025,10.3,USD,2,3581.02,USD,695
2026-03-23,2026-03-23,B09QRK2MSL,,,,0,0,,,0,0,USD,0,8955.52,USD,1019,16.7,USD,2,6940.2,USD,790
2026-03-23,2026-03-23,B09QRL5W33,,,,0,0,,,0,0,USD,0,10050.5,USD,1948,36.15,USD,7,8993.2,USD,1754
2026-03-23,2026-03-23,B09QRLZN89,,,,0,0,,,0,0,USD,0,4416.71,USD,1153,207.11,USD,55,3564.42,USD,934
2026-03-23,2026-03-23,B09QRMYDK6,,,,0,0,,,0,0,USD,0,20474.8,USD,2108,66.38,USD,7,16659.68,USD,1723
2026-03-23,2026-03-23,B09QRN4RMC,,,212,0,0,,,0,0,USD,0,4227.52,USD,454,0,USD,0,3818.75,USD,413
2026-03-23,2026-03-23,B09QRP863Z,,,156,0,21.25,,,0,25.64,USD,4,4929.85,USD,773,25.64,USD,4,4147.83,USD,651
2026-03-23,2026-03-23,B09QRS3DXV,,,,0,0,,,0,0,USD,0,36.3,USD,3,0,USD,0,0,USD,0
2026-03-23,2026-03-23,B09QRTDTK3,,,28,0,0,,,0,0,USD,0,585.97,USD,137,0,USD,0,15.4,USD,4
2026-03-23,2026-03-23,B09QRTSFY4,,,,0,0,,,0,0,USD,0,189.9,USD,47,68.55,USD,19,144.14,USD,36
2026-03-23,2026-03-23,B09S27RTMF,,,,0,0,,,0,0,USD,0,1995.43,USD,199,0,USD,0,1460.66,USD,146
2026-03-23,2026-03-23,B09S28QYQ5,,,,0,0,,,0,0,USD,0,5637.1,USD,440,13.1,USD,1,4602.2,USD,361
2026-03-23,2026-03-23,B09S2FJRL1,,,,0,0,,,0,0,USD,0,64817.69,USD,7979,97.42,USD,12,64580.09,USD,7949
2026-03-23,2026-03-23,B09Y2DCH6Z,,,,0,0,,,0,0,USD,0,2180.45,USD,197,0,USD,0,1243.85,USD,113
2026-03-23,2026-03-23,B09Y2DHRB8,,,,0,0,,,0,0,USD,0,5104.05,USD,524,9.5,USD,1,3776.25,USD,398
2026-03-23,2026-03-23,B09Y2DHRBC,,,28,0,0,,,0,0,USD,0,2879.32,USD,207,26.44,USD,2,1388.24,USD,100
2026-03-23,2026-03-23,B09Y2DSNDZ,,,24,0,0,,,0,0,USD,0,658.8,USD,55,0,USD,0,10.8,USD,1
2026-03-23,2026-03-23,B09Y2GP7T7,,,,0,0,,,0,0,USD,0,2394.88,USD,205,22.91,USD,2,773.38,USD,67
2026-03-23,2026-03-23,B0B6GJ6WJX,,,84,0,0,,,0,0,USD,0,1281.06,USD,258,0,USD,0,796.61,USD,169
2026-03-23,2026-03-23,B0B6GKT49Q,,,,0,0,,,0,0,USD,0,1099.65,USD,99,0,USD,0,662.25,USD,64
2026-03-23,2026-03-23,B0B6GL64PW,,,,0,0,,,0,0,USD,0,138.26,USD,31,0,USD,0,133.8,USD,30
2026-03-23,2026-03-23,B0B6GL6WJM,,,420,0,0,,,0,0,USD,0,12639.44,USD,2294,49.59,USD,9,2671.85,USD,485
2026-03-23,2026-03-23,B0B9HTM5GG,,,35,0,0,,,0,0,USD,0,3672.18,USD,388,8.5,USD,1,1380.12,USD,146
2026-03-23,2026-03-23,B0BG66QWF3,,,,0,0,,,0,0,USD,0,536.61,USD,54,0,USD,0,517.03,USD,52
2026-03-23,2026-03-23,B0C6FWJSYY,,,154,0,0,,,0,0,USD,0,3169.34,USD,507,0,USD,0,208.36,USD,34
2026-03-23,2026-03-23,B0C6FX7KC9,,,,0,0,,,0,0,USD,0,338.4,USD,62,6,USD,1,114,USD,19
2026-03-23,2026-03-23,B0C6FXGD4Q,,,20,0,0,,,0,0,USD,0,2195.35,USD,203,10.82,USD,1,702.19,USD,65
2026-03-23,2026-03-23,B0C6FXMLXQ,,,,0,0,,,0,0,USD,0,0,USD,0,641.52,USD,81,0,USD,0
2026-03-23,2026-03-23,B0C6FXN4FM,,,32,0,0,,,0,0,USD,0,920.4,USD,60,0,USD,0,122.72,USD,8
2026-03-23,2026-03-23,B0C6FXNMS6,,,,0,0,,,0,0,USD,0,3688.08,USD,322,0,USD,0,780.55,USD,67
2026-03-23,2026-03-23,B0C6FXP2FS,,,,0,0,,,0,0,USD,0,2544.31,USD,185,14.69,USD,1,890.2,USD,66
2026-03-23,2026-03-23,B0C6FXV47T,,,,0,0,,,0,0,USD,0,2623.62,USD,280,10.32,USD,1,685.1,USD,71
2026-03-23,2026-03-23,B0C6FXVWNP,,,,0,0,,,0,0,USD,0,0,USD,0,682.32,USD,104,0,USD,0
2026-03-23,2026-03-23,B0C6FY4MWC,,,,0,0,,,0,0,USD,0,5196.25,USD,497,0,USD,0,3885,USD,372
2026-03-23,2026-03-23,B0C6FY722F,,,,0,0,,,0,0,USD,0,8745.89,USD,1339,13.1,USD,2,8117.09,USD,1243
2026-03-23,2026-03-23,B0C6FY95QT,,,,0,0,,,0,0,USD,0,436.54,USD,71,0,USD,0,183.08,USD,30
2026-03-23,2026-03-23,B0C6FY997J,,,,0,0,,,0,0,USD,0,5640.96,USD,827,6.95,USD,1,3577.91,USD,515
2026-03-23,2026-03-23,B0C6FYN14M,,,,0,0,,,0,0,USD,0,1115.52,USD,192,0,USD,0,34.86,USD,6
2026-03-23,2026-03-23,B0C6FYTP23,,,66,0,0,,,0,0,USD,0,3838.68,USD,212,36.7,USD,2,825.75,USD,45
2026-03-23,2026-03-23,B0C6FYX7YZ,,,,0,0,,,0,0,USD,0,8403.79,USD,1085,0,USD,0,3802.6,USD,512
2026-03-23,2026-03-23,B0C6FYZFRG,,,,0,0,,,0,0,USD,0,2420.78,USD,198,0,USD,0,448.53,USD,37
2026-03-23,2026-03-23,B0C6FZ355R,,,4,0,0,,,0,0,USD,0,168.02,USD,11,0,USD,0,70.7,USD,5
2026-03-23,2026-03-23,B0C6FZ4MCH,,,,0,0,,,0,0,USD,0,409.51,USD,75,10.51,USD,2,318.31,USD,56
2026-03-23,2026-03-23,B0C6FZPJ61,,,28,0,0,,,0,0,USD,0,1641.85,USD,243,0,USD,0,215.49,USD,31
2026-03-23,2026-03-23,B0C6G1VP7W,,,,0,0,,,0,0,USD,0,77.5,USD,5,0,USD,0,77.5,USD,5
2026-03-23,2026-03-23,B0C7DGWFP2,,,,0,0,,,0,0,USD,0,153.12,USD,22,0,USD,0,153.12,USD,22
2026-03-23,2026-03-23,B0CBSX59GF,,,1168,0,0,,,0,0,USD,0,11199.36,USD,2456,4.56,USD,1,2083.92,USD,457
2026-03-23,2026-03-23,B0CDYF5SM1,,,1153,0,0,,,0,0,USD,0,16535.58,USD,5314,27.99,USD,9,9262.02,USD,2982
2026-03-23,2026-03-23,B0CDYFSR39,,,,0,0,,,0,0,USD,0,2.13,USD,1,0,USD,0,2.13,USD,1
2026-03-23,2026-03-23,B0CDYHBJ37,,,,0,0,,,0,0,USD,0,1239.12,USD,362,3.27,USD,1,847.29,USD,251
2026-03-23,2026-03-23,B0CDYM2XMN,,,,0,0,,,0,0,USD,0,27135.59,USD,3293,0,USD,0,27040.97,USD,3282
2026-03-23,2026-03-23,B0CDYPF958,,,12,0,0,,,0,0,USD,0,1858.67,USD,343,17.21,USD,3,383.51,USD,82
2026-03-23,2026-03-23,B0CDYRLZ8X,,,,0,0,,,0,0,USD,0,587.4,USD,66,0,USD,0,587.4,USD,66
2026-03-23,2026-03-23,B0CDYRRGQ3,,,,0,0,,,0,0,USD,0,0,USD,0,123,USD,12,0,USD,0
2026-03-23,2026-03-23,B0CDYSG4BC,,,244,0,0,,,0,0,USD,0,9445.2,USD,1346,28.24,USD,4,4044.26,USD,581
2026-03-23,2026-03-23,B0CDYVK9JZ,,,,0,0,,,0,0,USD,0,1014.84,USD,161,0,USD,0,827.52,USD,133
2026-03-23,2026-03-23,B0CDYW89T8,,,12,0,0,,,0,0,USD,0,21808.21,USD,2145,10.38,USD,1,17137.21,USD,1695
2026-03-23,2026-03-23,B0CDYWRTWJ,,,28,0,0,,,0,0,USD,0,1009.41,USD,105,0,USD,0,813.52,USD,86
2026-03-23,2026-03-23,B0CDYZ3M42,,,,0,0,,,0,0,USD,0,8192.64,USD,2820,20.05,USD,7,8051.04,USD,2772
2026-03-23,2026-03-23,B0CDYZN632,,,,0,0,,,0,0,USD,0,6783.45,USD,582,0,USD,0,5149.95,USD,447
2026-03-23,2026-03-23,B0CDZ2V4S7,,,2118,0,0,,,0,0,USD,0,19711.1,USD,7195,190.4,USD,71,10964.68,USD,4002
2026-03-23,2026-03-23,B0CDZ2W2MV,,,76,0,0,,,0,0,USD,0,15877.79,USD,1937,49.56,USD,6,14009.35,USD,1710
2026-03-23,2026-03-23,B0CN7C211F,,,0,0,84,,,0,3.34,USD,1,20348.68,USD,6097,6.34,USD,2,6172.42,USD,1852
2026-03-23,2026-03-23,B0CN7CJ61R,,,,0,0,,,0,0,USD,0,10980.99,USD,2403,55.8,USD,12,9309.87,USD,2043
2026-03-23,2026-03-23,B0CN7DM51G,,,48,0,0,,,0,0,USD,0,2778.25,USD,641,17.62,USD,4,1924.96,USD,457
2026-03-23,2026-03-23,B0CN7DWBSW,,,519,0,0,,,0,0,USD,0,9897.04,USD,772,12.82,USD,1,230.76,USD,18
2026-03-23,2026-03-23,B0CN7DWWFP,,,300,0,35.92,,,0,55.8,USD,12,18570.3,USD,4006,59.97,USD,13,575.28,USD,136
2026-03-23,2026-03-23,B0CN7DWWVM,,,12,0,0,,,0,0,USD,0,3002.48,USD,970,3,USD,1,1989,USD,663
2026-03-23,2026-03-23,B0CN7F4B9Z,,,24,0,0,,,0,0,USD,0,7926.62,USD,1730,17.62,USD,4,1277.97,USD,297
2026-03-23,2026-03-23,B0CN7F4PKC,,,,0,0,,,0,0,USD,0,18703.2,USD,4032,23.25,USD,5,14899.5,USD,3214
2026-03-23,2026-03-23,B0CN7FLF5T,,,48,0,0,,,0,0,USD,0,5470.4,USD,1641,6.34,USD,2,123.4,USD,40
2026-03-23,2026-03-23,B0CN7FQ8V5,,,,0,0,,,0,0,USD,0,1805.5,USD,599,0,USD,0,1575,USD,525
2026-03-23,2026-03-23,B0CN7FVF7W,,,,0,0,,,0,0,USD,0,32239.57,USD,5857,60.61,USD,11,31664.96,USD,5752
2026-03-23,2026-03-23,B0CN7G1D22,,,,0,0,,,0,0,USD,0,103875.19,USD,8640,141.03,USD,12,90826.26,USD,7387
2026-03-23,2026-03-23,B0CN7GZ3PZ,,,,0,0,,,0,0,USD,0,9308.93,USD,1097,0,USD,0,6431.81,USD,764
2026-03-23,2026-03-23,B0CN7H8SY1,,,32,0,0,,,0,0,USD,0,5908.28,USD,470,36.82,USD,3,3773.28,USD,308
2026-03-23,2026-03-23,B0CPKGW3GZ,,,820,0,0,,,0,0,USD,0,48598.81,USD,4627,128.95,USD,13,35026.79,USD,3345
2026-03-23,2026-03-23,B0CPKKHT8P,,,96,0,0,,,0,0,USD,0,48027.97,USD,9324,137.97,USD,27,11763.89,USD,2257
2026-03-23,2026-03-23,B0CRSGZN8V,,,12,0,0,,,0,0,USD,0,4565,USD,500,9.13,USD,1,1205.16,USD,132
2026-03-23,2026-03-23,B0CRSNJQ1D,,,16,0,0,,,0,0,USD,0,4644.99,USD,511,0,USD,0,36.36,USD,4
2026-03-23,2026-03-23,B0CRSRW7LM,,,104,0,0,,,0,0,USD,0,5809.12,USD,427,24.8,USD,2,339.48,USD,24
2026-03-23,2026-03-23,B0CRSS87CF,,,,0,0,,,0,0,USD,0,2015.47,USD,762,5.53,USD,2,2015.47,USD,762
2026-03-23,2026-03-23,B0CRST49RH,,,,0,0,,,0,0,USD,0,5180.85,USD,1191,0,USD,0,5180.85,USD,1191
2026-03-23,2026-03-23,B0CRSTB7ZN,,,,0,0,,,0,0,USD,0,2943.1,USD,259,0,USD,0,1776.7,USD,163
2026-03-23,2026-03-23,B0CRSTZKQP,,,,0,0,,,0,0,USD,0,255.3,USD,23,49.15,USD,4,255.3,USD,23
2026-03-23,2026-03-23,B0CRSVHRJZ,,,,0,0,,,0,0,USD,0,17176.06,USD,1088,45.06,USD,3,5259.4,USD,318
2026-03-23,2026-03-23,B0CRSVK7YK,,,156,0,0,,,0,0,USD,0,1476.35,USD,515,2.95,USD,1,589.5,USD,210
2026-03-23,2026-03-23,B0CRSW79S3,,,,0,0,,,0,0,USD,0,1992.3,USD,855,2.15,USD,1,1715.06,USD,739
2026-03-23,2026-03-23,B0CRSWLNGF,,,,0,0,,,0,0,USD,0,945.66,USD,129,0,USD,0,365.08,USD,52
2026-03-23,2026-03-23,B0CRSWQDDP,,,,0,0,,,0,0,USD,0,990.25,USD,85,0,USD,0,917.35,USD,79
2026-03-23,2026-03-23,B0CRSX72PJ,,,,0,0,,,0,0,USD,0,3116.47,USD,1056,0,USD,0,982.36,USD,347
2026-03-23,2026-03-23,B0CRSX7SMP,,,,0,0,,,0,0,USD,0,0,USD,0,1947.68,USD,158,0,USD,0
2026-03-23,2026-03-23,B0CRSX9GLW,,,,0,0,,,0,0,USD,0,30222.02,USD,1954,61.88,USD,4,25039.57,USD,1619
2026-03-23,2026-03-23,B0CRSYBT4N,,,700,0,0,,,0,0,USD,0,688.38,USD,149,4.15,USD,1,0,USD,0
2026-03-23,2026-03-23,B0CRSZ5F46,,,60,0,0,,,0,0,USD,0,371.38,USD,103,3.62,USD,1,132.46,USD,37
2026-03-23,2026-03-23,B0CTVD6WHG,,,,0,0,,,0,0,USD,0,1574.5,USD,134,0,USD,0,1116.25,USD,95
2026-03-23,2026-03-23,B0CTVJJM1S,,,,0,0,,,0,0,USD,0,5053.62,USD,247,20.46,USD,1,2189.22,USD,107
2026-03-23,2026-03-23,B0CTVLQG7M,,,16,0,0,,,0,0,USD,0,4325.41,USD,531,0,USD,0,3719.07,USD,460
2026-03-23,2026-03-23,B0CTVNF2F2,,,476,0,14.6,,,0,180,USD,20,5140.44,USD,631,70.92,USD,9,4330.44,USD,541
2026-03-23,2026-03-23,B0CV62Y5XS,,,,0,0,,,0,0,USD,0,829.6,USD,80,0,USD,0,259.25,USD,25
2026-03-23,2026-03-23,B0CV63138M,,,,0,0,,,0,0,USD,0,2389.99,USD,155,28.64,USD,2,1392.16,USD,88
2026-03-23,2026-03-23,B0CV633WZQ,,,30,0,0,,,0,0,USD,0,530.28,USD,69,0,USD,0,311.88,USD,41
2026-03-23,2026-03-23,B0CV63ZXXJ,,,72,0,0,,,0,0,USD,0,8094.4,USD,3000,0,USD,0,6255.7,USD,2319
2026-03-23,2026-03-23,B0CV644NCW,,,1362,0,0,,,0,0,USD,0,17100.95,USD,6479,31.4,USD,12,6369.65,USD,2429
2026-03-23,2026-03-23,B0CV644ND4,,,,0,0,,,0,0,USD,0,0,USD,0,1820.94,USD,267,0,USD,0
2026-03-23,2026-03-23,B0CV645STH,,,,0,0,,,0,0,USD,0,2877.93,USD,883,0,USD,0,2824.29,USD,867
2026-03-23,2026-03-23,B0CV646DB1,,,,0,0,,,0,0,USD,0,275,USD,22,0,USD,0,275,USD,22
2026-03-23,2026-03-23,B0CV64GG57,,,432,0,0,,,0,0,USD,0,9792.96,USD,1212,0,USD,0,6956.88,USD,861
2026-03-23,2026-03-23,B0CV64MN43,,,216,0,0,,,0,0,USD,0,4496.76,USD,1195,3.77,USD,1,3305.9,USD,877
2026-03-23,2026-03-23,B0CV9BP132,,,60,0,0,,,0,0,USD,0,629.1,USD,131,0,USD,0,413.64,USD,89
2026-03-23,2026-03-23,B0CV9MJLFY,,,152,0,0,,,0,0,USD,0,2987.3,USD,220,14.71,USD,1,2281.21,USD,172
2026-03-23,2026-03-23,B0CV9NJ3DM,,,104,0,0,,,0,0,USD,0,713.29,USD,149,4.6,USD,1,411.13,USD,90
2026-03-23,2026-03-23,B0CV9P21LL,,,52,0,0,,,0,0,USD,0,1070.85,USD,213,15.39,USD,3,356.98,USD,70
2026-03-23,2026-03-23,B0CV9PB632,,,,0,0,,,0,0,USD,0,2109.4,USD,458,9.2,USD,2,2099.68,USD,456
2026-03-23,2026-03-23,B0D1LQFWHY,,,446,0,0,,,0,0,USD,0,5567.42,USD,2245,17.36,USD,7,3104.96,USD,1252
2026-03-23,2026-03-23,B0D1LTYNHJ,,,708,0,0,,,0,0,USD,0,3737.36,USD,1507,12.4,USD,5,1445.84,USD,583
2026-03-23,2026-03-23,B0D94LQ18G,,,4157,0,14.63,,,0,534.24,USD,168,19738.26,USD,6207,28.62,USD,9,6.36,USD,2
2026-03-23,2026-03-23,B0D94N5PBM,,,,0,0,,,0,0,USD,0,481.8,USD,132,0,USD,0,481.8,USD,132
2026-03-23,2026-03-23,B0D94N6DX3,,,284,0,0,,,0,0,USD,0,3288.15,USD,725,8.82,USD,2,2192.73,USD,489
2026-03-23,2026-03-23,B0D94NB6ZF,,,1441,0,0,,,0,0,USD,0,40237.05,USD,2854,42.3,USD,3,14589.15,USD,1035
2026-03-23,2026-03-23,B0D94NDZ6F,,,80,0,0,,,0,0,USD,0,3203.56,USD,494,0,USD,0,1343.34,USD,212
2026-03-23,2026-03-23,B0D94NG7J5,,,1272,0,14.83,,,0,84.6,USD,6,52478.75,USD,3722,56.4,USD,4,28931.75,USD,2052
2026-03-23,2026-03-23,B0D94NH2TP,,,1357,0,0,,,0,0,USD,0,8616.24,USD,1857,4.65,USD,1,1349.91,USD,291
2026-03-23,2026-03-23,B0D94NKVD2,,,48,0,0,,,0,0,USD,0,2141.52,USD,377,0,USD,0,2104.62,USD,371
2026-03-23,2026-03-23,B0D94NLQWV,,,,0,0,,,0,0,USD,0,474.29,USD,43,0,USD,0,0,USD,0
2026-03-23,2026-03-23,B0D94P2YN9,,,,0,0,,,0,0,USD,0,1183.4,USD,305,3.88,USD,1,3.88,USD,1
2026-03-23,2026-03-23,B0D94P6L2P,,,6,0,0,,,0,0,USD,0,12569.29,USD,1819,6.91,USD,1,9577.26,USD,1386
2026-03-23,2026-03-23,B0D94PDW22,,,,0,0,,,0,0,USD,0,8019.71,USD,766,17.03,USD,2,4713.23,USD,442
2026-03-23,2026-03-23,B0D94PFW9L,,,941,0,21.5,,,0,50.46,USD,6,22913.23,USD,2747,58.87,USD,7,9272.21,USD,1125
2026-03-23,2026-03-23,B0D94PL6S2,,,,0,0,,,0,0,USD,0,242,USD,50,0,USD,0,242,USD,50
2026-03-23,2026-03-23,B0D94PLH9Z,,,18,0,0,,,0,0,USD,0,23.64,USD,2,0,USD,0,23.64,USD,2
2026-03-23,2026-03-23,B0D94PNMY4,,,56,0,0,,,0,0,USD,0,439.7,USD,66,0,USD,0,111.4,USD,17
2026-03-23,2026-03-23,B0D94PQJ6M,,,,0,0,,,0,0,USD,0,1679.94,USD,122,0,USD,0,828.42,USD,62
2026-03-23,2026-03-23,B0D94PQQK4,,,16,0,0,,,0,0,USD,0,3067.35,USD,711,0,USD,0,1375.25,USD,320
2026-03-23,2026-03-23,B0D94PQX5Z,,,,0,0,,,0,0,USD,0,677.16,USD,228,0,USD,0,641.52,USD,216
2026-03-23,2026-03-23,B0D94PS8BC,,,,0,0,,,0,0,USD,0,402.5,USD,35,0,USD,0,402.5,USD,35
2026-03-23,2026-03-23,B0D94PSCVL,,,,0,0,,,0,0,USD,0,4149.09,USD,1403,0,USD,0,4149.09,USD,1403
2026-03-23,2026-03-23,B0D94PST9Q,,,4,0,0,,,0,0,USD,0,754.38,USD,54,0,USD,0,726.44,USD,52
2026-03-23,2026-03-23,B0D94PVSYC,,,80,0,0,,,0,0,USD,0,2676.85,USD,429,18.21,USD,3,1712.4,USD,276
2026-03-23,2026-03-23,B0D94PXBBF,,,,0,0,,,0,0,USD,0,248.2,USD,68,0,USD,0,248.2,USD,68
2026-03-23,2026-03-23,B0D94PXWGZ,,,473,0,0,,,0,0,USD,0,4952.25,USD,1065,9.3,USD,2,846.3,USD,182
2026-03-23,2026-03-23,B0D94Q18B3,,,,0,0,,,0,0,USD,0,1302.09,USD,393,0,USD,0,1205.16,USD,366
2026-03-23,2026-03-23,B0D94Q59QN,,,72,0,0,,,0,0,USD,0,4611.25,USD,527,8.75,USD,1,2520,USD,288
2026-03-23,2026-03-23,B0D94Q7Q4J,,,,0,0,,,0,0,USD,0,0,USD,0,872.36,USD,113,0,USD,0
2026-03-23,2026-03-23,B0D94Q8C1N,,,,0,0,,,0,0,USD,0,9.9,USD,1,0,USD,0,9.9,USD,1
2026-03-23,2026-03-23,B0D94QBRYC,,,,0,0,,,0,0,USD,0,1216.38,USD,291,0,USD,0,794.2,USD,190
2026-03-23,2026-03-23,B0D94QF2NM,,,,0,0,,,0,0,USD,0,1207.33,USD,353,3.59,USD,1,1175.02,USD,344
2026-03-23,2026-03-23,B0D94QFZ62,,,,0,0,,,0,0,USD,0,7297.06,USD,846,0,USD,0,1529.14,USD,168
2026-03-23,2026-03-23,B0D94QKZGL,,,12,0,0,,,0,0,USD,0,720.61,USD,220,0,USD,0,340.13,USD,104
2026-03-23,2026-03-23,B0D94QPK5N,,,401,0,0,,,0,0,USD,0,120.68,USD,32,7.56,USD,2,7.28,USD,2
2026-03-23,2026-03-23,B0D94QX4SY,,,4,0,0,,,0,0,USD,0,1730.2,USD,400,0,USD,0,703.99,USD,163
2026-03-23,2026-03-23,B0D94QZPPF,,,1235,0,0,,,0,0,USD,0,35139.56,USD,3077,205.6,USD,18,5538.89,USD,485
2026-03-23,2026-03-23,B0D94R47SQ,,,48,0,0,,,0,0,USD,0,12802.85,USD,1201,150.5,USD,14,7363.35,USD,695
2026-03-23,2026-03-23,B0D94RBTKT,,,12,0,0,,,0,0,USD,0,2699.93,USD,197,13.93,USD,1,541.83,USD,39
2026-03-23,2026-03-23,B0D94RDFKP,,,,0,0,,,0,0,USD,0,775.64,USD,88,0,USD,0,579.64,USD,65
2026-03-23,2026-03-23,B0D94RKR1Q,,,,0,0,,,0,0,USD,0,14.52,USD,3,0,USD,0,14.52,USD,3
2026-03-23,2026-03-23,B0DB5Z7MZ8,,,474,0,21,,,0,31.04,USD,2,4019.68,USD,259,15.52,USD,1,93.12,USD,6
2026-03-23,2026-03-23,B0DB626ZHW,,,246,0,0,,,0,0,USD,0,6048.03,USD,415,87.27,USD,6,764.31,USD,51
2026-03-23,2026-03-23,B0DB69BC9Y,,,68,0,0,,,0,0,USD,0,1675.05,USD,266,0,USD,0,1555.47,USD,248
2026-03-23,2026-03-23,B0DCHHCNLQ,,,,0,0,,,0,0,USD,0,366.72,USD,32,0,USD,0,11.46,USD,1
2026-03-23,2026-03-23,B0DCWD6LY3,,,,0,0,,,0,0,USD,0,8071.9,USD,3046,36.7,USD,14,7086.1,USD,2674
2026-03-23,2026-03-23,B0DCWD7VJ2,,,248,0,0,,,0,0,USD,0,71.72,USD,11,0,USD,0,6.52,USD,1
2026-03-23,2026-03-23,B0DCWDLS1V,,,2160,0,0,,,0,0,USD,0,2602.65,USD,697,18.68,USD,5,467.5,USD,125
2026-03-23,2026-03-23,B0DCWHYVWM,,,292,0,0,,,0,0,USD,0,570.77,USD,123,4.64,USD,1,0,USD,0
2026-03-23,2026-03-23,B0DCWJ5M91,,,,0,0,,,0,0,USD,0,3.32,USD,1,3.32,USD,1,3.32,USD,1
2026-03-23,2026-03-23,B0DCWM4183,,,28,0,0,,,0,0,USD,0,1741.6,USD,241,14.5,USD,2,539.25,USD,75
2026-03-23,2026-03-23,B0DCWMCHMP,,,20,0,0,,,0,0,USD,0,4413.76,USD,609,7.25,USD,1,2406.25,USD,332
2026-03-23,2026-03-23,B0DCWMPYV5,,,108,0,0,,,0,0,USD,0,2170.17,USD,300,20.99,USD,3,237,USD,33
2026-03-23,2026-03-23,B0DCWPX2ZB,,,948,0,0,,,0,0,USD,0,1763.41,USD,597,0,USD,0,925.87,USD,315
2026-03-23,2026-03-23,B0DCWRMM6R,,,132,0,0,,,0,0,USD,0,5164.2,USD,962,5.52,USD,1,2591.02,USD,495
2026-03-23,2026-03-23,B0DCWRZ424,,,144,0,0,,,0,0,USD,0,213.44,USD,46,0,USD,0,4.64,USD,1
2026-03-23,2026-03-23,B0DJBZSKFR,,,108,0,0,,,0,0,USD,0,2773.7,USD,615,0,USD,0,1218.48,USD,280
2026-03-23,2026-03-23,B0DJC112SG,,,,0,0,,,0,0,USD,0,30964.15,USD,6685,32.55,USD,7,27895.29,USD,6025
2026-03-23,2026-03-23,B0DJC36T8Q,,,516,0,0,,,0,0,USD,0,1613.55,USD,347,9.3,USD,2,288.3,USD,62
2026-03-23,2026-03-23,B0DJC42CS5,,,36,0,0,,,0,0,USD,0,3339.31,USD,719,9.3,USD,2,35.76,USD,8
2026-03-23,2026-03-23,B0DK7VTR9L,,,36,0,0,,,0,0,USD,0,2653.01,USD,739,17.95,USD,5,25.13,USD,7
2026-03-23,2026-03-23,B0DK7VV44J,,,,0,0,,,0,0,USD,0,1944.72,USD,222,8.76,USD,1,1568.04,USD,179
2026-03-23,2026-03-23,B0DK7VX73Y,,,96,0,0,,,0,0,USD,0,6779.68,USD,2128,9.57,USD,3,5034.75,USD,1581
2026-03-23,2026-03-23,B0DK7W7HPS,,,438,0,0,,,0,0,USD,0,2678.6,USD,590,13.62,USD,3,2437.98,USD,537
2026-03-23,2026-03-23,B0DK7W7J4B,,,,0,0,,,0,0,USD,0,242,USD,44,0,USD,0,231,USD,42
2026-03-23,2026-03-23,B0DK7WF2GH,,,12,0,0,,,0,0,USD,0,787.84,USD,221,25.13,USD,7,486.28,USD,137
2026-03-23,2026-03-23,B0DK7WHGSC,,,408,0,14.5,,,0,19.2,USD,6,1697.45,USD,532,6.07,USD,2,462.25,USD,146
2026-03-23,2026-03-23,B0DK7WMQZW,,,40,0,0,,,0,0,USD,0,714.64,USD,128,0,USD,0,165.12,USD,30
2026-03-23,2026-03-23,B0DK7WNHN3,,,,0,0,,,0,0,USD,0,346.5,USD,63,0,USD,0,297,USD,54
2026-03-23,2026-03-23,B0DK7WPBC3,,,150,0,0,,,0,0,USD,0,1243.74,USD,393,16,USD,5,379.74,USD,123
2026-03-23,2026-03-23,B0DK7WRZJ5,,,6,0,0,,,0,0,USD,0,1044.69,USD,291,0,USD,0,0,USD,0
2026-03-23,2026-03-23,B0DNNG43NP,,,112,0,0,,,0,0,USD,0,2870.31,USD,1008,2.99,USD,1,2819.56,USD,991
2026-03-23,2026-03-23,B0DNNG4TFQ,,,,0,0,,,0,0,USD,0,2472.47,USD,247,0,USD,0,580.58,USD,58
2026-03-23,2026-03-23,B0DNNGCKN4,,,200,0,0,,,0,0,USD,0,1597.36,USD,584,2.99,USD,1,1340.84,USD,498
2026-03-23,2026-03-23,B0DNNGD48K,,,4,0,0,,,0,0,USD,0,3627.28,USD,188,0,USD,0,3456,USD,180
2026-03-23,2026-03-23,B0DNNGKT1C,,,1696,0,0,,,0,0,USD,0,6547.7,USD,2239,11.96,USD,4,2009.38,USD,719
2026-03-23,2026-03-23,B0DNNGR95W,,,540,0,0,,,0,0,USD,0,11145.77,USD,953,23.41,USD,2,10413.43,USD,890
2026-03-23,2026-03-23,B0DNNGW5QV,,,150,0,0,,,0,0,USD,0,18007.67,USD,1709,30.35,USD,3,1310.1,USD,121
2026-03-23,2026-03-23,B0DNNH9PY8,,,25,0,0,,,0,0,USD,0,6576.34,USD,746,9.19,USD,1,45.95,USD,5
2026-03-23,2026-03-23,B0DNNHC33X,,,,0,0,,,0,0,USD,0,7611.74,USD,799,0,USD,0,5544.82,USD,592
2026-03-23,2026-03-23,B0DNNHSBSN,,,80,0,0,,,0,0,USD,0,1332.71,USD,466,0,USD,0,1148.13,USD,404
2026-03-23,2026-03-23,B0DNNKJ62R,,,406,0,0,,,0,0,USD,0,6719.49,USD,448,30.87,USD,2,5113.77,USD,349
2026-03-23,2026-03-23,B0DSJX8N63,,,1808,0,0,,,0,0,USD,0,35496.24,USD,3866,82.67,USD,9,5798.89,USD,631
2026-03-23,2026-03-23,B0DSJX9JLL,,,,0,0,,,0,0,USD,0,209.2,USD,20,0,USD,0,209.2,USD,20
2026-03-23,2026-03-23,B0DSJY57BN,,,72,0,0,,,0,102.56,USD,8,2229.36,USD,174,47.32,USD,4,11.5,USD,1
2026-03-23,2026-03-23,B0DTB5JRV9,,,529,0,0,,,0,0,USD,0,5371.34,USD,1766,2.67,USD,1,100.48,USD,32
2026-03-23,2026-03-23,B0DWNHLTP3,,,8,0,0,,,0,0,USD,0,1027.86,USD,222,4.63,USD,1,407.44,USD,88
2026-03-23,2026-03-23,B0DWNJ74H1,,,48,0,0,,,0,0,USD,0,69.58,USD,28,0,USD,0,61.72,USD,25
2026-03-23,2026-03-23,B0DWNJNHYN,,,720,0,0,,,0,0,USD,0,463.15,USD,295,1.57,USD,1,0,USD,0
2026-03-23,2026-03-23,B0DWNJT1JM,,,12,0,0,,,0,0,USD,0,188.83,USD,73,0,USD,0,36.87,USD,15
2026-03-23,2026-03-23,B0DWNK16RJ,,,,0,0,,,0,0,USD,0,1859.38,USD,261,7.53,USD,1,395.97,USD,53
2026-03-23,2026-03-23,B0DWNKBC38,,,60,0,0,,,0,0,USD,0,13153.14,USD,2409,49.14,USD,9,10275.72,USD,1882
2026-03-23,2026-03-23,B0DWNKBMHZ,,,12,0,35.25,,,0,18.48,USD,4,11901.13,USD,2576,13.86,USD,3,78.54,USD,17
2026-03-23,2026-03-23,B0DWNKWDKG,,,24,0,0,,,0,0,USD,0,2234.68,USD,410,10.92,USD,2,760.48,USD,140
2026-03-23,2026-03-23,B0DWNL9S2N,,,,0,0,,,0,0,USD,0,1645.88,USD,365,0,USD,0,1128.44,USD,253
2026-03-23,2026-03-23,B0DWNLQR7V,,,,0,0,,,0,0,USD,0,3911.76,USD,1172,3.34,USD,1,2525.66,USD,757
2026-03-23,2026-03-23,B0DWNLR37Q,,,,0,0,,,0,0,USD,0,194.72,USD,77,0,USD,0,139.7,USD,56
2026-03-23,2026-03-23,B0DWNMPYFL,,,24,0,0,,,0,0,USD,0,5548.12,USD,398,13.94,USD,1,320.62,USD,23
2026-03-23,2026-03-23,B0DWNNQWK2,,,32,0,0,,,0,0,USD,0,1118.74,USD,427,0,USD,0,385.14,USD,147
2026-03-23,2026-03-23,B0DWNSJB7B,,,,0,0,,,0,0,USD,0,1902.85,USD,147,11.99,USD,1,552.4,USD,40
2026-03-23,2026-03-23,B0DWP7MRWM,,,,0,0,,,0,0,USD,0,10772.3,USD,844,0,USD,0,10747,USD,842
2026-03-23,2026-03-23,B0DXQ86ZW3,,,108,0,0,,,0,0,USD,0,1549.86,USD,711,2.22,USD,1,859.44,USD,400
2026-03-23,2026-03-23,B0DXQ8HXN8,,,126,0,0,,,0,0,USD,0,2219.1,USD,569,19.5,USD,5,1817.4,USD,466
2026-03-23,2026-03-23,B0DXQ9Q2V5,,,156,0,0,,,0,0,USD,0,5234.44,USD,1360,0,USD,0,683.74,USD,178
2026-03-23,2026-03-23,B0DXQ9XTQN,,,48,0,0,,,0,0,USD,0,670.98,USD,225,0,USD,0,476.3,USD,163
2026-03-23,2026-03-23,B0DXQ9ZRMB,,,12,0,0,,,0,0,USD,0,832.92,USD,157,0,USD,0,412.1,USD,72
2026-03-23,2026-03-23,B0DXQBNY5Z,,,30,0,0,,,0,0,USD,0,743.65,USD,209,3.22,USD,1,707.75,USD,199
2026-03-23,2026-03-23,B0DXQC1HH1,,,30,0,0,,,0,0,USD,0,649.75,USD,115,5.65,USD,1,90.4,USD,16
2026-03-23,2026-03-23,B0DXQCJPH7,,,84,0,0,,,0,0,USD,0,7684.95,USD,1437,0,USD,0,3793.35,USD,673
2026-03-23,2026-03-23,B0DXQCVQZL,,,360,0,0,,,0,0,USD,0,2097.31,USD,452,13.92,USD,3,450.11,USD,97
2026-03-23,2026-03-23,B0DY9G36WY,,,184,0,0,,,0,0,USD,0,2335.71,USD,311,46,USD,6,85.8,USD,11
2026-03-23,2026-03-23,B0F2JFRNJ7,,,1812,0,14.63,,,0,66.08,USD,8,12117.42,USD,1467,49.56,USD,6,41.3,USD,5
2026-03-23,2026-03-23,B0F2JJ3H3F,,,144,0,0,,,0,0,USD,0,3559.19,USD,2267,1.57,USD,1,1246.58,USD,794
2026-03-23,2026-03-23,B0F2JJ5KX7,,,,0,0,,,0,0,USD,0,7710.97,USD,778,10.6,USD,1,2448.6,USD,231
2026-03-23,2026-03-23,B0F2JJQJP2,,,91,0,0,,,0,0,USD,0,2686.6,USD,532,5.05,USD,1,600.95,USD,119
2026-03-23,2026-03-23,B0F2JJRZ7N,,,84,0,0,,,0,0,USD,0,5625.42,USD,561,0,USD,0,1823.2,USD,172
2026-03-23,2026-03-23,B0F2JJWFWM,,,144,0,0,,,0,0,USD,0,4555.98,USD,351,0,USD,0,739.86,USD,57
2026-03-23,2026-03-23,B0F2JK7LB5,,,288,0,0,,,0,0,USD,0,2278,USD,1139,8,USD,4,0,USD,0
2026-03-23,2026-03-23,B0F2JLC66F,,,,0,0,,,0,0,USD,0,4246.6,USD,255,15.73,USD,1,277.5,USD,15
2026-03-23,2026-03-23,B0FDLBLFNJ,,,,0,0,,,0,0,USD,0,4677.75,USD,1575,0,USD,0,4555.98,USD,1534
2026-03-23,2026-03-23,B0FDMQ7PQJ,,,96,0,0,,,0,0,USD,0,366.75,USD,45,0,USD,0,0,USD,0
2026-03-23,2026-03-23,B0FFHPNT31,,,162,0,14.5,,,0,15.9,USD,6,4245.3,USD,1602,0,USD,0,2493.65,USD,941
2026-03-23,2026-03-23,B0FFJ6S69P,,,396,0,0,,,0,0,USD,0,9675.72,USD,2108,13.77,USD,3,3662.82,USD,798
2026-03-23,2026-03-23,B0FJYMY8KT,,,312,0,0,,,0,0,USD,0,4326.96,USD,968,0,USD,0,0,USD,0
2026-03-23,2026-03-23,B0FKHFY61P,,,12,0,0,,,0,0,USD,0,1892.55,USD,407,0,USD,0,1720.5,USD,370
2026-03-23,2026-03-23,B0FKHG1H2W,,,276,0,0,,,0,0,USD,0,3831.19,USD,1201,12.76,USD,4,1464.21,USD,459
2026-03-23,2026-03-23,B0FKHHS6TV,,,132,0,0,,,0,0,USD,0,6307.17,USD,1411,4.47,USD,1,71.52,USD,16
2026-03-23,2026-03-23,B0FKHJ6K81,,,685,0,0,,,0,0,USD,0,9395.87,USD,2519,14.92,USD,4,5938.16,USD,1592
2026-03-23,2026-03-23,B0FKHJ7FBB,,,,0,0,,,0,0,USD,0,19014.52,USD,2302,0,USD,0,18981.48,USD,2298
2026-03-23,2026-03-23,B0FKHJ7ZPZ,,,384,0,0,,,0,0,USD,0,4017.6,USD,864,4.65,USD,1,288.3,USD,62
2026-03-23,2026-03-23,B0FKHKDQB2,,,12,0,0,,,0,0,USD,0,1292.7,USD,278,0,USD,0,1292.7,USD,278
2026-03-23,2026-03-23,B0FKHKQLXT,,,276,0,0,,,0,0,USD,0,3994.35,USD,859,13.95,USD,3,18.6,USD,4
2026-03-23,2026-03-23,B0FKHL5Z3S,,,,0,0,,,0,0,USD,0,19822.95,USD,4263,9.3,USD,2,18525.6,USD,3984
2026-03-23,2026-03-23,B0FKHLKMY3,,,32,0,0,,,0,0,USD,0,3543.54,USD,429,16.52,USD,2,2354.1,USD,285
2026-03-23,2026-03-23,B0FKHM2XSS,,,112,0,0,,,0,0,USD,0,2516.4,USD,466,0,USD,0,415.8,USD,77
2026-03-23,2026-03-23,B0FKHM824G,,,36,0,0,,,0,0,USD,0,3999,USD,860,0,USD,0,1102.05,USD,237
2026-03-23,2026-03-23,B0FKHNTPK6,,,45,0,0,,,0,0,USD,0,1319.55,USD,285,4.63,USD,1,527.82,USD,114
2026-03-23,2026-03-23,B0FKHNVBCS,,,,0,0,,,0,0,USD,0,696.6,USD,129,0,USD,0,383.4,USD,71
2026-03-23,2026-03-23,B0FKHQGH38,,,312,0,0,,,0,0,USD,0,9297.6,USD,2080,0,USD,0,2583.66,USD,578
2026-03-23,2026-03-23,B0FL8YNBXC,,,,0,0,,,0,0,USD,0,4548.25,USD,575,0,USD,0,4548.25,USD,575
2026-03-23,2026-03-23,B0FMWKM6LP,,,128,0,0,,,0,0,USD,0,1228.35,USD,431,0,USD,0,282.15,USD,99
2026-03-23,2026-03-23,B0FMWPRWX5,,,336,0,0,,,0,0,USD,0,10832.64,USD,1092,49.6,USD,5,4156.48,USD,419
2026-03-23,2026-03-23,B0FMWXNVPY,,,,0,0,,,0,0,USD,0,2081.64,USD,166,0,USD,0,2081.64,USD,166
2026-03-23,2026-03-23,B0FMXCL5QQ,,,12,0,0,,,0,0,USD,0,1863.75,USD,175,0,USD,0,330.15,USD,31
2026-03-23,2026-03-23,B0FMXMC7LF,,,,0,0,,,0,0,USD,0,14530.67,USD,1169,12.43,USD,1,14443.66,USD,1162
2026-03-23,2026-03-23,B0FMXMGVDZ,,,,0,0,,,0,0,USD,0,3910.14,USD,351,0,USD,0,1236.54,USD,111
2026-03-23,2026-03-23,B0FMXMXX5T,,,60,0,0,,,0,0,USD,0,3649.08,USD,647,0,USD,0,3085.08,USD,547
2026-03-23,2026-03-23,B0FMXTPN96,,,,0,0,,,0,0,USD,0,1516.8,USD,158,0,USD,0,1516.8,USD,158
2026-03-23,2026-03-23,B0FMYS7V94,,,384,0,0,,,0,0,USD,0,579.04,USD,376,3.08,USD,2,301.84,USD,196
2026-03-23,2026-03-23,B0FN8TXX67,,,100,0,0,,,0,0,USD,0,1668.55,USD,221,0,USD,0,1260.85,USD,167
2026-03-23,2026-03-23,B0FN91VKFJ,,,,0,0,,,0,0,USD,0,128.25,USD,45,0,USD,0,105.45,USD,37
2026-03-23,2026-03-23,B0FN92BM26,,,8,0,0,,,0,0,USD,0,1358.28,USD,198,6.86,USD,1,1358.28,USD,198
2026-03-23,2026-03-23,B0FN9838G2,,,,0,0,,,0,0,USD,0,13403.16,USD,4804,0,USD,0,13383.63,USD,4797
2026-03-23,2026-03-23,B0FN984LBY,,,108,0,0,,,0,0,USD,0,67.2,USD,21,0,USD,0,3.2,USD,1
2026-03-23,2026-03-23,B0FN98MSPV,,,248,0,0,,,0,0,USD,0,2381.35,USD,485,4.91,USD,1,898.53,USD,183
2026-03-23,2026-03-23,B0FN9BVP9K,,,129,0,0,,,0,0,USD,0,962.48,USD,227,0,USD,0,453.68,USD,107
2026-03-23,2026-03-23,B0FN9C251Z,,,76,0,0,,,0,0,USD,0,5249.7,USD,307,0,USD,0,4189.5,USD,245
2026-03-23,2026-03-23,B0FN9C6RK7,,,,0,0,,,0,0,USD,0,5741.32,USD,1586,3.62,USD,1,5198.32,USD,1436
2026-03-23,2026-03-23,B0FN9F8V1K,,,-28,0,0,,,0,0,USD,0,1855.98,USD,378,0,USD,0,574.47,USD,117
2026-03-23,2026-03-23,B0FN9FDRZC,,,324,0,0,,,0,0,USD,0,1717.45,USD,245,14.02,USD,2,0,USD,0
2026-03-23,2026-03-23,B0FN9HMTB2,,,28,0,0,,,0,0,USD,0,1866.97,USD,179,0,USD,0,928.27,USD,89
2026-03-23,2026-03-23,B0FNBJDYGD,,,1374,0,0,,,0,0,USD,0,30094.54,USD,2087,115.36,USD,8,10468.92,USD,726
2026-03-23,2026-03-23,B0FQWZNJG5,,,,0,0,,,0,0,USD,0,10780,USD,385,0,USD,0,10780,USD,385
2026-03-23,2026-03-23,B0FQWZT6QS,,,,0,0,,,0,0,USD,0,3895.36,USD,752,0,USD,0,2605.54,USD,503
2026-03-23,2026-03-23,B0FQX36R4P,,,424,0,0,,,0,0,USD,0,3204.88,USD,388,24.78,USD,3,0,USD,0
2026-03-23,2026-03-23,B0FQX61CK4,,,,0,0,,,0,0,USD,0,5194,USD,350,0,USD,0,3680.32,USD,248
2026-03-23,2026-03-23,B0FQXHDXL5,,,20,0,0,,,0,0,USD,0,3305.37,USD,239,0,USD,0,981.93,USD,71
2026-03-23,2026-03-23,B0FQXHFQFC,,,100,0,0,,,0,0,USD,0,4077.7,USD,337,0,USD,0,1609.3,USD,133
2026-03-23,2026-03-23,B0FQXL78B8,,,,0,0,,,0,0,USD,0,3207.9,USD,289,0,USD,0,0,USD,0
2026-03-23,2026-03-23,B0FQXL9MVD,,,24,0,0,,,0,0,USD,0,1824.1,USD,185,0,USD,0,19.72,USD,2
2026-03-23,2026-03-23,B0FQXM6QW3,,,36,0,0,,,0,0,USD,0,1543.36,USD,371,4.16,USD,1,133.12,USD,32
2026-03-23,2026-03-23,B0FQXMFMZY,,,,0,0,,,0,0,USD,0,3409.98,USD,322,0,USD,0,2891.07,USD,273
2026-03-23,2026-03-23,B0FQXPJ784,,,,0,0,,,0,0,USD,0,1411.8,USD,390,0,USD,0,1411.8,USD,390
2026-03-23,2026-03-23,B0FQXPQSWX,,,,0,0,,,0,0,USD,0,2142.21,USD,303,7.07,USD,1,2142.21,USD,303
2026-03-23,2026-03-23,B0FQXS1LJX,,,36,0,0,,,0,0,USD,0,1524.96,USD,144,0,USD,0,0,USD,0
2026-03-23,2026-03-23,B0FQXS88P2,,,12,0,0,,,0,0,USD,0,1006.36,USD,278,3.62,USD,1,810.88,USD,224
2026-03-23,2026-03-23,B0FQXSMK5T,,,125,0,0,,,0,0,USD,0,1076.9,USD,89,12.1,USD,1,242,USD,20
2026-03-23,2026-03-23,B0FQXTHNJV,,,144,0,0,,,0,0,USD,0,1910.4,USD,597,6.4,USD,2,1244.8,USD,389
2026-03-23,2026-03-23,B0FQXVXGDC,,,112,0,0,,,0,0,USD,0,3445.65,USD,741,0,USD,0,9.3,USD,2
2026-03-23,2026-03-23,B0FQXWXFWZ,,,38,0,0,,,0,0,USD,0,2704.25,USD,725,22.38,USD,6,0,USD,0
2026-03-23,2026-03-23,B0FQXX1RGD,,,448,0,0,,,0,0,USD,0,5421.9,USD,1166,13.95,USD,3,60.45,USD,13
2026-03-23,2026-03-23,B0FQXZ8126,,,134,0,0,,,0,0,USD,0,9773.6,USD,1286,7.6,USD,1,38,USD,5
2026-03-23,2026-03-23,B0FQY7C3LM,,,294,0,0,,,0,0,USD,0,4770.67,USD,1279,0,USD,0,37.3,USD,10
2026-03-23,2026-03-23,B0FQYBPC1L,,,16,0,0,,,0,0,USD,0,4126.24,USD,296,41.82,USD,3,306.68,USD,22
2026-03-23,2026-03-23,B0FSG4WCH2,,,24,0,0,,,0,0,USD,0,417.36,USD,74,0,USD,0,344.04,USD,61
2026-03-23,2026-03-23,B0FSGH883W,,,,0,0,,,0,0,USD,0,2604,USD,93,0,USD,0,336,USD,12
2026-03-23,2026-03-23,B0FSGKQLCK,,,,0,0,,,0,0,USD,0,5538.15,USD,1191,0,USD,0,218.55,USD,47
2026-03-23,2026-03-23,B0FSGMHVVB,,,,0,0,,,0,0,USD,0,4917,USD,1650,0,USD,0,4833.56,USD,1622
2026-03-23,2026-03-23,B0FSGN8KHC,,,10,0,0,,,0,0,USD,0,4573.2,USD,444,0,USD,0,10.3,USD,1
2026-03-23,2026-03-23,B0FSGND126,,,,0,0,,,0,0,USD,0,5112.85,USD,293,0,USD,0,0,USD,0
2026-03-23,2026-03-23,B0FSGTH8Z8,,,96,0,0,,,0,0,USD,0,1089.99,USD,367,0,USD,0,77.22,USD,26
2026-03-23,2026-03-23,B0FSGYT8XZ,,,104,0,0,,,0,0,USD,0,1722.44,USD,578,2.98,USD,1,840.36,USD,282
2026-03-23,2026-03-23,B0FSH2MBGN,,,72,0,0,,,0,0,USD,0,1549.6,USD,520,0,USD,0,590.04,USD,198
2026-03-23,2026-03-23,B0FSH2VGWZ,,,472,0,0,,,0,0,USD,0,1263.52,USD,424,0,USD,0,479.78,USD,161
2026-03-23,2026-03-23,B0FSH394L9,,,,0,0,,,0,0,USD,0,9853.76,USD,664,14.84,USD,1,9275,USD,625
2026-03-23,2026-03-23,B0FSH3FNBB,,,,0,0,,,0,0,USD,0,2640.69,USD,333,0,USD,0,7.93,USD,1
2026-03-23,2026-03-23,B0FSH79D5C,,,313,0,0,,,0,0,USD,0,4739.78,USD,269,0,USD,0,563.84,USD,32
2026-03-23,2026-03-23,B0FSHD3BC1,,,,0,0,,,0,0,USD,0,2071.3,USD,538,0,USD,0,500.5,USD,130
2026-03-23,2026-03-23,B0FSHKBHSQ,,,359,0,0,,,0,0,USD,0,563.92,USD,38,0,USD,0,0,USD,0
2026-03-23,2026-03-23,B0FSHQ3NJ8,,,60,0,0,,,0,0,USD,0,1935.2,USD,236,0,USD,0,246,USD,30
2026-03-23,2026-03-23,B0G36R2JZ8,,,,0,0,,,0,0,USD,0,3051.52,USD,298,0,USD,0,0,USD,0
2026-03-23,2026-03-23,B0G36R992W,,,337,0,0,,,0,0,USD,0,2502.45,USD,1245,0,USD,0,44.22,USD,22
2026-03-23,2026-03-23,B0G36RL1YG,,,4,0,0,,,0,0,USD,0,2680.56,USD,292,0,USD,0,0,USD,0
2026-03-23,2026-03-23,B0G36RNZ9R,,,12,0,0,,,0,0,USD,0,1344.41,USD,233,0,USD,0,0,USD,0
2026-03-23,2026-03-23,B0G36RX8H8,,,1556,0,0,,,0,68.22,USD,18,1148.37,USD,303,15.16,USD,4,0,USD,0
2026-03-23,2026-03-23,B0G36RXVBH,,,10,0,0,,,0,0,USD,0,1154.78,USD,319,0,USD,0,0,USD,0
2026-03-23,2026-03-23,B0G36S1MC2,,,1844,0,0,,,0,0,USD,0,822.16,USD,239,0,USD,0,0,USD,0
2026-03-23,2026-03-23,B0G36T1ZY9,,,,0,0,,,0,0,USD,0,1436.4,USD,270,0,USD,0,0,USD,0
2026-03-23,2026-03-23,B0G36T2SYF,,,,0,0,,,0,0,USD,0,925.29,USD,207,0,USD,0,0,USD,0
2026-03-23,2026-03-23,B0G36T6SNY,,,,0,0,,,0,0,USD,0,2108.48,USD,599,3.52,USD,1,0,USD,0
2026-03-23,2026-03-23,B0G36TB5SJ,,,-48,0,0,,,0,0,USD,0,3272.48,USD,904,0,USD,0,0,USD,0
2026-03-23,2026-03-23,B0G36TDT1W,,,852,0,0,,,0,0,USD,0,1368.19,USD,361,0,USD,0,0,USD,0
2026-03-23,2026-03-23,B0G36TFZJD,,,14,0,0,,,0,0,USD,0,3165.43,USD,349,0,USD,0,0,USD,0
2026-03-23,2026-03-23,B0G36TJ162,,,12,0,0,,,0,0,USD,0,1303.4,USD,245,0,USD,0,0,USD,0
2026-03-23,2026-03-23,B0G36TJTXM,,,-4,0,0,,,0,0,USD,0,4126.1,USD,341,24.2,USD,2,0,USD,0
2026-03-23,2026-03-23,B0G36TNM91,,,,0,0,,,0,0,USD,0,1193.92,USD,208,0,USD,0,0,USD,0
2026-03-23,2026-03-23,B0G36TQ1VW,,,,0,0,,,0,0,USD,0,1936.14,USD,183,0,USD,0,0,USD,0
2026-03-23,2026-03-23,B0G36TXZGY,,,11,0,0,,,0,0,USD,0,2277,USD,207,0,USD,0,0,USD,0
2026-03-23,2026-03-23,B0G36V9PLG,,,5,0,0,,,0,0,USD,0,2988.86,USD,259,0,USD,0,0,USD,0
2026-03-23,2026-03-23,B0G36VD41X,,,-6,0,0,,,0,0,USD,0,1197.48,USD,204,0,USD,0,0,USD,0
2026-03-23,2026-03-23,B0G36VXNGX,,,243,0,0,,,0,0,USD,0,1497.05,USD,395,18.95,USD,5,0,USD,0
2026-03-23,2026-03-23,B0G36WHC28,,,1978,0,0,,,0,0,USD,0,1853.31,USD,489,0,USD,0,0,USD,0
2026-03-23,2026-03-23,B0G36WHH72,,,,0,0,,,0,0,USD,0,1477.98,USD,161,0,USD,0,0,USD,0
2026-03-23,2026-03-23,B0G36WL2LN,,,253,0,28,,,0,22.74,USD,6,1125.63,USD,297,22.74,USD,6,0,USD,0
2026-03-23,2026-03-23,B0G36Z353F,,,265,0,0,,,0,0,USD,0,1512.21,USD,399,11.37,USD,3,0,USD,0
2026-03-23,2026-03-23,B0G61BFKYY,,,48,0,0,,,0,0,USD,0,1148.63,USD,269,0,USD,0,0,USD,0
2026-03-23,2026-03-23,B0G61GFG4R,,,210,0,0,,,0,0,USD,0,971.56,USD,214,0,USD,0,0,USD,0
2026-03-23,2026-03-23,B0G61GHTKD,,,336,0,0,,,0,43.56,USD,12,1059.96,USD,292,21.78,USD,6,0,USD,0
2026-03-23,2026-03-23,B0G61KB2PQ,,,216,0,14.83,,,0,43.56,USD,12,715.11,USD,197,14.52,USD,4,0,USD,0
2026-03-23,2026-03-23,B0G61PKKLZ,,,144,0,0,,,0,0,USD,0,1422.72,USD,228,6.24,USD,1,0,USD,0
2026-03-23,2026-03-23,B0G61Q6K9B,,,592,0,0,,,0,317.4,USD,20,555.45,USD,35,0,USD,0,0,USD,0
2026-03-23,2026-03-23,B0G62C4RTK,,,672,0,0,,,0,0,USD,0,251.93,USD,59,0,USD,0,0,USD,0
2026-03-23,2026-03-23,B0G62CKV7P,,,312,0,0,,,0,0,USD,0,1066.84,USD,298,3.58,USD,1,0,USD,0
2026-03-23,2026-03-23,B0G62D27V8,,,684,0,0,,,0,0,USD,0,281.82,USD,66,55.51,USD,13,0,USD,0
2026-03-23,2026-03-23,B0G62KT3JN,,,448,0,0,,,0,0,USD,0,1304.64,USD,151,8.64,USD,1,0,USD,0
2026-03-23,2026-03-23,B0G62LCF5V,,,503,0,0,,,0,0,USD,0,316.8,USD,90,3.52,USD,1,0,USD,0
2026-03-23,2026-03-23,B0G62TGVLK,,,468,0,0,,,0,0,USD,0,747.78,USD,206,36.3,USD,10,0,USD,0
2026-03-23,2026-03-23,B0GFP79MKX,,,25,0,0,,,0,0,USD,0,506.93,USD,163,0,USD,0,0,USD,0
2026-03-23,2026-03-23,B0GFP7HZKV,,,6,0,0,,,0,0,USD,0,1653.9,USD,222,0,USD,0,0,USD,0
2026-03-23,2026-03-23,B0GFP7WWFH,,,,0,0,,,0,0,USD,0,1889.55,USD,221,0,USD,0,0,USD,0
2026-03-23,2026-03-23,B0GFP85F4D,,,6,0,0,,,0,0,USD,0,1200.48,USD,183,0,USD,0,0,USD,0
2026-03-23,2026-03-23,B0GFPBHGD1,,,66,0,0,,,0,0,USD,0,481.28,USD,47,0,USD,0,0,USD,0
2026-03-23,2026-03-23,B0GFPBZN2J,,,36,0,0,,,0,0,USD,0,943.69,USD,253,0,USD,0,0,USD,0
2026-03-23,2026-03-23,B0GFPDWJPJ,,,8,0,0,,,0,0,USD,0,1566,USD,216,7.25,USD,1,0,USD,0
2026-03-23,2026-03-23,B0GFPFCGYH,,,252,0,0,,,0,0,USD,0,214.5,USD,39,0,USD,0,0,USD,0
2026-03-23,2026-03-23,B0GFPFP97J,,,,0,0,,,0,0,USD,0,1461.69,USD,149,0,USD,0,0,USD,0
2026-03-23,2026-03-23,B0GFPH36YZ,,,,0,0,,,0,0,USD,0,1740.96,USD,468,0,USD,0,0,USD,0
2026-03-23,2026-03-23,B0GFPHBW8F,,,84,0,0,,,0,18.6,USD,4,888.15,USD,191,4.65,USD,1,0,USD,0
2026-03-23,2026-03-23,B0GFPJBVNS,,,312,0,0,,,0,0,USD,0,317.79,USD,107,0,USD,0,0,USD,0
2026-03-23,2026-03-23,B0GFPJYSZY,,,480,0,0,,,0,0,USD,0,1480.5,USD,525,2.82,USD,1,0,USD,0
2026-03-23,2026-03-23,B0GFPKK82C,,,299,0,0,,,0,0,USD,0,940.8,USD,294,3.2,USD,1,0,USD,0
2026-03-23,2026-03-23,B0GFPL5G1Z,,,687,0,0,,,0,0,USD,0,4490.92,USD,1204,0,USD,0,0,USD,0
2026-03-23,2026-03-23,B0GFPMLR3N,,,,0,0,,,0,0,USD,0,1311.3,USD,282,0,USD,0,0,USD,0
2026-03-23,2026-03-23,B0GFPN3622,,,,0,0,,,0,0,USD,0,1740,USD,240,0,USD,0,0,USD,0
2026-03-23,2026-03-23,B0GFPN366L,,,60,0,0,,,0,0,USD,0,2540.76,USD,683,0,USD,0,0,USD,0
2026-03-23,2026-03-23,B0GFPN631N,,,260,0,0,,,0,0,USD,0,1853.25,USD,175,10.59,USD,1,0,USD,0
2026-03-23,2026-03-23,B0GFPPG7BN,,,243,0,0,,,0,74,USD,4,5217,USD,282,18.5,USD,1,0,USD,0
2026-03-23,2026-03-23,B0GFPPJ14T,,,8,0,0,,,0,0,USD,0,1334,USD,184,0,USD,0,0,USD,0
2026-03-23,2026-03-23,B0GFPQHFCG,,,,0,0,,,0,0,USD,0,1116,USD,300,0,USD,0,0,USD,0
2026-03-23,2026-03-23,B0GFPQKWSJ,,,124,0,0,,,0,18.6,USD,4,1125.3,USD,242,0,USD,0,0,USD,0
2026-03-23,2026-03-23,B0GFPQRSTH,,,312,0,0,,,0,0,USD,0,331.65,USD,99,0,USD,0,0,USD,0
2026-03-23,2026-03-23,B0GFPR245Y,,,3,0,0,,,0,0,USD,0,1384.32,USD,224,0,USD,0,0,USD,0
2026-03-23,2026-03-23,B0GFPSDX65,,,10,0,0,,,0,0,USD,0,510.04,USD,164,0,USD,0,0,USD,0
2026-03-23,2026-03-23,B0GFPSGBVC,,,,0,0,,,0,0,USD,0,963.48,USD,259,0,USD,0,0,USD,0
2026-03-23,2026-03-23,B0GFPT19QF,,,210,0,0,,,0,0,USD,0,1887.78,USD,219,0,USD,0,0,USD,0
2026-03-23,2026-03-23,B0GFPVPPDC,,,4,0,0,,,0,0,USD,0,1290.5,USD,178,0,USD,0,0,USD,0
2026-03-23,2026-03-23,B0GFPXJ38Y,,,5,0,0,,,0,0,USD,0,1502.43,USD,183,0,USD,0,0,USD,0
2026-03-23,2026-03-23,B0GFPXSYSZ,,,4,0,0,,,0,0,USD,0,1604.25,USD,345,13.95,USD,3,0,USD,0
2026-03-23,2026-03-23,B0GFPYTHY9,,,5,0,0,,,0,0,USD,0,1683,USD,225,0,USD,0,0,USD,0
2026-03-23,2026-03-23,B0GFPZLRHL,,,5,0,0,,,0,0,USD,0,631.33,USD,203,0,USD,0,0,USD,0
2026-03-24,2026-03-24,B000MAIC1M,,,,0,0,,,0,0,USD,0,296.66,USD,27,0,USD,0,296.66,USD,27
2026-03-24,2026-03-24,B0034CXR6K,,,4,0,0,,,0,0,USD,0,115.3,USD,10,0,USD,0,115.3,USD,10
2026-03-24,2026-03-24,B0039YWFN4,,,,0,0,,,0,0,USD,0,0,USD,0,6.61,USD,1,0,USD,0
2026-03-24,2026-03-24,B004K9S3K6,,,,0,0,,,0,0,USD,0,821.67,USD,102,52.16,USD,7,183.35,USD,23
2026-03-24,2026-03-24,B004N0YB58,,,48,0,0,,,0,0,USD,0,257.37,USD,24,0,USD,0,43.88,USD,4
2026-03-24,2026-03-24,B00751XYN2,,,,0,0,,,0,0,USD,0,40.35,USD,5,0,USD,0,40.35,USD,5
2026-03-24,2026-03-24,B007BTTDSI,,,,0,0,,,0,0,USD,0,14042.22,USD,1979,0,USD,0,12018.18,USD,1732
2026-03-24,2026-03-24,B007MZ7VE4,,,1256,0,15.73,,,0,2433.2,USD,280,3548.19,USD,411,33.86,USD,4,967.26,USD,114
2026-03-24,2026-03-24,B007MZ7VHG,,,512,0,0,,,0,0,USD,0,26947.32,USD,3790,20.71,USD,3,17723.58,USD,2510
2026-03-24,2026-03-24,B009UOMMWQ,,,,0,0,,,0,0,USD,0,6053.34,USD,1299,18.64,USD,4,3714.02,USD,797
2026-03-24,2026-03-24,B009UOMNE8,,,168,0,0,,,0,0,USD,0,5562.05,USD,1696,6.56,USD,2,4584.61,USD,1398
2026-03-24,2026-03-24,B009UOMO8I,,,,0,0,,,0,0,USD,0,960.32,USD,130,0,USD,0,893.6,USD,122
2026-03-24,2026-03-24,B00D8MX6NA,,,794,0,0,,,0,0,USD,0,3096.36,USD,332,53.4,USD,6,94.76,USD,12
2026-03-24,2026-03-24,B00DTFLZK2,,,40,0,0,,,0,0,USD,0,1916.53,USD,209,9.17,USD,1,1283.8,USD,140
2026-03-24,2026-03-24,B00H3ILK92,,,,0,0,,,0,0,USD,0,85.56,USD,12,5217.11,USD,838,0,USD,0
2026-03-24,2026-03-24,B00HUBBDIK,,,7157,0,15.73,,,0,2214.72,USD,288,107824.1,USD,14920,158.63,USD,21,69066.5,USD,9880
2026-03-24,2026-03-24,B00IFV83MS,,,216,0,0,,,0,0,USD,0,4740.47,USD,588,86.69,USD,11,1673.07,USD,220
2026-03-24,2026-03-24,B00JYCPRSA,,,,0,0,,,0,0,USD,0,1574.99,USD,392,0,USD,0,1574.99,USD,392
2026-03-24,2026-03-24,B00JYCPX4I,,,160,0,0,,,0,0,USD,0,1707.34,USD,206,8.34,USD,1,241.6,USD,30
2026-03-24,2026-03-24,B00JYCPX7K,,,,0,0,,,0,0,USD,0,12353.33,USD,2285,13.68,USD,2,12241.14,USD,2272
2026-03-24,2026-03-24,B00RZUV264,,,8,0,0,,,0,0,USD,0,98.53,USD,10,0,USD,0,62.53,USD,6
2026-03-24,2026-03-24,B00SM2O0M2,,,,0,0,,,0,0,USD,0,7.48,USD,1,0,USD,0,7.48,USD,1
2026-03-24,2026-03-24,B010VIPY92,,,,0,0,,,0,0,USD,0,8.23,USD,1,0,USD,0,8.23,USD,1
2026-03-24,2026-03-24,B015RW315G,,,,0,0,,,0,0,USD,0,1566.77,USD,231,0,USD,0,495.1,USD,69
2026-03-24,2026-03-24,B018BDNC3O,,,,0,0,,,0,0,USD,0,6842.38,USD,836,0,USD,0,6834.04,USD,835
2026-03-24,2026-03-24,B01DWIZTMK,,,6662,0,15.79,,,0,152.13,USD,33,15241.8,USD,3356,78.37,USD,17,3470.68,USD,802
2026-03-24,2026-03-24,B01H12JILG,,,28,0,0,,,0,0,USD,0,183.68,USD,14,14.58,USD,1,81.62,USD,7
2026-03-24,2026-03-24,B01H12OXQG,,,8,0,0,,,0,0,USD,0,79.31,USD,6,0,USD,0,11.41,USD,1
2026-03-24,2026-03-24,B01MG8UQC7,,,,0,0,,,0,0,USD,0,4497.5,USD,514,7.85,USD,1,1435,USD,164
2026-03-24,2026-03-24,B01N02MNVQ,,,,0,0,,,0,0,USD,0,89590.17,USD,11521,84.75,USD,11,72116.07,USD,9323
2026-03-24,2026-03-24,B01N4SC603,,,,0,0,,,0,0,USD,0,555.06,USD,66,33.64,USD,4,555.06,USD,66
2026-03-24,2026-03-24,B01N6UHPSE,,,,0,0,,,0,0,USD,0,3109.35,USD,363,8.55,USD,1,3066.6,USD,358
2026-03-24,2026-03-24,B06XDGNL1G,,,,0,0,,,0,0,USD,0,8.41,USD,1,0,USD,0,8.41,USD,1
2026-03-24,2026-03-24,B06XN6CYLQ,,,,0,0,,,0,0,USD,0,539.36,USD,141,0,USD,0,416.88,USD,108
2026-03-24,2026-03-24,B06XWJ7X4Q,,,,0,0,,,0,0,USD,0,0,USD,0,153.72,USD,14,0,USD,0
2026-03-24,2026-03-24,B06XWV5X9N,,,568,0,0,,,0,0,USD,0,18327.11,USD,1315,13.97,USD,1,7444.48,USD,536
2026-03-24,2026-03-24,B073GHYJ2P,,,,0,0,,,0,0,USD,0,317.71,USD,32,0,USD,0,234.37,USD,23
2026-03-24,2026-03-24,B073GMP14X,,,,0,0,,,0,0,USD,0,11.53,USD,1,0,USD,0,11.53,USD,1
2026-03-24,2026-03-24,B073RP3K8P,,,,0,0,,,0,0,USD,0,32.61,USD,3,0,USD,0,32.61,USD,3
2026-03-24,2026-03-24,B0757SCJP1,,,12,0,0,,,0,0,USD,0,209,USD,22,0,USD,0,0,USD,0
2026-03-24,2026-03-24,B075PGHPTJ,,,,0,0,,,0,0,USD,0,24.3,USD,1,0,USD,0,24.3,USD,1
2026-03-24,2026-03-24,B075SR8ZVG,,,196,0,0,,,0,0,USD,0,7631.58,USD,1023,7.46,USD,1,37.3,USD,5
2026-03-24,2026-03-24,B075TG2Q7F,,,96,0,15.75,,,0,39,USD,4,907.36,USD,93,0,USD,0,0,USD,0
2026-03-24,2026-03-24,B076ZY7WDR,,,16,0,36.94,,,0,200.64,USD,16,10940.97,USD,873,11.25,USD,1,382.29,USD,31
2026-03-24,2026-03-24,B0779T7WJQ,,,60,0,0,,,0,0,USD,0,1029.13,USD,106,10.01,USD,1,338.44,USD,37
2026-03-24,2026-03-24,B077B8DC2W,,,1858,0,37.05,,,0,740.48,USD,64,10636.07,USD,920,11.57,USD,1,572.55,USD,50
2026-03-24,2026-03-24,B077B919QT,,,32,0,0,,,0,0,USD,0,1887.13,USD,170,0,USD,0,377.62,USD,37
2026-03-24,2026-03-24,B078TSRN4X,,,,0,0,,,0,0,USD,0,1122.22,USD,115,0,USD,0,97.6,USD,10
2026-03-24,2026-03-24,B079DDJPZS,,,1584,0,15.79,,,0,708.56,USD,136,3378.64,USD,677,0,USD,0,1495.27,USD,315
2026-03-24,2026-03-24,B079DDNN3K,,,2028,0,25.54,,,0,283.92,USD,52,4943.25,USD,961,5.46,USD,1,2581.92,USD,528
2026-03-24,2026-03-24,B079DF63FW,,,3241,0,19.75,,,0,2042.16,USD,508,7931.28,USD,1974,15.66,USD,4,196.8,USD,50
2026-03-24,2026-03-24,B079PTDHRL,,,,0,0,,,0,0,USD,0,45,USD,5,0,USD,0,45,USD,5
2026-03-24,2026-03-24,B079PXH2JV,,,12,0,0,,,0,0,USD,0,10.25,USD,1,0,USD,0,10.25,USD,1
2026-03-24,2026-03-24,B079PYXHZM,,,,0,0,,,0,0,USD,0,266.5,USD,26,0,USD,0,266.5,USD,26
2026-03-24,2026-03-24,B079Q19YV2,,,,0,0,,,0,0,USD,0,,,,,,,,,
2026-03-24,2026-03-24,B079QB84LZ,,,,0,0,,,0,0,USD,0,48.75,USD,5,0,USD,0,48.75,USD,5
2026-03-24,2026-03-24,B079QBGJ3J,,,,0,0,,,0,0,USD,0,23.25,USD,3,0,USD,0,23.25,USD,3
2026-03-24,2026-03-24,B07B3VMB75,,,,0,0,,,0,0,USD,0,2.85,USD,1,68.4,USD,24,2.85,USD,1
2026-03-24,2026-03-24,B07B3WP8RR,,,,0,0,,,0,0,USD,0,162.56,USD,58,0,USD,0,162.56,USD,58
2026-03-24,2026-03-24,B07B41TPFM,,,16,0,36.94,,,0,312.16,USD,16,14975.05,USD,769,0,USD,0,9278.13,USD,477
2026-03-24,2026-03-24,B07CZDPPVJ,,,120,0,15.75,,,0,86.4,USD,24,1138.23,USD,317,3.6,USD,1,533.43,USD,149
2026-03-24,2026-03-24,B07CZLJ4P3,,,,0,0,,,0,0,USD,0,282.96,USD,72,0,USD,0,282.96,USD,72
2026-03-24,2026-03-24,B07D43N9HZ,,,,0,0,,,0,0,USD,0,27,USD,4,0,USD,0,27,USD,4
2026-03-24,2026-03-24,B07DQ5D9F9,,,135,0,0,,,0,0,USD,0,5465.56,USD,537,0,USD,0,3654.67,USD,366
2026-03-24,2026-03-24,B07DQFZWCL,,,12,0,0,,,0,0,USD,0,6792.68,USD,531,26.1,USD,2,1236.88,USD,97
2026-03-24,2026-03-24,B07FZPJ18V,,,1950,0,36.96,,,0,1317.6,USD,360,10384.85,USD,2872,21.42,USD,6,3654.21,USD,1001
2026-03-24,2026-03-24,B07G7THY1T,,,,0,0,,,0,0,USD,0,6.89,USD,1,0,USD,0,6.89,USD,1
2026-03-24,2026-03-24,B07G7TSMWX,,,,0,0,,,0,0,USD,0,65.28,USD,8,9.09,USD,1,65.28,USD,8
2026-03-24,2026-03-24,B07G7XSTFS,,,,0,0,,,0,0,USD,0,34,USD,4,0,USD,0,34,USD,4
2026-03-24,2026-03-24,B07H78QP9M,,,,0,0,,,0,0,USD,0,24.85,USD,7,0,USD,0,24.85,USD,7
2026-03-24,2026-03-24,B07HHQHHCY,,,,0,0,,,0,0,USD,0,3907.71,USD,369,29.59,USD,3,84.72,USD,8
2026-03-24,2026-03-24,B07HHTYXDB,,,,0,0,,,0,0,USD,0,121,USD,10,0,USD,0,121,USD,10
2026-03-24,2026-03-24,B07HSFQMN7,,,,0,0,,,0,0,USD,0,703.74,USD,111,0,USD,0,525,USD,84
2026-03-24,2026-03-24,B07HSFZ3SG,,,,0,0,,,0,0,USD,0,92.52,USD,19,0,USD,0,92.52,USD,19
2026-03-24,2026-03-24,B07HSJ5R7V,,,3084,0,17.98,,,0,604.36,USD,116,2611.88,USD,566,0,USD,0,0,USD,0
2026-03-24,2026-03-24,B07HSJNSJR,,,11786,0,0,,,0,0,USD,0,5114.43,USD,1395,17.89,USD,5,2879.85,USD,795
2026-03-24,2026-03-24,B07HSN3YJL,,,2806,0,15.77,,,0,223.96,USD,44,5575.04,USD,1228,13.21,USD,3,2370.19,USD,515
2026-03-24,2026-03-24,B07J9Q4XV9,,,,0,0,,,0,0,USD,0,8562.96,USD,504,0,USD,0,3499.94,USD,206
2026-03-24,2026-03-24,B07KCXK3G2,,,,0,0,,,0,0,USD,0,2.61,USD,1,0,USD,0,2.61,USD,1
2026-03-24,2026-03-24,B07KCXPL6V,,,216,0,0,,,0,0,USD,0,418.8,USD,102,0,USD,0,106.86,USD,26
2026-03-24,2026-03-24,B07KD24XBS,,,192,0,15.79,,,0,98.4,USD,24,764.57,USD,203,0,USD,0,666.17,USD,179
2026-03-24,2026-03-24,B07KD4TX3F,,,,0,0,,,0,0,USD,0,0,USD,0,0,USD,0,0,USD,0
2026-03-24,2026-03-24,B07KK6T42T,,,,0,0,,,0,0,USD,0,141.67,USD,31,0,USD,0,13.71,USD,3
2026-03-24,2026-03-24,B07KK79D6D,,,,0,0,,,0,0,USD,0,358.03,USD,43,0,USD,0,358.03,USD,43
2026-03-24,2026-03-24,B07KY1WY5P,,,,0,0,,,0,0,USD,0,38.25,USD,3,12.75,USD,1,38.25,USD,3
2026-03-24,2026-03-24,B07MG5YVJX,,,,0,0,,,0,0,USD,0,25,USD,2,0,USD,0,25,USD,2
2026-03-24,2026-03-24,B07N13SJQB,,,26,0,0,,,0,0,USD,0,4293.16,USD,421,10.2,USD,1,2385.76,USD,234
2026-03-24,2026-03-24,B07N7ZB2X1,,,2838,0,36.67,,,0,28.14,USD,3,5703.62,USD,636,8.42,USD,1,3152.26,USD,364
2026-03-24,2026-03-24,B07N7ZQX9M,,,,0,0,,,0,0,USD,0,1893.75,USD,154,12.5,USD,1,1881.25,USD,153
2026-03-24,2026-03-24,B07NC89LMZ,,,,0,0,,,0,0,USD,0,36.25,USD,5,0,USD,0,36.25,USD,5
2026-03-24,2026-03-24,B07ND5CJP2,,,,0,0,,,0,0,USD,0,16.4,USD,1,0,USD,0,16.4,USD,1
2026-03-24,2026-03-24,B07NDHMKSD,,,,0,0,,,0,0,USD,0,18238.1,USD,2770,0,USD,0,18173.4,USD,2760
2026-03-24,2026-03-24,B07NDHQZ96,,,,0,0,,,0,0,USD,0,1328.91,USD,205,0,USD,0,1328.91,USD,205
2026-03-24,2026-03-24,B07NRFGZG4,,,,0,0,,,0,0,USD,0,8.52,USD,3,0,USD,0,8.52,USD,3
2026-03-24,2026-03-24,B07P928YLJ,,,,0,0,,,0,0,USD,0,14.28,USD,2,0,USD,0,14.28,USD,2
2026-03-24,2026-03-24,B07PDJ6Z9L,,,120,0,0,,,0,0,USD,0,13768.59,USD,2639,37.35,USD,7,12077.85,USD,2336
2026-03-24,2026-03-24,B07PFG1RVP,,,,0,0,,,0,0,USD,0,0,USD,0,5.18,USD,2,0,USD,0
2026-03-24,2026-03-24,B07PP8CLLB,,,42,0,26.17,,,0,50.16,USD,6,493.24,USD,59,0,USD,0,0,USD,0
2026-03-24,2026-03-24,B07PPD8Q8V,,,180,0,0,,,0,0,USD,0,36849.05,USD,4145,35.56,USD,4,7716.52,USD,868
2026-03-24,2026-03-24,B07PQHZF2Y,,,72,0,15.67,,,0,38.46,USD,3,423.06,USD,33,11.5,USD,1,0,USD,0
2026-03-24,2026-03-24,B07QB9MX8P,,,588,0,15.79,,,0,519.36,USD,96,12872.24,USD,2384,43.28,USD,8,1812.58,USD,338
2026-03-24,2026-03-24,B07QGH299S,,,,0,0,,,0,0,USD,0,17.25,USD,3,0,USD,0,17.25,USD,3
2026-03-24,2026-03-24,B07QGH4DVH,,,502,0,37.15,,,0,187.2,USD,48,9796.8,USD,2512,3.9,USD,1,323.7,USD,83
2026-03-24,2026-03-24,B07QSCH73L,,,,0,0,,,0,0,USD,0,0,USD,0,191.52,USD,24,0,USD,0
2026-03-24,2026-03-24,B07R9PTGXN,,,884,0,0,,,0,0,USD,0,442.16,USD,52,8.64,USD,1,165.68,USD,20
2026-03-24,2026-03-24,B07V2LTV4R,,,,0,0,,,0,0,USD,0,3536.25,USD,315,0,USD,0,1812.57,USD,153
2026-03-24,2026-03-24,B07V5TGM2Q,,,456,0,34.23,,,0,191.4,USD,60,5538.02,USD,1768,12.57,USD,4,1393.73,USD,437
2026-03-24,2026-03-24,B07VKPJ87J,,,,0,0,,,0,0,USD,0,4733.34,USD,306,0,USD,0,1578.19,USD,97
2026-03-24,2026-03-24,B07VVDXJ98,,,,0,0,,,0,0,USD,0,218.5,USD,23,0,USD,0,218.5,USD,23
2026-03-24,2026-03-24,B07VZNYQGN,,,332,0,15.7,,,0,257.4,USD,20,6036.04,USD,469,51.48,USD,4,308.89,USD,24
2026-03-24,2026-03-24,B07VZPCHCV,,,,0,0,,,0,0,USD,0,1517.88,USD,130,0,USD,0,1176.06,USD,103
2026-03-24,2026-03-24,B07WZW46JX,,,1220,0,36.89,,,0,3914.24,USD,352,36891.04,USD,3321,142.28,USD,13,7489.76,USD,677
2026-03-24,2026-03-24,B07XZW9ZBM,,,,0,0,,,0,0,USD,0,,,,,,,,,
2026-03-24,2026-03-24,B07XZWFKMB,,,,0,0,,,0,0,USD,0,0,USD,0,25.95,USD,5,0,USD,0
2026-03-24,2026-03-24,B07XZX6HXF,,,258,0,0,,,0,0,USD,0,1209.5,USD,205,0,USD,0,247.8,USD,42
2026-03-24,2026-03-24,B07ZK4RFHD,,,2268,0,15.75,,,0,18.72,USD,4,3345.72,USD,715,9.36,USD,2,3228.72,USD,690
2026-03-24,2026-03-24,B07ZK55B22,,,,0,0,,,0,0,USD,0,14.68,USD,4,0,USD,0,14.68,USD,4
2026-03-24,2026-03-24,B07ZK55SVC,,,228,0,0,,,0,0,USD,0,4098.85,USD,245,0,USD,0,117.11,USD,7
2026-03-24,2026-03-24,B07ZK55T38,,,398,0,0,,,0,0,USD,0,8919.19,USD,1559,11.62,USD,2,1521.45,USD,285
2026-03-24,2026-03-24,B07ZK596HV,,,39,0,0,,,0,0,USD,0,2166.2,USD,320,0,USD,0,738.2,USD,110
2026-03-24,2026-03-24,B07ZWDGT79,,,432,0,0,,,0,0,USD,0,5804.25,USD,545,21.3,USD,2,1033.05,USD,97
2026-03-24,2026-03-24,B0849HCYJ6,,,,0,0,,,0,0,USD,0,8802.21,USD,841,21.46,USD,2,534.03,USD,51
2026-03-24,2026-03-24,B084C5XNYT,,,,0,0,,,0,0,USD,0,101.65,USD,19,5.35,USD,1,101.65,USD,19
2026-03-24,2026-03-24,B084DC7GR8,,,30,0,0,,,0,0,USD,0,2334.1,USD,246,28.62,USD,3,1857.1,USD,196
2026-03-24,2026-03-24,B084DCY6Q6,,,,0,0,,,0,0,USD,0,28.14,USD,2,0,USD,0,28.14,USD,2
2026-03-24,2026-03-24,B084DZ44KR,,,,0,0,,,0,0,USD,0,209.29,USD,19,0,USD,0,86.77,USD,8
2026-03-24,2026-03-24,B084DZ9YKG,,,16,0,0,,,0,0,USD,0,2030.88,USD,159,0,USD,0,1180.8,USD,90
2026-03-24,2026-03-24,B084DZC34B,,,100,0,36.94,,,0,162.72,USD,16,2748.4,USD,275,20.36,USD,2,1995.78,USD,201
2026-03-24,2026-03-24,B084DZFGZ6,,,1520,0,15.71,,,0,213.36,USD,24,6836.2,USD,770,133.35,USD,15,2080.05,USD,235
2026-03-24,2026-03-24,B085H7SDHD,,,,0,0,,,0,0,USD,0,262.7,USD,54,0,USD,0,262.7,USD,54
2026-03-24,2026-03-24,B0866QQHH8,,,18,0,15.67,,,0,29.7,USD,6,238.59,USD,52,0,USD,0,75.24,USD,19
2026-03-24,2026-03-24,B0866S52S1,,,,0,0,,,0,0,USD,0,5.2,USD,1,0,USD,0,5.2,USD,1
2026-03-24,2026-03-24,B086W79KK2,,,66,0,0,,,0,0,USD,0,,,,,,,,,
2026-03-24,2026-03-24,B0875Z9QNV,,,16,0,0,,,0,0,USD,0,338.1,USD,33,10.5,USD,1,96.6,USD,10
2026-03-24,2026-03-24,B087F2K7NY,,,,0,0,,,0,0,USD,0,22.56,USD,3,7.11,USD,1,22.56,USD,3
2026-03-24,2026-03-24,B087F3B6NN,,,,0,0,,,0,0,USD,0,33.08,USD,8,0,USD,0,33.08,USD,8
2026-03-24,2026-03-24,B0888XDN6R,,,,0,0,,,0,0,USD,0,15.45,USD,3,0,USD,0,15.45,USD,3
2026-03-24,2026-03-24,B0888XPMP5,,,,0,0,,,0,0,USD,0,24.66,USD,6,0,USD,0,24.66,USD,6
2026-03-24,2026-03-24,B0889H4NWW,,,,0,0,,,0,0,USD,0,1071.51,USD,191,28.05,USD,5,1071.51,USD,191
2026-03-24,2026-03-24,B089DN6RSH,,,102,0,0,,,0,0,USD,0,3262.41,USD,420,8.08,USD,1,1441.77,USD,192
2026-03-24,2026-03-24,B08B42NJG2,,,,0,0,,,0,0,USD,0,0,USD,0,37.05,USD,3,0,USD,0
2026-03-24,2026-03-24,B08B42P9JQ,,,48,0,0,,,0,0,USD,0,1074.71,USD,119,18.22,USD,2,682.98,USD,76
2026-03-24,2026-03-24,B08B43Y7DK,,,88,0,0,,,0,0,USD,0,1346.16,USD,142,0,USD,0,1346.16,USD,142
2026-03-24,2026-03-24,B08CJZBFG6,,,30,0,0,,,0,0,USD,0,182.35,USD,27,0,USD,0,42.9,USD,6
2026-03-24,2026-03-24,B08CK2F4SL,,,,0,0,,,0,0,USD,0,2009.62,USD,588,0,USD,0,1692.84,USD,496
2026-03-24,2026-03-24,B08CK3G9NT,,,4,0,0,,,0,0,USD,0,77.08,USD,9,0,USD,0,39.48,USD,5
2026-03-24,2026-03-24,B08CK5L53L,,,,0,0,,,0,0,USD,0,1915.08,USD,568,0,USD,0,1884.08,USD,559
2026-03-24,2026-03-24,B08CWRNH2J,,,12,0,0,,,0,0,USD,0,79.2,USD,16,0,USD,0,0,USD,0
2026-03-24,2026-03-24,B08CWXNRGR,,,96,0,0,,,0,0,USD,0,1715.87,USD,178,0,USD,0,1341.71,USD,137
2026-03-24,2026-03-24,B08CX14HLP,,,412,0,0,,,0,0,USD,0,14309.37,USD,1433,0,USD,0,3806.01,USD,393
2026-03-24,2026-03-24,B08CX5168M,,,,0,0,,,0,0,USD,0,473.97,USD,55,0,USD,0,473.97,USD,55
2026-03-24,2026-03-24,B08CX9FXD2,,,164,0,0,,,0,0,USD,0,907.42,USD,118,7.69,USD,1,392.19,USD,51
2026-03-24,2026-03-24,B08CXCHTB8,,,,0,0,,,0,0,USD,0,846.61,USD,73,0,USD,0,846.61,USD,73
2026-03-24,2026-03-24,B08FPBY5P2,,,172,0,0,,,0,0,USD,0,26825,USD,4292,6.25,USD,1,26800,USD,4288
2026-03-24,2026-03-24,B08FPMQXZQ,,,,0,0,,,0,0,USD,0,781.02,USD,54,0,USD,0,548.35,USD,37
2026-03-24,2026-03-24,B08FPS18T7,,,24,0,0,,,0,0,USD,0,,,,,,,,,
2026-03-24,2026-03-24,B08FPTD1CB,,,,0,0,,,0,0,USD,0,1147.44,USD,158,0,USD,0,707.56,USD,98
2026-03-24,2026-03-24,B08FPTFQYS,,,,0,0,,,0,0,USD,0,24.18,USD,3,0,USD,0,24.18,USD,3
2026-03-24,2026-03-24,B08FZ11BZL,,,220,0,0,,,0,0,USD,0,2263.52,USD,172,0,USD,0,1855.56,USD,141
2026-03-24,2026-03-24,B08GTQQTP8,,,,0,0,,,0,0,USD,0,10,USD,1,0,USD,0,10,USD,1
2026-03-24,2026-03-24,B08GTTT2K1,,,852,0,15.8,,,0,225.6,USD,60,7832.34,USD,2086,37.22,USD,10,5196.58,USD,1385
2026-03-24,2026-03-24,B08GV37D8S,,,68,0,0,,,0,0,USD,0,234.52,USD,36,6.56,USD,1,70.52,USD,11
2026-03-24,2026-03-24,B08GYLV34K,,,5,0,0,,,0,0,USD,0,17387.82,USD,2100,16.9,USD,2,7489.51,USD,887
2026-03-24,2026-03-24,B08KKCPW4P,,,1,0,0,,,0,0,USD,0,919.65,USD,217,8.41,USD,2,640.88,USD,156
2026-03-24,2026-03-24,B08L71ZHJ3,,,2,0,0,,,0,0,USD,0,185.06,USD,39,0,USD,0,134.66,USD,29
2026-03-24,2026-03-24,B08L72XJHR,,,,0,0,,,0,0,USD,0,87.76,USD,8,0,USD,0,87.76,USD,8
2026-03-24,2026-03-24,B08L75B7FN,,,,0,0,,,0,0,USD,0,110.88,USD,22,0,USD,0,70.56,USD,14
2026-03-24,2026-03-24,B08LDZSZV6,,,,0,0,,,0,0,USD,0,0,USD,0,0,USD,0,0,USD,0
2026-03-24,2026-03-24,B08LF3MRPH,,,450,0,15.55,,,0,1277.55,USD,85,2954.97,USD,200,15.03,USD,1,339.75,USD,26
2026-03-24,2026-03-24,B08LF4MJ43,,,1399,0,15,,,0,25.58,USD,2,4330.93,USD,337,63.95,USD,5,442.77,USD,33
2026-03-24,2026-03-24,B08M95FCZK,,,,0,0,,,0,0,USD,0,361.58,USD,51,0,USD,0,361.58,USD,51
2026-03-24,2026-03-24,B08M9M9R5X,,,30,0,0,,,0,0,USD,0,881.28,USD,64,0,USD,0,399.33,USD,29
2026-03-24,2026-03-24,B08M9S4PMZ,,,,0,0,,,0,0,USD,0,6.75,USD,1,0,USD,0,6.75,USD,1
2026-03-24,2026-03-24,B08NDXWPPW,,,312,0,36.87,,,0,267.6,USD,30,11045.41,USD,1258,0,USD,0,454.92,USD,51
2026-03-24,2026-03-24,B08PN58K6M,,,961,0,36.95,,,0,430.8,USD,120,8090.89,USD,2320,31.94,USD,9,4669.99,USD,1367
2026-03-24,2026-03-24,B08PQ87PMF,,,,0,0,,,0,0,USD,0,9.4,USD,1,0,USD,0,9.4,USD,1
2026-03-24,2026-03-24,B08QQL8KZG,,,168,0,0,,,0,0,USD,0,3233.74,USD,497,6.19,USD,1,2358.71,USD,370
2026-03-24,2026-03-24,B08QQRFQNC,,,6306,0,0,,,0,0,USD,0,1166.22,USD,209,16.74,USD,3,5.58,USD,1
2026-03-24,2026-03-24,B08QR6G349,,,-95,0,0,,,0,0,USD,0,8263.94,USD,1532,104.28,USD,19,4063.5,USD,746
2026-03-24,2026-03-24,B08QR6GSY8,,,330,0,36.92,,,0,43.32,USD,12,4506.76,USD,1285,7.22,USD,2,3090.25,USD,892
2026-03-24,2026-03-24,B08QR7L5RW,,,,0,0,,,0,0,USD,0,55.05,USD,15,0,USD,0,47.71,USD,13
2026-03-24,2026-03-24,B08QRCDL4N,,,204,0,15.78,,,0,64.98,USD,18,779.76,USD,216,0,USD,0,288.8,USD,80
2026-03-24,2026-03-24,B08QVB5H5Z,,,,0,0,,,0,0,USD,0,345,USD,97,0,USD,0,296.64,USD,84
2026-03-24,2026-03-24,B08R5J8Z28,,,,0,0,,,0,0,USD,0,176.09,USD,40,0,USD,0,55.67,USD,13
2026-03-24,2026-03-24,B08RRWMYVF,,,,0,0,,,0,0,USD,0,0,USD,0,37.44,USD,12,0,USD,0
2026-03-24,2026-03-24,B08RRYYGC2,,,,0,0,,,0,0,USD,0,0,USD,0,3.12,USD,1,0,USD,0
2026-03-24,2026-03-24,B08SYYQ9R9,,,,0,0,,,0,0,USD,0,0,USD,0,92.24,USD,4,0,USD,0
2026-03-24,2026-03-24,B08WYQFF3M,,,,0,0,,,0,0,USD,0,5.58,USD,1,0,USD,0,5.58,USD,1
2026-03-24,2026-03-24,B091YDV22K,,,106,0,0,,,0,0,USD,0,10323.57,USD,591,69.89,USD,4,3056.03,USD,175
2026-03-24,2026-03-24,B0932TB3Z6,,,812,0,0,,,0,0,USD,0,10218.95,USD,679,30.1,USD,2,45.15,USD,3
2026-03-24,2026-03-24,B093MTGKXC,,,,0,0,,,0,0,USD,0,2963.55,USD,352,0,USD,0,1363.75,USD,159
2026-03-24,2026-03-24,B094PHGQ1G,,,,0,0,,,0,0,USD,0,924,USD,132,14,USD,2,420,USD,60
2026-03-24,2026-03-24,B097WQ7ZK3,,,,0,0,,,0,0,USD,0,5.55,USD,1,0,USD,0,5.55,USD,1
2026-03-24,2026-03-24,B097WZB6NW,,,,0,0,,,0,0,USD,0,50.05,USD,7,0,USD,0,50.05,USD,7
2026-03-24,2026-03-24,B0992QXNP6,,,,0,0,,,0,0,USD,0,228,USD,12,0,USD,0,228,USD,12
2026-03-24,2026-03-24,B0992V3RFP,,,,0,0,,,0,0,USD,0,19.8,USD,1,0,USD,0,19.8,USD,1
2026-03-24,2026-03-24,B099DSPZ99,,,,0,0,,,0,0,USD,0,2617.84,USD,211,0,USD,0,2617.84,USD,211
2026-03-24,2026-03-24,B099NXFTK2,,,,0,0,,,0,0,USD,0,169.8,USD,8,0,USD,0,169.8,USD,8
2026-03-24,2026-03-24,B099VXHYMC,,,,0,0,,,0,0,USD,0,990.36,USD,84,11.95,USD,1,990.36,USD,84
2026-03-24,2026-03-24,B09CQYL1J9,,,,0,0,,,0,0,USD,0,1032.41,USD,77,0,USD,0,1032.41,USD,77
2026-03-24,2026-03-24,B09CR5RX65,,,,0,0,,,0,0,USD,0,7119.14,USD,794,34.7,USD,4,3271.18,USD,358
2026-03-24,2026-03-24,B09CR6BDW3,,,,0,0,,,0,0,USD,0,268.56,USD,26,0,USD,0,118.2,USD,10
2026-03-24,2026-03-24,B09CR6YVHS,,,,0,0,,,0,0,USD,0,46.14,USD,6,0,USD,0,46.14,USD,6
2026-03-24,2026-03-24,B09CR7N6X7,,,,0,0,,,0,0,USD,0,15,USD,2,0,USD,0,15,USD,2
2026-03-24,2026-03-24,B09CR89VFM,,,,0,0,,,0,0,USD,0,84,USD,10,0,USD,0,84,USD,10
2026-03-24,2026-03-24,B09CR8L4CG,,,,0,0,,,0,0,USD,0,638.06,USD,84,7.69,USD,1,638.06,USD,84
2026-03-24,2026-03-24,B09CR9G46J,,,54,0,0,,,0,0,USD,0,1447,USD,148,0,USD,0,1447,USD,148
2026-03-24,2026-03-24,B09CRCN6PJ,,,,0,0,,,0,0,USD,0,320.6,USD,34,0,USD,0,112.7,USD,12
2026-03-24,2026-03-24,B09CRDVHZ6,,,18,0,0,,,0,106.32,USD,12,2536.45,USD,287,17.72,USD,2,1030.25,USD,117
2026-03-24,2026-03-24,B09CRJYDM4,,,,0,0,,,0,0,USD,0,374.14,USD,26,0,USD,0,0,USD,0
2026-03-24,2026-03-24,B09CRJYF7N,,,48,0,0,,,0,0,USD,0,1876.93,USD,113,33.22,USD,2,16.61,USD,1
2026-03-24,2026-03-24,B09DF5T7VC,,,,0,0,,,0,0,USD,0,31.35,USD,3,0,USD,0,0,USD,0
2026-03-24,2026-03-24,B09FG6YKK1,,,,0,0,,,0,0,USD,0,1392.66,USD,250,6.45,USD,1,1392.66,USD,250
2026-03-24,2026-03-24,B09FG6YP43,,,,0,0,,,0,0,USD,0,104.04,USD,18,0,USD,0,104.04,USD,18
2026-03-24,2026-03-24,B09FG78TY3,,,,0,0,,,0,0,USD,0,0,USD,0,22.5,USD,3,0,USD,0
2026-03-24,2026-03-24,B09FG7H2P6,,,,0,0,,,0,0,USD,0,2513.76,USD,327,0,USD,0,2374.98,USD,309
2026-03-24,2026-03-24,B09FG7PLZK,,,,0,0,,,0,0,USD,0,673.66,USD,63,0,USD,0,673.66,USD,63
2026-03-24,2026-03-24,B09FG7VZ6B,,,4,0,0,,,0,0,USD,0,288.75,USD,21,0,USD,0,0,USD,0
2026-03-24,2026-03-24,B09FG815Q8,,,,0,0,,,0,0,USD,0,44.6,USD,4,11.15,USD,1,44.6,USD,4
2026-03-24,2026-03-24,B09FG8179S,,,24,0,0,,,0,0,USD,0,738.72,USD,57,0,USD,0,635.04,USD,49
2026-03-24,2026-03-24,B09FG88MKW,,,456,0,0,,,0,0,USD,0,9850.3,USD,1331,53.06,USD,7,3423.24,USD,483
2026-03-24,2026-03-24,B09FG8LF87,,,,0,0,,,0,0,USD,0,8.1,USD,1,0,USD,0,8.1,USD,1
2026-03-24,2026-03-24,B09FG92BCJ,,,48,0,0,,,0,0,USD,0,0,USD,0,10.14,USD,1,0,USD,0
2026-03-24,2026-03-24,B09FG9GV5X,,,,0,0,,,0,0,USD,0,9.8,USD,1,0,USD,0,9.8,USD,1
2026-03-24,2026-03-24,B09FGB8TQ4,,,,0,0,,,0,0,USD,0,92.78,USD,10,0,USD,0,92.78,USD,10
2026-03-24,2026-03-24,B09GPW9NXL,,,236,0,0,,,0,0,USD,0,6.8,USD,1,0,USD,0,6.8,USD,1
2026-03-24,2026-03-24,B09GPYFHY7,,,8,0,0,,,0,0,USD,0,8728.59,USD,648,13.68,USD,1,1188.75,USD,87
2026-03-24,2026-03-24,B09GPYH76H,,,393,0,15.63,,,0,66.88,USD,8,9697.6,USD,1160,24.22,USD,3,643.72,USD,77
2026-03-24,2026-03-24,B09JBDPC2P,,,12,0,0,,,0,0,USD,0,1679.1,USD,174,9.65,USD,1,135.1,USD,14
2026-03-24,2026-03-24,B09JBDTVK5,,,,0,0,,,0,0,USD,0,108.21,USD,13,0,USD,0,40.05,USD,5
2026-03-24,2026-03-24,B09JBDXBQF,,,,0,0,,,0,0,USD,0,1442.33,USD,109,0,USD,0,1442.33,USD,109
2026-03-24,2026-03-24,B09JBFTDN8,,,,0,0,,,0,0,USD,0,1388.1,USD,118,0,USD,0,824.55,USD,71
2026-03-24,2026-03-24,B09JBHSP2P,,,,0,0,,,0,0,USD,0,13.5,USD,2,0,USD,0,13.5,USD,2
2026-03-24,2026-03-24,B09JBNHVFZ,,,8233,0,16.09,,,0,15225.6,USD,1464,118799.2,USD,11423,457.6,USD,44,19500,USD,1875
2026-03-24,2026-03-24,B09JBY6LML,,,12,0,0,,,0,0,USD,0,108.46,USD,17,6.38,USD,1,0,USD,0
2026-03-24,2026-03-24,B09LC5T863,,,,0,0,,,0,0,USD,0,0,USD,0,224.45,USD,54,0,USD,0
2026-03-24,2026-03-24,B09LCDRS5G,,,,0,0,,,0,0,USD,0,2712.77,USD,305,0,USD,0,1460.42,USD,161
2026-03-24,2026-03-24,B09LCF8RNW,,,,0,0,,,0,0,USD,0,540.15,USD,39,0,USD,0,540.15,USD,39
2026-03-24,2026-03-24,B09LCJZPRS,,,,0,0,,,0,0,USD,0,0,USD,0,792,USD,88,0,USD,0
2026-03-24,2026-03-24,B09LCNC5R5,,,,0,0,,,0,0,USD,0,3062.28,USD,169,0,USD,0,960.36,USD,53
2026-03-24,2026-03-24,B09LCP82TF,,,,0,0,,,0,0,USD,0,66.75,USD,10,7.07,USD,1,27.5,USD,5
2026-03-24,2026-03-24,B09LCQ8H4Y,,,,0,0,,,0,0,USD,0,1471.6,USD,156,0,USD,0,1461.56,USD,155
2026-03-24,2026-03-24,B09LCQHYQP,,,,0,0,,,0,0,USD,0,70.65,USD,9,0,USD,0,7.85,USD,1
2026-03-24,2026-03-24,B09NZ6ZVZ4,,,30,0,0,,,0,0,USD,0,527.88,USD,48,0,USD,0,185.02,USD,17
2026-03-24,2026-03-24,B09NZHD4YK,,,2845,0,19.44,,,0,776,USD,160,1951.75,USD,405,48,USD,10,118.45,USD,27
2026-03-24,2026-03-24,B09NZN6W3L,,,90,0,0,,,0,0,USD,0,564.29,USD,170,0,USD,0,53.46,USD,15
2026-03-24,2026-03-24,B09NZNBZ7N,,,216,0,0,,,0,0,USD,0,2773.25,USD,380,0,USD,0,867.95,USD,119
2026-03-24,2026-03-24,B09PGV61BW,,,496,0,15.72,,,0,341.64,USD,36,23534.36,USD,2581,91.99,USD,10,18072.21,USD,2004
2026-03-24,2026-03-24,B09PGVGCH5,,,4932,0,0,,,0,0,USD,0,208409.37,USD,55901,279.75,USD,75,204142.35,USD,54755
2026-03-24,2026-03-24,B09PGVLVHL,,,1568,0,15.71,,,0,241.68,USD,24,40141.11,USD,3987,60.42,USD,6,35106.11,USD,3487
2026-03-24,2026-03-24,B09PGVSD2N,,,,0,0,,,0,0,USD,0,176.71,USD,60,0,USD,0,176.71,USD,60
2026-03-24,2026-03-24,B09PGVTTZ1,,,96,0,0,,,0,0,USD,0,8338.64,USD,2280,56.88,USD,16,5063.7,USD,1402
2026-03-24,2026-03-24,B09PGVZ5TJ,,,,0,0,,,0,0,USD,0,111923.84,USD,35232,56.94,USD,18,110943.12,USD,34920
2026-03-24,2026-03-24,B09PGWQBB5,,,6,0,0,,,0,0,USD,0,8.84,USD,2,4.2,USD,1,8.84,USD,2
2026-03-24,2026-03-24,B09PRTHHQS,,,,0,0,,,0,0,USD,0,196,USD,25,0,USD,0,126,USD,18
2026-03-24,2026-03-24,B09PRTNMC5,,,,0,0,,,0,0,USD,0,7.5,USD,1,7.5,USD,1,7.5,USD,1
2026-03-24,2026-03-24,B09PRV1LVQ,,,18,0,15.67,,,0,22.5,USD,3,219.15,USD,33,7.5,USD,1,153,USD,24
2026-03-24,2026-03-24,B09QQWS4M5,,,,0,0,,,0,0,USD,0,11417.08,USD,1310,36.28,USD,4,7155.12,USD,840
2026-03-24,2026-03-24,B09QRB8SYX,,,,0,0,,,0,0,USD,0,117,USD,13,0,USD,0,117,USD,13
2026-03-24,2026-03-24,B09QRBBFQX,,,,0,0,,,0,0,USD,0,5.65,USD,1,0,USD,0,5.65,USD,1
2026-03-24,2026-03-24,B09QRCV9S8,,,,0,0,,,0,0,USD,0,14891.21,USD,1898,32.77,USD,4,12411.13,USD,1603
2026-03-24,2026-03-24,B09QRD7TLX,,,,0,0,,,0,0,USD,0,23,USD,4,0,USD,0,23,USD,4
2026-03-24,2026-03-24,B09QRD8WCF,,,,0,0,,,0,0,USD,0,7.02,USD,1,0,USD,0,7.02,USD,1
2026-03-24,2026-03-24,B09QRFPLD1,,,2489,0,36.92,,,0,58.2,USD,12,1395.55,USD,293,9.7,USD,2,221.85,USD,51
2026-03-24,2026-03-24,B09QRHSWLG,,,140,0,0,,,0,0,USD,0,5323.35,USD,997,10.3,USD,2,3503.77,USD,680
2026-03-24,2026-03-24,B09QRK2MSL,,,,0,0,,,0,0,USD,0,8867.51,USD,1009,16.7,USD,2,6878.59,USD,783
2026-03-24,2026-03-24,B09QRL5W33,,,0,0,0,,,0,0,USD,0,10004.2,USD,1939,36.55,USD,7,8946.9,USD,1745
2026-03-24,2026-03-24,B09QRLZN89,,,,0,0,,,0,0,USD,0,4389.17,USD,1146,195.86,USD,52,3536.88,USD,927
2026-03-24,2026-03-24,B09QRMYDK6,,,,0,0,,,0,0,USD,0,20436.14,USD,2104,66.38,USD,7,16601.18,USD,1717
2026-03-24,2026-03-24,B09QRN4RMC,,,240,0,0,,,0,0,USD,0,4138.81,USD,445,0,USD,0,3769.92,USD,408
2026-03-24,2026-03-24,B09QRP863Z,,,480,0,36.94,,,0,102.56,USD,16,4737.55,USD,743,19.23,USD,3,4077.32,USD,640
2026-03-24,2026-03-24,B09QRS3DXV,,,,0,0,,,0,0,USD,0,36.3,USD,3,0,USD,0,0,USD,0
2026-03-24,2026-03-24,B09QRTDTK3,,,72,0,0,,,0,0,USD,0,560.23,USD,131,0,USD,0,15.4,USD,4
2026-03-24,2026-03-24,B09QRTSFY4,,,12,0,0,,,0,0,USD,0,189.9,USD,47,68.55,USD,19,164.94,USD,41
2026-03-24,2026-03-24,B09S27RTMF,,,,0,0,,,0,0,USD,0,1985.34,USD,198,0,USD,0,1450.57,USD,145
2026-03-24,2026-03-24,B09S28QYQ5,,,,0,0,,,0,0,USD,0,5624,USD,439,13.1,USD,1,4589.1,USD,360
2026-03-24,2026-03-24,B09S2FJRL1,,,12,0,0,,,0,0,USD,0,64051.93,USD,7883,71.79,USD,9,63814.33,USD,7853
2026-03-24,2026-03-24,B09Y2DCH6Z,,,,0,0,,,0,0,USD,0,2169.3,USD,196,0,USD,0,1232.7,USD,112
2026-03-24,2026-03-24,B09Y2DHRB8,,,,0,0,,,0,0,USD,0,5082.87,USD,522,9.5,USD,1,3776.25,USD,398
2026-03-24,2026-03-24,B09Y2DHRBC,,,132,0,0,,,0,0,USD,0,2670.31,USD,192,26.44,USD,2,1346.42,USD,97
2026-03-24,2026-03-24,B09Y2DSNDZ,,,24,0,0,,,0,0,USD,0,658.8,USD,55,0,USD,0,10.8,USD,1
2026-03-24,2026-03-24,B09Y2GP7T7,,,,0,0,,,0,0,USD,0,2394.88,USD,205,22.91,USD,2,773.38,USD,67
2026-03-24,2026-03-24,B0B6GJ6WJX,,,96,0,0,,,0,0,USD,0,1244.07,USD,251,0,USD,0,792.72,USD,168
2026-03-24,2026-03-24,B0B6GKT49Q,,,,0,0,,,0,0,USD,0,1089.4,USD,98,0,USD,0,652,USD,63
2026-03-24,2026-03-24,B0B6GL64PW,,,,0,0,,,0,0,USD,0,142.72,USD,32,0,USD,0,138.26,USD,31
2026-03-24,2026-03-24,B0B6GL6WJM,,,864,0,0,,,0,0,USD,0,12402.51,USD,2251,49.59,USD,9,2633.28,USD,478
2026-03-24,2026-03-24,B0B9HTM5GG,,,55,0,36.5,,,0,18.94,USD,2,3672.15,USD,388,8.5,USD,1,1351.69,USD,143
2026-03-24,2026-03-24,B0BG66QWF3,,,,0,0,,,0,0,USD,0,536.61,USD,54,0,USD,0,536.61,USD,54
2026-03-24,2026-03-24,B0C6FWJSYY,,,346,0,37.07,,,0,425.68,USD,68,3563.72,USD,570,0,USD,0,208.36,USD,34
2026-03-24,2026-03-24,B0C6FX7KC9,,,,0,0,,,0,0,USD,0,333.36,USD,61,6,USD,1,114,USD,19
2026-03-24,2026-03-24,B0C6FXGD4Q,,,24,0,0,,,0,0,USD,0,2130.43,USD,197,10.82,USD,1,702.19,USD,65
2026-03-24,2026-03-24,B0C6FXMLXQ,,,,0,0,,,0,0,USD,0,0,USD,0,641.52,USD,81,0,USD,0
2026-03-24,2026-03-24,B0C6FXN4FM,,,32,0,0,,,0,0,USD,0,905.06,USD,59,0,USD,0,107.38,USD,7
2026-03-24,2026-03-24,B0C6FXNMS6,,,4,0,0,,,0,0,USD,0,3641.48,USD,318,0,USD,0,780.55,USD,67
2026-03-24,2026-03-24,B0C6FXP2FS,,,,0,0,,,0,0,USD,0,2617.76,USD,190,14.69,USD,1,904.89,USD,67
2026-03-24,2026-03-24,B0C6FXV47T,,,,0,0,,,0,0,USD,0,2613.3,USD,279,10.32,USD,1,674.78,USD,70
2026-03-24,2026-03-24,B0C6FXVWNP,,,,0,0,,,0,0,USD,0,0,USD,0,682.32,USD,104,0,USD,0
2026-03-24,2026-03-24,B0C6FY4MWC,,,4,0,0,,,0,0,USD,0,5122.82,USD,490,0,USD,0,3811.57,USD,365
2026-03-24,2026-03-24,B0C6FY722F,,,,0,0,,,0,0,USD,0,8719.69,USD,1335,13.1,USD,2,8090.89,USD,1239
2026-03-24,2026-03-24,B0C6FY95QT,,,,0,0,,,0,0,USD,0,436.54,USD,71,0,USD,0,183.08,USD,30
2026-03-24,2026-03-24,B0C6FY997J,,,,0,0,,,0,0,USD,0,5640.96,USD,827,0,USD,0,3577.91,USD,515
2026-03-24,2026-03-24,B0C6FYN14M,,,,0,0,,,0,0,USD,0,1115.52,USD,192,0,USD,0,34.86,USD,6
2026-03-24,2026-03-24,B0C6FYTP23,,,75,0,0,,,0,0,USD,0,3726.74,USD,206,36.7,USD,2,770.7,USD,42
2026-03-24,2026-03-24,B0C6FYX7YZ,,,,0,0,,,0,0,USD,0,8468.03,USD,1093,0,USD,0,3802.6,USD,512
2026-03-24,2026-03-24,B0C6FYZFRG,,,4,0,0,,,0,0,USD,0,2396.28,USD,196,0,USD,0,436.28,USD,36
2026-03-24,2026-03-24,B0C6FZ355R,,,4,0,0,,,0,0,USD,0,168.02,USD,11,0,USD,0,70.7,USD,5
2026-03-24,2026-03-24,B0C6FZ4MCH,,,,0,0,,,0,0,USD,0,398.09,USD,73,10.51,USD,2,306.89,USD,54
2026-03-24,2026-03-24,B0C6FZPJ61,,,28,0,0,,,0,0,USD,0,1608.57,USD,238,0,USD,0,215.49,USD,31
2026-03-24,2026-03-24,B0C6G1VP7W,,,,0,0,,,0,0,USD,0,77.5,USD,5,0,USD,0,77.5,USD,5
2026-03-24,2026-03-24,B0C7DGWFP2,,,,0,0,,,0,0,USD,0,153.12,USD,22,0,USD,0,153.12,USD,22
2026-03-24,2026-03-24,B0CBSX59GF,,,1184,0,36.95,,,0,1641.6,USD,360,12695.04,USD,2784,4.56,USD,1,2056.56,USD,451
2026-03-24,2026-03-24,B0CDYF5SM1,,,2113,0,36.95,,,0,727.32,USD,228,16940.89,USD,5439,34.21,USD,11,9078.37,USD,2923
2026-03-24,2026-03-24,B0CDYFSR39,,,,0,0,,,0,0,USD,0,,,,,,,,,
2026-03-24,2026-03-24,B0CDYHBJ37,,,,0,0,,,0,0,USD,0,1277.95,USD,373,3.27,USD,1,879.06,USD,260
2026-03-24,2026-03-24,B0CDYM2XMN,,,,0,0,,,0,0,USD,0,26872.41,USD,3261,0,USD,0,26777.79,USD,3250
2026-03-24,2026-03-24,B0CDYPF958,,,24,0,0,,,0,0,USD,0,1834.91,USD,339,17.21,USD,3,383.51,USD,82
2026-03-24,2026-03-24,B0CDYRLZ8X,,,,0,0,,,0,0,USD,0,587.4,USD,66,0,USD,0,587.4,USD,66
2026-03-24,2026-03-24,B0CDYRRGQ3,,,,0,0,,,0,0,USD,0,0,USD,0,123,USD,12,0,USD,0
2026-03-24,2026-03-24,B0CDYSG4BC,,,540,0,34.64,,,0,254.16,USD,36,9226.34,USD,1315,28.24,USD,4,3959.54,USD,569
2026-03-24,2026-03-24,B0CDYVK9JZ,,,,0,0,,,0,0,USD,0,1014.84,USD,161,0,USD,0,827.52,USD,133
2026-03-24,2026-03-24,B0CDYW89T8,,,12,0,0,,,0,0,USD,0,21494.99,USD,2114,10.38,USD,1,16886.27,USD,1670
2026-03-24,2026-03-24,B0CDYWRTWJ,,,28,0,0,,,0,0,USD,0,1009.41,USD,105,0,USD,0,813.52,USD,86
2026-03-24,2026-03-24,B0CDYZ3M42,,,,0,0,,,0,0,USD,0,8151.64,USD,2806,14.15,USD,5,7995.29,USD,2753
2026-03-24,2026-03-24,B0CDYZN632,,,,0,0,,,0,0,USD,0,6675.8,USD,573,0,USD,0,5114.9,USD,444
2026-03-24,2026-03-24,B0CDZ2V4S7,,,4590,0,36.89,,,0,1134.36,USD,414,19968.66,USD,7289,184.92,USD,69,10611.22,USD,3873
2026-03-24,2026-03-24,B0CDZ2W2MV,,,76,0,0,,,0,0,USD,0,15400.3,USD,1879,49.56,USD,6,13702.14,USD,1673
2026-03-24,2026-03-24,B0CN7C211F,,,,0,0,,,0,0,USD,0,19983.32,USD,5987,9.68,USD,3,5956.68,USD,1787
2026-03-24,2026-03-24,B0CN7CJ61R,,,,0,0,,,0,0,USD,0,10831.86,USD,2370,9.3,USD,2,9208.68,USD,2020
2026-03-24,2026-03-24,B0CN7DM51G,,,372,0,36.92,,,0,111.36,USD,24,2867.35,USD,660,12.98,USD,3,1916.62,USD,455
2026-03-24,2026-03-24,B0CN7DWBSW,,,807,0,22.59,,,0,487.16,USD,38,10076.52,USD,786,25.64,USD,2,217.94,USD,17
2026-03-24,2026-03-24,B0CN7DWWFP,,,780,0,36.89,,,0,1674,USD,360,20384.28,USD,4396,59.97,USD,13,575.28,USD,136
2026-03-24,2026-03-24,B0CN7DWWVM,,,12,0,0,,,0,0,USD,0,2904.78,USD,938,9,USD,3,1917,USD,639
2026-03-24,2026-03-24,B0CN7F4B9Z,,,228,0,0,,,0,0,USD,0,7844.51,USD,1712,8.81,USD,2,1256.18,USD,292
2026-03-24,2026-03-24,B0CN7F4PKC,,,,0,0,,,0,0,USD,0,18619.98,USD,4014,23.25,USD,5,14904.63,USD,3215
2026-03-24,2026-03-24,B0CN7FLF5T,,,192,0,36.92,,,0,40.08,USD,12,5550.9,USD,1665,6.34,USD,2,120.06,USD,39
2026-03-24,2026-03-24,B0CN7FQ8V5,,,,0,0,,,0,0,USD,0,1718.16,USD,570,0,USD,0,1491,USD,497
2026-03-24,2026-03-24,B0CN7FVF7W,,,,0,0,,,0,0,USD,0,31919.94,USD,5799,66.12,USD,12,31361.91,USD,5697
2026-03-24,2026-03-24,B0CN7G1D22,,,,0,0,,,0,0,USD,0,103290.55,USD,8590,141.03,USD,12,90386.61,USD,7351
2026-03-24,2026-03-24,B0CN7GZ3PZ,,,,0,0,,,0,0,USD,0,9260.41,USD,1091,0,USD,0,6400.57,USD,760
2026-03-24,2026-03-24,B0CN7H8SY1,,,32,0,0,,,0,0,USD,0,5817.39,USD,463,36.82,USD,3,3695.56,USD,302
2026-03-24,2026-03-24,B0CPKGW3GZ,,,1364,0,15.75,,,0,2202.72,USD,208,49335.28,USD,4695,139.54,USD,14,34566.59,USD,3300
2026-03-24,2026-03-24,B0CPKKHT8P,,,1296,0,0,,,0,0,USD,0,47325.51,USD,9189,148.32,USD,29,11491.41,USD,2205
2026-03-24,2026-03-24,B0CRSGZN8V,,,24,0,0,,,0,0,USD,0,4501.09,USD,493,9.13,USD,1,1196.03,USD,131
2026-03-24,2026-03-24,B0CRSNJQ1D,,,108,0,0,,,0,0,USD,0,4535.91,USD,499,0,USD,0,36.36,USD,4
2026-03-24,2026-03-24,B0CRSRW7LM,,,192,0,15.75,,,0,124,USD,8,5693.8,USD,418,24.8,USD,2,326.46,USD,23
2026-03-24,2026-03-24,B0CRSS87CF,,,,0,0,,,0,0,USD,0,2006.35,USD,758,5.53,USD,2,2006.35,USD,758
2026-03-24,2026-03-24,B0CRST49RH,,,,0,0,,,0,0,USD,0,5180.85,USD,1191,0,USD,0,5180.85,USD,1191
2026-03-24,2026-03-24,B0CRSTB7ZN,,,,0,0,,,0,0,USD,0,2979.55,USD,262,0,USD,0,1776.7,USD,163
2026-03-24,2026-03-24,B0CRSTZKQP,,,,0,0,,,0,0,USD,0,255.3,USD,23,49.15,USD,4,255.3,USD,23
2026-03-24,2026-03-24,B0CRSVHRJZ,,,4,0,0,,,0,0,USD,0,16932.37,USD,1073,47.25,USD,3,5208.91,USD,315
2026-03-24,2026-03-24,B0CRSVK7YK,,,726,0,22.17,,,0,17.7,USD,6,1400.4,USD,489,2.95,USD,1,537.6,USD,192
2026-03-24,2026-03-24,B0CRSW79S3,,,,0,0,,,0,0,USD,0,1989.9,USD,854,2.15,USD,1,1712.66,USD,738
2026-03-24,2026-03-24,B0CRSWLNGF,,,12,0,0,,,0,0,USD,0,961.49,USD,131,0,USD,0,358.29,USD,51
2026-03-24,2026-03-24,B0CRSWQDDP,,,,0,0,,,0,0,USD,0,978.1,USD,84,0,USD,0,905.2,USD,78
2026-03-24,2026-03-24,B0CRSX72PJ,,,,0,0,,,0,0,USD,0,3083.92,USD,1045,0,USD,0,958.86,USD,339
2026-03-24,2026-03-24,B0CRSX7SMP,,,,0,0,,,0,0,USD,0,1947.68,USD,158,0,USD,0,1947.68,USD,158
2026-03-24,2026-03-24,B0CRSX9GLW,,,,0,0,,,0,0,USD,0,30144.67,USD,1949,77.35,USD,5,25039.57,USD,1619
2026-03-24,2026-03-24,B0CRSYBT4N,,,1048,0,28.19,,,0,443.52,USD,96,1007.16,USD,218,4.15,USD,1,0,USD,0
2026-03-24,2026-03-24,B0CRSZ5F46,,,84,0,0,,,0,0,USD,0,349.66,USD,97,7.24,USD,2,121.6,USD,34
2026-03-24,2026-03-24,B0CTVD6WHG,,,12,0,0,,,0,0,USD,0,1574.5,USD,134,0,USD,0,1116.25,USD,95
2026-03-24,2026-03-24,B0CTVJJM1S,,,,0,0,,,0,0,USD,0,4685.34,USD,229,20.46,USD,1,1984.62,USD,97
2026-03-24,2026-03-24,B0CTVLQG7M,,,24,0,0,,,0,0,USD,0,4115.43,USD,506,0,USD,0,3543.25,USD,439
2026-03-24,2026-03-24,B0CTVNF2F2,,,464,0,0,,,0,0,USD,0,4880.16,USD,600,79.92,USD,10,4214.16,USD,526
2026-03-24,2026-03-24,B0CV62Y5XS,,,,0,0,,,0,0,USD,0,829.6,USD,80,0,USD,0,259.25,USD,25
2026-03-24,2026-03-24,B0CV63138M,,,,0,0,,,0,0,USD,0,2389.99,USD,155,28.64,USD,2,1392.16,USD,88
2026-03-24,2026-03-24,B0CV633WZQ,,,30,0,0,,,0,0,USD,0,530.28,USD,69,0,USD,0,311.88,USD,41
2026-03-24,2026-03-24,B0CV63ZXXJ,,,396,0,0,,,0,0,USD,0,8013.4,USD,2970,2.7,USD,1,6185.5,USD,2293
2026-03-24,2026-03-24,B0CV644NCW,,,2436,0,32.89,,,0,906.3,USD,342,17512.85,USD,6633,34.05,USD,13,6248.9,USD,2382
2026-03-24,2026-03-24,B0CV644ND4,,,0,0,0,,,0,-6.82,USD,-1,0,USD,0,1814.12,USD,266,0,USD,0
2026-03-24,2026-03-24,B0CV645STH,,,96,0,0,,,0,0,USD,0,2850.93,USD,875,0,USD,0,2816.55,USD,865
2026-03-24,2026-03-24,B0CV646DB1,,,,0,0,,,0,0,USD,0,275,USD,22,0,USD,0,275,USD,22
2026-03-24,2026-03-24,B0CV64GG57,,,560,0,29.85,,,0,387.84,USD,48,9647.52,USD,1194,0,USD,0,6528.64,USD,808
2026-03-24,2026-03-24,B0CV64MN43,,,216,0,36.95,,,0,360.96,USD,96,4699.73,USD,1249,3.77,USD,1,3271.99,USD,868
2026-03-24,2026-03-24,B0CV9BP132,,,60,0,36.75,,,0,20.52,USD,4,639.89,USD,133,0,USD,0,409.04,USD,88
2026-03-24,2026-03-24,B0CV9MJLFY,,,156,0,20.05,,,0,294.2,USD,20,3237.36,USD,237,0,USD,0,2281.21,USD,172
2026-03-24,2026-03-24,B0CV9NJ3DM,,,112,0,22.83,,,0,61.44,USD,12,734.28,USD,153,4.6,USD,1,406.53,USD,89
2026-03-24,2026-03-24,B0CV9P21LL,,,80,0,0,,,0,0,USD,0,1055.96,USD,210,10.26,USD,2,346.72,USD,68
2026-03-24,2026-03-24,B0CV9PB632,,,,0,0,,,0,0,USD,0,2095.08,USD,455,9.2,USD,2,2090.48,USD,454
2026-03-24,2026-03-24,B0D1LQFWHY,,,1352,0,37.04,,,0,59.52,USD,24,5403.74,USD,2179,14.88,USD,6,2995.84,USD,1208
2026-03-24,2026-03-24,B0D1LTYNHJ,,,1548,0,30.32,,,0,491.04,USD,198,3950.64,USD,1593,14.88,USD,6,1398.72,USD,564
2026-03-24,2026-03-24,B0D94LQ18G,,,5045,0,15.75,,,0,1987.5,USD,625,21315.54,USD,6703,28.62,USD,9,6.36,USD,2
2026-03-24,2026-03-24,B0D94N5PBM,,,,0,0,,,0,0,USD,0,481.8,USD,132,0,USD,0,481.8,USD,132
2026-03-24,2026-03-24,B0D94N6DX3,,,300,0,26.31,,,0,222.72,USD,48,3498.73,USD,771,8.82,USD,2,2208.45,USD,493
2026-03-24,2026-03-24,B0D94NB6ZF,,,1441,0,15.67,,,0,84.6,USD,6,39405.15,USD,2795,70.5,USD,5,14448.15,USD,1025
2026-03-24,2026-03-24,B0D94NDZ6F,,,120,0,32.33,,,0,158.4,USD,24,3190.36,USD,492,0,USD,0,1349.94,USD,213
2026-03-24,2026-03-24,B0D94NG7J5,,,2496,0,36.89,,,0,3045.6,USD,216,55355.15,USD,3926,56.4,USD,4,28734.35,USD,2038
2026-03-24,2026-03-24,B0D94NH2TP,,,3213,0,34.64,,,0,167.04,USD,36,8509.37,USD,1834,13.93,USD,3,1270.88,USD,274
2026-03-24,2026-03-24,B0D94NKVD2,,,66,0,0,,,0,0,USD,0,2113.29,USD,372,0,USD,0,2076.39,USD,366
2026-03-24,2026-03-24,B0D94NLQWV,,,,0,0,,,0,0,USD,0,474.29,USD,43,0,USD,0,0,USD,0
2026-03-24,2026-03-24,B0D94P2YN9,,,,0,0,,,0,0,USD,0,1117.44,USD,288,3.88,USD,1,3.88,USD,1
2026-03-24,2026-03-24,B0D94P6L2P,,,48,0,0,,,0,0,USD,0,12285.98,USD,1778,6.91,USD,1,9439.06,USD,1366
2026-03-24,2026-03-24,B0D94PDW22,,,,0,0,,,0,0,USD,0,7898.07,USD,754,28.4,USD,3,4658.88,USD,437
2026-03-24,2026-03-24,B0D94PFW9L,,,2657,0,31.13,,,0,908.28,USD,108,23073.02,USD,2766,50.46,USD,6,9078.78,USD,1102
2026-03-24,2026-03-24,B0D94PL6S2,,,,0,0,,,0,0,USD,0,242,USD,50,0,USD,0,242,USD,50
2026-03-24,2026-03-24,B0D94PLH9Z,,,18,0,0,,,0,0,USD,0,23.64,USD,2,0,USD,0,23.64,USD,2
2026-03-24,2026-03-24,B0D94PNMY4,,,200,0,0,,,0,0,USD,0,413.4,USD,62,12.4,USD,2,91.8,USD,14
2026-03-24,2026-03-24,B0D94PQJ6M,,,,0,0,,,0,0,USD,0,1679.94,USD,122,0,USD,0,828.42,USD,62
2026-03-24,2026-03-24,B0D94PQQK4,,,20,0,37,,,0,34.56,USD,8,3062.94,USD,710,0,USD,0,1366.59,USD,318
2026-03-24,2026-03-24,B0D94PQX5Z,,,,0,0,,,0,0,USD,0,677.16,USD,228,0,USD,0,641.52,USD,216
2026-03-24,2026-03-24,B0D94PS8BC,,,,0,0,,,0,0,USD,0,402.5,USD,35,0,USD,0,402.5,USD,35
2026-03-24,2026-03-24,B0D94PSCVL,,,,0,0,,,0,0,USD,0,4146.12,USD,1402,0,USD,0,4146.12,USD,1402
2026-03-24,2026-03-24,B0D94PST9Q,,,4,0,0,,,0,0,USD,0,768.35,USD,55,0,USD,0,768.35,USD,55
2026-03-24,2026-03-24,B0D94PVSYC,,,112,0,0,,,0,0,USD,0,2632.7,USD,422,18.21,USD,3,1680.85,USD,271
2026-03-24,2026-03-24,B0D94PXBBF,,,,0,0,,,0,0,USD,0,248.2,USD,68,0,USD,0,248.2,USD,68
2026-03-24,2026-03-24,B0D94PXWGZ,,,661,0,36.89,,,0,706.8,USD,152,5584.65,USD,1201,9.3,USD,2,832.35,USD,179
2026-03-24,2026-03-24,B0D94Q18B3,,,,0,0,,,0,0,USD,0,1295.28,USD,391,0,USD,0,1198.35,USD,364
2026-03-24,2026-03-24,B0D94Q59QN,,,72,0,22.25,,,0,105,USD,12,4786.25,USD,547,8.75,USD,1,2493.75,USD,285
2026-03-24,2026-03-24,B0D94Q7Q4J,,,,0,0,,,0,0,USD,0,0,USD,0,872.36,USD,113,0,USD,0
2026-03-24,2026-03-24,B0D94Q8C1N,,,,0,0,,,0,0,USD,0,9.9,USD,1,0,USD,0,9.9,USD,1
2026-03-24,2026-03-24,B0D94QBRYC,,,,0,0,,,0,0,USD,0,1216.38,USD,291,0,USD,0,794.2,USD,190
2026-03-24,2026-03-24,B0D94QF2NM,,,,0,0,,,0,0,USD,0,1228.76,USD,360,0,USD,0,1196.45,USD,351
2026-03-24,2026-03-24,B0D94QFZ62,,,,0,0,,,0,0,USD,0,7241.38,USD,840,0,USD,0,1510.58,USD,166
2026-03-24,2026-03-24,B0D94QKZGL,,,12,0,0,,,0,0,USD,0,720.61,USD,220,0,USD,0,340.13,USD,104
2026-03-24,2026-03-24,B0D94QPK5N,,,407,0,17.97,,,0,136.08,USD,36,245.42,USD,65,7.56,USD,2,7.28,USD,2
2026-03-24,2026-03-24,B0D94QX4SY,,,4,0,0,,,0,0,USD,0,1708.55,USD,395,0,USD,0,699.66,USD,162
2026-03-24,2026-03-24,B0D94QZPPF,,,1217,0,21.18,,,0,2672.28,USD,234,37263.67,USD,3263,148.46,USD,13,5470.36,USD,479
2026-03-24,2026-03-24,B0D94R47SQ,,,360,0,0,,,0,0,USD,0,12609.35,USD,1183,150.5,USD,14,7245.1,USD,684
2026-03-24,2026-03-24,B0D94RBTKT,,,12,0,37.08,,,0,167.16,USD,12,2839.23,USD,207,13.93,USD,1,541.83,USD,39
2026-03-24,2026-03-24,B0D94RDFKP,,,,0,0,,,0,0,USD,0,784.6,USD,89,0,USD,0,579.64,USD,65
2026-03-24,2026-03-24,B0D94RKR1Q,,,,0,0,,,0,0,USD,0,14.52,USD,3,0,USD,0,14.52,USD,3
2026-03-24,2026-03-24,B0DB5Z7MZ8,,,682,0,15.73,,,0,1024.32,USD,66,4919.84,USD,317,15.52,USD,1,155.2,USD,10
2026-03-24,2026-03-24,B0DB626ZHW,,,246,0,21.8,,,0,1352.7,USD,90,7167.45,USD,489,87.27,USD,6,704.19,USD,47
2026-03-24,2026-03-24,B0DB69BC9Y,,,302,0,15.8,,,0,309.12,USD,46,1715.22,USD,269,0,USD,0,1280.49,USD,204
2026-03-24,2026-03-24,B0DCHHCNLQ,,,3,0,0,,,0,0,USD,0,366.72,USD,32,0,USD,0,11.46,USD,1
2026-03-24,2026-03-24,B0DCWD6LY3,,,,0,0,,,0,0,USD,0,7791,USD,2940,39.35,USD,15,6871.45,USD,2593
2026-03-24,2026-03-24,B0DCWD7VJ2,,,436,0,15.73,,,0,339.04,USD,52,378.16,USD,58,0,USD,0,6.52,USD,1
2026-03-24,2026-03-24,B0DCWDLS1V,,,4932,0,15.73,,,0,828.06,USD,222,2982.68,USD,799,18.68,USD,5,329.12,USD,88
2026-03-24,2026-03-24,B0DCWHYVWM,,,544,0,19.97,,,0,278.4,USD,60,867.7,USD,187,4.64,USD,1,0,USD,0
2026-03-24,2026-03-24,B0DCWJ5M91,,,,0,0,,,0,0,USD,0,3.32,USD,1,3.32,USD,1,3.32,USD,1
2026-03-24,2026-03-24,B0DCWM4183,,,104,0,0,,,0,0,USD,0,1698.07,USD,235,14.5,USD,2,503,USD,70
2026-03-24,2026-03-24,B0DCWMCHMP,,,40,0,0,,,0,0,USD,0,4420.97,USD,610,7.25,USD,1,2413.5,USD,333
2026-03-24,2026-03-24,B0DCWMPYV5,,,448,0,15.75,,,0,86.88,USD,12,2243.29,USD,310,28.23,USD,4,237.75,USD,33
2026-03-24,2026-03-24,B0DCWPX2ZB,,,948,0,0,,,0,0,USD,0,1724.8,USD,584,0,USD,0,902.11,USD,307
2026-03-24,2026-03-24,B0DCWRMM6R,,,192,0,37.15,,,0,462.84,USD,84,5424.21,USD,1009,11.04,USD,2,2542.48,USD,486
2026-03-24,2026-03-24,B0DCWRZ424,,,236,0,15.71,,,0,111.36,USD,24,371.2,USD,80,0,USD,0,4.64,USD,1
2026-03-24,2026-03-24,B0DJBZSKFR,,,252,0,0,,,0,0,USD,0,2763.47,USD,612,0,USD,0,1157.22,USD,266
2026-03-24,2026-03-24,B0DJC112SG,,,60,0,0,,,0,0,USD,0,30627.87,USD,6611,27.9,USD,6,27670.47,USD,5975
2026-03-24,2026-03-24,B0DJC36T8Q,,,672,0,15.79,,,0,223.2,USD,48,1692.6,USD,364,9.3,USD,2,255.75,USD,55
2026-03-24,2026-03-24,B0DJC42CS5,,,108,0,0,,,0,0,USD,0,3283.92,USD,707,9.3,USD,2,26.94,USD,6
2026-03-24,2026-03-24,B0DK7VTR9L,,,240,0,0,,,0,0,USD,0,2624.29,USD,731,17.95,USD,5,25.13,USD,7
2026-03-24,2026-03-24,B0DK7VV44J,,,,0,0,,,0,0,USD,0,1839.6,USD,210,8.76,USD,1,1480.44,USD,169
2026-03-24,2026-03-24,B0DK7VX73Y,,,168,0,0,,,0,0,USD,0,6715.64,USD,2108,9.57,USD,3,4932.43,USD,1549
2026-03-24,2026-03-24,B0DK7W7HPS,,,438,0,0,,,0,0,USD,0,2583.26,USD,569,13.62,USD,3,2369.88,USD,522
2026-03-24,2026-03-24,B0DK7W7J4B,,,,0,0,,,0,0,USD,0,247.5,USD,45,0,USD,0,236.5,USD,43
2026-03-24,2026-03-24,B0DK7WF2GH,,,30,0,0,,,0,0,USD,0,777.07,USD,218,25.13,USD,7,475.51,USD,134
2026-03-24,2026-03-24,B0DK7WHGSC,,,660,0,15.8,,,0,192,USD,60,1755.71,USD,550,6.07,USD,2,446.91,USD,141
2026-03-24,2026-03-24,B0DK7WMQZW,,,64,0,15.75,,,0,22.96,USD,4,704.86,USD,126,0,USD,0,154.82,USD,28
2026-03-24,2026-03-24,B0DK7WNHN3,,,,0,0,,,0,0,USD,0,335.5,USD,61,0,USD,0,258.5,USD,47
2026-03-24,2026-03-24,B0DK7WPBC3,,,234,0,17.97,,,0,115.2,USD,36,1304.54,USD,412,12.8,USD,4,373.34,USD,121
2026-03-24,2026-03-24,B0DK7WRZJ5,,,72,0,36.83,,,0,21.54,USD,6,1087.77,USD,303,0,USD,0,0,USD,0
2026-03-24,2026-03-24,B0DNNG43NP,,,552,0,15.88,,,0,23.84,USD,8,2678.58,USD,941,2.99,USD,1,2609.97,USD,918
2026-03-24,2026-03-24,B0DNNG4TFQ,,,,0,0,,,0,0,USD,0,2312.31,USD,231,0,USD,0,520.52,USD,52
2026-03-24,2026-03-24,B0DNNGCKN4,,,816,0,15.75,,,0,23.84,USD,8,1333.58,USD,490,2.99,USD,1,1140.24,USD,425
2026-03-24,2026-03-24,B0DNNGD48K,,,160,0,0,,,0,0,USD,0,3550.48,USD,184,0,USD,0,3379.2,USD,176
2026-03-24,2026-03-24,B0DNNGKT1C,,,2464,0,0,,,0,0,USD,0,5975.15,USD,2045,11.96,USD,4,1896.91,USD,679
2026-03-24,2026-03-24,B0DNNGR95W,,,1412,0,15.7,,,0,889.2,USD,76,11030.26,USD,943,23.41,USD,2,9361.95,USD,800
2026-03-24,2026-03-24,B0DNNGW5QV,,,162,0,0,,,0,0,USD,0,17762.54,USD,1685,20.73,USD,2,1196.65,USD,110
2026-03-24,2026-03-24,B0DNNH9PY8,,,40,0,37,,,0,45.95,USD,5,6578.15,USD,745,9.19,USD,1,45.95,USD,5
2026-03-24,2026-03-24,B0DNNHC33X,,,,0,0,,,0,0,USD,0,7574.79,USD,795,0,USD,0,5576.91,USD,595
2026-03-24,2026-03-24,B0DNNHSBSN,,,160,0,15.79,,,0,71.52,USD,24,1337.36,USD,467,0,USD,0,1093.18,USD,385
2026-03-24,2026-03-24,B0DNNKJ62R,,,406,0,0,,,0,0,USD,0,6672.35,USD,445,30.87,USD,2,5082.9,USD,347
2026-03-24,2026-03-24,B0DSJX8N63,,,3650,0,0,,,0,0,USD,0,35285.08,USD,3843,82.68,USD,9,5780.51,USD,629
2026-03-24,2026-03-24,B0DSJX9JLL,,,,0,0,,,0,0,USD,0,209.2,USD,20,0,USD,0,209.2,USD,20
2026-03-24,2026-03-24,B0DSJY57BN,,,72,0,0,,,0,205.12,USD,16,2613.96,USD,204,47.32,USD,4,11.5,USD,1
2026-03-24,2026-03-24,B0DTB5JRV9,,,553,0,36.95,,,0,1281.12,USD,408,6550.55,USD,2139,2.67,USD,1,100.48,USD,32
2026-03-24,2026-03-24,B0DWNHLTP3,,,36,0,36.75,,,0,18.52,USD,4,1023.23,USD,221,4.63,USD,1,398.18,USD,86
2026-03-24,2026-03-24,B0DWNJ74H1,,,72,0,0,,,0,0,USD,0,69.58,USD,28,0,USD,0,61.72,USD,25
2026-03-24,2026-03-24,B0DWNJNHYN,,,720,0,0,,,0,0,USD,0,491.41,USD,313,1.57,USD,1,0,USD,0
2026-03-24,2026-03-24,B0DWNJT1JM,,,12,0,0,,,0,0,USD,0,188.83,USD,73,0,USD,0,36.87,USD,15
2026-03-24,2026-03-24,B0DWNK16RJ,,,,0,0,,,0,0,USD,0,1845.45,USD,259,7.53,USD,1,395.97,USD,53
2026-03-24,2026-03-24,B0DWNKBC38,,,132,0,0,,,0,0,USD,0,12934.74,USD,2369,49.14,USD,9,10073.7,USD,1845
2026-03-24,2026-03-24,B0DWNKBMHZ,,,536,0,0,,,0,0,USD,0,11938.09,USD,2584,13.86,USD,3,78.54,USD,17
2026-03-24,2026-03-24,B0DWNKWDKG,,,60,0,0,,,0,0,USD,0,2136.4,USD,392,10.92,USD,2,705.88,USD,130
2026-03-24,2026-03-24,B0DWNL9S2N,,,,0,0,,,0,0,USD,0,1632.02,USD,362,0,USD,0,1119.2,USD,251
2026-03-24,2026-03-24,B0DWNLQR7V,,,,0,0,,,0,0,USD,0,3881.7,USD,1163,3.34,USD,1,2498.94,USD,749
2026-03-24,2026-03-24,B0DWNLR37Q,,,24,0,0,,,0,0,USD,0,194.72,USD,77,0,USD,0,139.7,USD,56
2026-03-24,2026-03-24,B0DWNMPYFL,,,28,0,0,,,0,0,USD,0,5562.06,USD,399,13.94,USD,1,292.74,USD,21
2026-03-24,2026-03-24,B0DWNNQWK2,,,128,0,0,,,0,0,USD,0,1108.26,USD,423,0,USD,0,379.9,USD,145
2026-03-24,2026-03-24,B0DWNSJB7B,,,16,0,0,,,0,0,USD,0,1916.95,USD,148,11.99,USD,1,566.5,USD,41
2026-03-24,2026-03-24,B0DWP7MRWM,,,,0,0,,,0,0,USD,0,10696.4,USD,838,0,USD,0,10671.1,USD,836
2026-03-24,2026-03-24,B0DXQ86ZW3,,,168,0,36.95,,,0,133.2,USD,60,1665.98,USD,763,2.22,USD,1,862.34,USD,401
2026-03-24,2026-03-24,B0DXQ8HXN8,,,126,0,37.13,,,0,93.6,USD,24,2293.2,USD,588,15.6,USD,4,1790.1,USD,459
2026-03-24,2026-03-24,B0DXQ9Q2V5,,,432,0,0,,,0,0,USD,0,5115.09,USD,1329,0,USD,0,672.19,USD,175
2026-03-24,2026-03-24,B0DXQ9XTQN,,,72,0,37.13,,,0,75.36,USD,24,749.48,USD,250,0,USD,0,476.3,USD,163
2026-03-24,2026-03-24,B0DXQ9ZRMB,,,16,0,0,,,0,0,USD,0,832.92,USD,157,0,USD,0,412.1,USD,72
2026-03-24,2026-03-24,B0DXQBNY5Z,,,42,0,15.67,,,0,21.54,USD,6,783.14,USD,220,3.22,USD,1,725.7,USD,204
2026-03-24,2026-03-24,B0DXQC1HH1,,,60,0,15.67,,,0,33.9,USD,6,666.7,USD,118,0,USD,0,84.75,USD,15
2026-03-24,2026-03-24,B0DXQCJPH7,,,108,0,37.17,,,0,135.6,USD,24,7744.85,USD,1447,0,USD,0,3765.1,USD,668
2026-03-24,2026-03-24,B0DXQCVQZL,,,384,0,31.76,,,0,445.44,USD,96,2357.15,USD,508,13.92,USD,3,431.55,USD,93
2026-03-24,2026-03-24,B0DY9G36WY,,,220,0,15.8,,,0,156,USD,20,2515.11,USD,334,53.8,USD,7,85.8,USD,11
2026-03-24,2026-03-24,B0F2JFRNJ7,,,2528,0,20.5,,,0,2213.68,USD,268,13397.72,USD,1622,49.56,USD,6,49.56,USD,6
2026-03-24,2026-03-24,B0F2JJ3H3F,,,408,0,0,,,0,0,USD,0,3491.68,USD,2224,1.57,USD,1,1196.34,USD,762
2026-03-24,2026-03-24,B0F2JJ5KX7,,,180,0,0,,,0,0,USD,0,7484.66,USD,755,10.6,USD,1,2332,USD,220
2026-03-24,2026-03-24,B0F2JJQJP2,,,109,0,0,,,0,0,USD,0,2777.5,USD,550,10.1,USD,2,590.85,USD,117
2026-03-24,2026-03-24,B0F2JJRZ7N,,,270,0,15.78,,,0,190.8,USD,18,5568.18,USD,555,0,USD,0,1770.2,USD,167
2026-03-24,2026-03-24,B0F2JJWFWM,,,148,0,15.75,,,0,207.68,USD,16,4672.8,USD,360,0,USD,0,726.88,USD,56
2026-03-24,2026-03-24,B0F2JK7LB5,,,289,0,0,,,0,0,USD,0,2284,USD,1142,8,USD,4,0,USD,0
2026-03-24,2026-03-24,B0F2JLC66F,,,4,0,0,,,0,0,USD,0,4212.37,USD,253,15.73,USD,1,259,USD,14
2026-03-24,2026-03-24,B0FDLBLFNJ,,,,0,0,,,0,0,USD,0,4648.05,USD,1565,0,USD,0,4526.28,USD,1524
2026-03-24,2026-03-24,B0FDMQ7PQJ,,,288,0,37.13,,,0,195.6,USD,24,513.45,USD,63,0,USD,0,0,USD,0
2026-03-24,2026-03-24,B0FFHPNT31,,,210,0,0,,,0,0,USD,0,4067.75,USD,1535,0,USD,0,2385,USD,900
2026-03-24,2026-03-24,B0FFJ6S69P,,,750,0,0,,,0,0,USD,0,9524.25,USD,2075,13.77,USD,3,3621.51,USD,789
2026-03-24,2026-03-24,B0FJYMY8KT,,,516,0,37.07,,,0,429.12,USD,96,4814.19,USD,1077,0,USD,0,0,USD,0
2026-03-24,2026-03-24,B0FKHFY61P,,,12,0,37.08,,,0,55.8,USD,12,1864.65,USD,401,0,USD,0,1632.15,USD,351
2026-03-24,2026-03-24,B0FKHG1H2W,,,276,0,37.07,,,0,267.96,USD,84,3990.69,USD,1251,12.76,USD,4,1438.69,USD,451
2026-03-24,2026-03-24,B0FKHHS6TV,,,900,0,0,,,0,0,USD,0,6436.8,USD,1440,13.41,USD,3,71.52,USD,16
2026-03-24,2026-03-24,B0FKHJ6K81,,,1255,0,15.79,,,0,89.52,USD,24,9332.46,USD,2502,7.46,USD,2,5818.8,USD,1560
2026-03-24,2026-03-24,B0FKHJ7FBB,,,,0,0,,,0,0,USD,0,18956.7,USD,2295,0,USD,0,18923.66,USD,2291
2026-03-24,2026-03-24,B0FKHJ7ZPZ,,,408,0,21.06,,,0,446.4,USD,96,4366.35,USD,939,4.65,USD,1,283.65,USD,61
2026-03-24,2026-03-24,B0FKHKDQB2,,,12,0,0,,,0,0,USD,0,1278.75,USD,275,0,USD,0,1278.75,USD,275
2026-03-24,2026-03-24,B0FKHKQLXT,,,720,0,15.79,,,0,111.6,USD,24,4054.8,USD,872,13.95,USD,3,18.6,USD,4
2026-03-24,2026-03-24,B0FKHL5Z3S,,,,0,0,,,0,0,USD,0,19692.75,USD,4235,4.65,USD,1,18660.45,USD,4013
2026-03-24,2026-03-24,B0FKHLKMY3,,,36,0,0,,,0,0,USD,0,3543.54,USD,429,24.78,USD,3,2329.32,USD,282
2026-03-24,2026-03-24,B0FKHM2XSS,,,268,0,0,,,0,0,USD,0,2457,USD,455,0,USD,0,405,USD,75
2026-03-24,2026-03-24,B0FKHM824G,,,48,0,0,,,0,0,USD,0,4171.05,USD,897,0,USD,0,1074.15,USD,231
2026-03-24,2026-03-24,B0FKHNTPK6,,,65,0,26.25,,,0,37.04,USD,8,1342.7,USD,290,4.63,USD,1,509.3,USD,110
2026-03-24,2026-03-24,B0FKHNVBCS,,,,0,0,,,0,0,USD,0,685.8,USD,127,0,USD,0,378,USD,70
2026-03-24,2026-03-24,B0FKHQGH38,,,372,0,0,,,0,0,USD,0,9284.19,USD,2077,0,USD,0,2525.55,USD,565
2026-03-24,2026-03-24,B0FL8YNBXC,,,,0,0,,,0,0,USD,0,4548.25,USD,575,0,USD,0,4548.25,USD,575
2026-03-24,2026-03-24,B0FMWKM6LP,,,164,0,0,,,0,0,USD,0,1262.55,USD,443,0,USD,0,273.6,USD,96
2026-03-24,2026-03-24,B0FMWPRWX5,,,408,0,0,,,0,0,USD,0,10227.52,USD,1031,49.6,USD,5,4136.64,USD,417
2026-03-24,2026-03-24,B0FMWXNVPY,,,,0,0,,,0,0,USD,0,2081.64,USD,166,0,USD,0,2081.64,USD,166
2026-03-24,2026-03-24,B0FMXCL5QQ,,,16,0,0,,,0,0,USD,0,1853.1,USD,174,0,USD,0,330.15,USD,31
2026-03-24,2026-03-24,B0FMXMC7LF,,,,0,0,,,0,0,USD,0,14493.38,USD,1166,12.43,USD,1,14406.37,USD,1159
2026-03-24,2026-03-24,B0FMXMGVDZ,,,4,0,0,,,0,0,USD,0,4043.82,USD,363,0,USD,0,1203.12,USD,108
2026-03-24,2026-03-24,B0FMXMXX5T,,,132,0,0,,,0,0,USD,0,3846.48,USD,682,0,USD,0,3141.48,USD,557
2026-03-24,2026-03-24,B0FMXTPN96,,,,0,0,,,0,0,USD,0,1497.6,USD,156,0,USD,0,1497.6,USD,156
2026-03-24,2026-03-24,B0FMYS7V94,,,792,0,15.77,,,0,73.92,USD,48,614.46,USD,399,1.54,USD,1,277.2,USD,180
2026-03-24,2026-03-24,B0FN8TXX67,,,344,0,0,,,0,0,USD,0,1570.4,USD,208,0,USD,0,1223.1,USD,162
2026-03-24,2026-03-24,B0FN91VKFJ,,,,0,0,,,0,0,USD,0,128.25,USD,45,0,USD,0,105.45,USD,37
2026-03-24,2026-03-24,B0FN92BM26,,,52,0,0,,,0,0,USD,0,1296.54,USD,189,6.86,USD,1,1296.54,USD,189
2026-03-24,2026-03-24,B0FN9838G2,,,,0,0,,,0,0,USD,0,13403.16,USD,4804,0,USD,0,13383.63,USD,4797
2026-03-24,2026-03-24,B0FN984LBY,,,216,0,15.75,,,0,38.4,USD,12,134.4,USD,42,0,USD,0,0,USD,0
2026-03-24,2026-03-24,B0FN98MSPV,,,404,0,24.23,,,0,196.4,USD,40,2513.92,USD,512,0,USD,0,918.17,USD,187
2026-03-24,2026-03-24,B0FN9BVP9K,,,449,0,32.8,,,0,84.8,USD,20,1030.32,USD,243,0,USD,0,428.24,USD,101
2026-03-24,2026-03-24,B0FN9C251Z,,,154,0,15.78,,,0,307.8,USD,18,5472,USD,320,0,USD,0,4121.1,USD,241
2026-03-24,2026-03-24,B0FN9C6RK7,,,,0,0,,,0,0,USD,0,5741.32,USD,1586,3.62,USD,1,5198.32,USD,1436
2026-03-24,2026-03-24,B0FN9F8V1K,,,-3,0,0,,,0,0,USD,0,1816.7,USD,370,0,USD,0,574.47,USD,117
2026-03-24,2026-03-24,B0FN9FDRZC,,,1128,0,15.72,,,0,420.6,USD,60,1913.73,USD,273,7.01,USD,1,0,USD,0
2026-03-24,2026-03-24,B0FN9HMTB2,,,28,0,0,,,0,0,USD,0,1856.54,USD,178,0,USD,0,928.27,USD,89
2026-03-24,2026-03-24,B0FNBJDYGD,,,1866,0,36.88,,,0,1211.28,USD,84,30195.48,USD,2094,115.36,USD,8,10065.16,USD,698
2026-03-24,2026-03-24,B0FQWZNJG5,,,,0,0,,,0,0,USD,0,10724,USD,383,0,USD,0,10724,USD,383
2026-03-24,2026-03-24,B0FQWZT6QS,,,,0,0,,,0,0,USD,0,3890.18,USD,751,0,USD,0,2600.36,USD,502
2026-03-24,2026-03-24,B0FQX36R4P,,,428,0,22.84,,,0,792.96,USD,96,3940.02,USD,477,16.52,USD,2,0,USD,0
2026-03-24,2026-03-24,B0FQX61CK4,,,,0,0,,,0,0,USD,0,5238.52,USD,353,0,USD,0,3724.84,USD,251
2026-03-24,2026-03-24,B0FQXHDXL5,,,32,0,0,,,0,0,USD,0,3277.71,USD,237,0,USD,0,968.1,USD,70
2026-03-24,2026-03-24,B0FQXHFQFC,,,312,0,35,,,0,484,USD,40,4150.3,USD,343,0,USD,0,1512.5,USD,125
2026-03-24,2026-03-24,B0FQXL78B8,,,,0,0,,,0,0,USD,0,3196.8,USD,288,0,USD,0,0,USD,0
2026-03-24,2026-03-24,B0FQXL9MVD,,,124,0,15.75,,,0,39.44,USD,4,1972,USD,200,0,USD,0,19.72,USD,2
2026-03-24,2026-03-24,B0FQXM6QW3,,,42,0,37,,,0,49.92,USD,12,1551.68,USD,373,4.16,USD,1,133.12,USD,32
2026-03-24,2026-03-24,B0FQXMFMZY,,,24,0,0,,,0,0,USD,0,3282.9,USD,310,0,USD,0,2774.58,USD,262
2026-03-24,2026-03-24,B0FQXPJ784,,,,0,0,,,0,0,USD,0,1415.42,USD,391,0,USD,0,1415.42,USD,391
2026-03-24,2026-03-24,B0FQXPQSWX,,,,0,0,,,0,0,USD,0,2121,USD,300,7.07,USD,1,2121,USD,300
2026-03-24,2026-03-24,B0FQXS1LJX,,,92,0,0,,,0,0,USD,0,1683.81,USD,159,0,USD,0,0,USD,0
2026-03-24,2026-03-24,B0FQXS88P2,,,84,0,0,,,0,0,USD,0,977.4,USD,270,3.62,USD,1,796.4,USD,220
2026-03-24,2026-03-24,B0FQXSMK5T,,,429,0,36.92,,,0,145.2,USD,12,1222.1,USD,101,12.1,USD,1,205.7,USD,17
2026-03-24,2026-03-24,B0FQXTHNJV,,,156,0,15.79,,,0,153.6,USD,48,2038.4,USD,637,6.4,USD,2,1222.4,USD,382
2026-03-24,2026-03-24,B0FQXVXGDC,,,112,0,0,,,0,0,USD,0,3399.15,USD,731,0,USD,0,9.3,USD,2
2026-03-24,2026-03-24,B0FQXWXFWZ,,,1040,0,0,,,0,0,USD,0,2085.07,USD,559,22.38,USD,6,0,USD,0
2026-03-24,2026-03-24,B0FQXX1RGD,,,1088,0,15.75,,,0,260.4,USD,56,5793.9,USD,1246,9.3,USD,2,55.8,USD,12
2026-03-24,2026-03-24,B0FQXZ8126,,,176,0,0,,,0,0,USD,0,9545.6,USD,1256,7.6,USD,1,38,USD,5
2026-03-24,2026-03-24,B0FQY7C3LM,,,324,0,37.19,,,0,828.06,USD,222,5639.76,USD,1512,0,USD,0,37.3,USD,10
2026-03-24,2026-03-24,B0FQYBPC1L,,,32,0,15.75,,,0,111.52,USD,8,4140.18,USD,297,41.82,USD,3,306.68,USD,22
2026-03-24,2026-03-24,B0FSG4WCH2,,,324,0,0,,,0,0,USD,0,366.6,USD,65,0,USD,0,298.92,USD,53
2026-03-24,2026-03-24,B0FSGH883W,,,,0,0,,,0,0,USD,0,2604,USD,93,0,USD,0,1148,USD,41
2026-03-24,2026-03-24,B0FSGKQLCK,,,,0,0,,,0,0,USD,0,5514.9,USD,1186,0,USD,0,516.15,USD,111
2026-03-24,2026-03-24,B0FSGMHVVB,,,,0,0,,,0,0,USD,0,4729.26,USD,1587,0,USD,0,4651.78,USD,1561
2026-03-24,2026-03-24,B0FSGN8KHC,,,95,0,0,,,0,0,USD,0,4356.9,USD,423,0,USD,0,10.3,USD,1
2026-03-24,2026-03-24,B0FSGND126,,,,0,0,,,0,0,USD,0,5235,USD,300,0,USD,0,0,USD,0
2026-03-24,2026-03-24,B0FSGTH8Z8,,,108,0,0,,,0,0,USD,0,1066.23,USD,359,0,USD,0,77.22,USD,26
2026-03-24,2026-03-24,B0FSGYT8XZ,,,584,0,0,,,0,0,USD,0,1609.2,USD,540,2.98,USD,1,819.5,USD,275
2026-03-24,2026-03-24,B0FSH2MBGN,,,608,0,0,,,0,0,USD,0,1484.04,USD,498,0,USD,0,593.02,USD,199
2026-03-24,2026-03-24,B0FSH2VGWZ,,,792,0,15.69,,,0,47.68,USD,16,1177.1,USD,395,0,USD,0,438.06,USD,147
2026-03-24,2026-03-24,B0FSH394L9,,,,0,0,,,0,0,USD,0,9853.76,USD,664,14.84,USD,1,9275,USD,625
2026-03-24,2026-03-24,B0FSH3FNBB,,,,0,0,,,0,0,USD,0,2164.89,USD,273,0,USD,0,7.93,USD,1
2026-03-24,2026-03-24,B0FSH79D5C,,,557,0,15.79,,,0,845.76,USD,48,5356.56,USD,304,0,USD,0,546.22,USD,31
2026-03-24,2026-03-24,B0FSHD3BC1,,,,0,0,,,0,0,USD,0,2071.3,USD,538,0,USD,0,592.9,USD,154
2026-03-24,2026-03-24,B0FSHKBHSQ,,,1123,0,0,,,0,0,USD,0,400.68,USD,27,0,USD,0,0,USD,0
2026-03-24,2026-03-24,B0FSHQ3NJ8,,,72,0,0,,,0,0,USD,0,1959.8,USD,239,0,USD,0,237.8,USD,29
2026-03-24,2026-03-24,B0G36R2JZ8,,,,0,0,,,0,0,USD,0,2846.72,USD,278,0,USD,0,0,USD,0
2026-03-24,2026-03-24,B0G36R992W,,,337,0,36.94,,,0,289.44,USD,144,2767.77,USD,1377,2.01,USD,1,44.22,USD,22
2026-03-24,2026-03-24,B0G36RL1YG,,,4,0,0,,,0,0,USD,0,2487.78,USD,271,0,USD,0,0,USD,0
2026-03-24,2026-03-24,B0G36RNZ9R,,,12,0,0,,,0,0,USD,0,1304.02,USD,226,0,USD,0,0,USD,0
2026-03-24,2026-03-24,B0G36RX8H8,,,1550,0,36.95,,,0,886.86,USD,234,1773.72,USD,468,15.16,USD,4,0,USD,0
2026-03-24,2026-03-24,B0G36RXVBH,,,15,0,0,,,0,0,USD,0,1147.54,USD,317,0,USD,0,0,USD,0
2026-03-24,2026-03-24,B0G36S1MC2,,,1844,0,22.75,,,0,27.52,USD,8,853.12,USD,248,0,USD,0,0,USD,0
2026-03-24,2026-03-24,B0G36T1ZY9,,,,0,0,,,0,0,USD,0,1425.76,USD,268,0,USD,0,0,USD,0
2026-03-24,2026-03-24,B0G36T2SYF,,,60,0,0,,,0,0,USD,0,920.82,USD,206,0,USD,0,0,USD,0
2026-03-24,2026-03-24,B0G36T6SNY,,,605,0,0,,,0,0,USD,0,2059.2,USD,585,3.52,USD,1,0,USD,0
2026-03-24,2026-03-24,B0G36TB5SJ,,,-48,0,0,,,0,0,USD,0,3261.62,USD,901,0,USD,0,0,USD,0
2026-03-24,2026-03-24,B0G36TDT1W,,,852,0,36.93,,,0,113.7,USD,30,1125.63,USD,297,0,USD,0,0,USD,0
2026-03-24,2026-03-24,B0G36TFZJD,,,44,0,37,,,0,45.35,USD,5,3192.64,USD,352,0,USD,0,0,USD,0
2026-03-24,2026-03-24,B0G36TJ162,,,12,0,0,,,0,0,USD,0,1303.4,USD,245,0,USD,0,0,USD,0
2026-03-24,2026-03-24,B0G36TJTXM,,,160,0,0,,,0,0,USD,0,4114,USD,340,24.2,USD,2,0,USD,0
2026-03-24,2026-03-24,B0G36TNM91,,,,0,0,,,0,0,USD,0,1193.92,USD,208,0,USD,0,0,USD,0
2026-03-24,2026-03-24,B0G36TQ1VW,,,,0,0,,,0,0,USD,0,1936.14,USD,183,0,USD,0,0,USD,0
2026-03-24,2026-03-24,B0G36TXZGY,,,11,0,0,,,0,0,USD,0,2211,USD,201,0,USD,0,0,USD,0
2026-03-24,2026-03-24,B0G36V9PLG,,,5,0,0,,,0,0,USD,0,2988.86,USD,259,0,USD,0,0,USD,0
2026-03-24,2026-03-24,B0G36VD41X,,,-6,0,0,,,0,0,USD,0,1197.48,USD,204,0,USD,0,0,USD,0
2026-03-24,2026-03-24,B0G36VXNGX,,,243,0,37.06,,,0,477.54,USD,126,1750.98,USD,462,18.95,USD,5,0,USD,0
2026-03-24,2026-03-24,B0G36WHC28,,,1979,0,15.81,,,0,500.28,USD,132,1819.2,USD,480,0,USD,0,0,USD,0
2026-03-24,2026-03-24,B0G36WHH72,,,252,0,0,,,0,0,USD,0,1413.72,USD,154,0,USD,0,0,USD,0
2026-03-24,2026-03-24,B0G36WL2LN,,,253,0,37.08,,,0,682.2,USD,180,1580.43,USD,417,22.74,USD,6,0,USD,0
2026-03-24,2026-03-24,B0G36Z353F,,,265,0,37.07,,,0,636.72,USD,168,1948.06,USD,514,11.37,USD,3,0,USD,0
2026-03-24,2026-03-24,B0G61BFKYY,,,1332,0,0,,,0,0,USD,0,1007.72,USD,236,0,USD,0,0,USD,0
2026-03-24,2026-03-24,B0G61GFG4R,,,2352,0,0,,,0,0,USD,0,513.02,USD,113,0,USD,0,0,USD,0
2026-03-24,2026-03-24,B0G61GHTKD,,,2736,0,0,,,0,0,USD,0,1009.14,USD,278,32.67,USD,9,0,USD,0
2026-03-24,2026-03-24,B0G61KB2PQ,,,1980,0,0,,,0,217.8,USD,60,896.61,USD,247,14.52,USD,4,0,USD,0
2026-03-24,2026-03-24,B0G61PKKLZ,,,2292,0,0,,,0,524.16,USD,84,1797.12,USD,288,6.24,USD,1,0,USD,0
2026-03-24,2026-03-24,B0G61Q6K9B,,,580,0,0,,,0,190.44,USD,12,507.84,USD,32,0,USD,0,0,USD,0
2026-03-24,2026-03-24,B0G62C4RTK,,,2208,0,0,,,0,0,USD,0,175.07,USD,41,0,USD,0,0,USD,0
2026-03-24,2026-03-24,B0G62CKV7P,,,5352,0,0,,,0,85.92,USD,24,780.44,USD,218,3.58,USD,1,0,USD,0
2026-03-24,2026-03-24,B0G62D27V8,,,5268,0,0,,,0,0,USD,0,315.98,USD,74,59.78,USD,14,0,USD,0
2026-03-24,2026-03-24,B0G62KT3JN,,,2336,0,0,,,0,0,USD,0,1114.56,USD,129,8.64,USD,1,0,USD,0
2026-03-24,2026-03-24,B0G62LCF5V,,,2399,0,15.73,,,0,168.96,USD,48,380.16,USD,108,3.52,USD,1,0,USD,0
2026-03-24,2026-03-24,B0G62TGVLK,,,468,0,0,,,0,217.8,USD,60,773.19,USD,213,32.67,USD,9,0,USD,0
2026-03-24,2026-03-24,B0GFP79MKX,,,465,0,0,,,0,0,USD,0,357.65,USD,115,0,USD,0,0,USD,0
2026-03-24,2026-03-24,B0GFP7HZKV,,,6,0,37,,,0,44.7,USD,6,1698.6,USD,228,0,USD,0,0,USD,0
2026-03-24,2026-03-24,B0GFP7WWFH,,,,0,0,,,0,0,USD,0,1889.55,USD,221,0,USD,0,0,USD,0
2026-03-24,2026-03-24,B0GFP85F4D,,,6,0,0,,,0,0,USD,0,1193.92,USD,182,0,USD,0,0,USD,0
2026-03-24,2026-03-24,B0GFPBHGD1,,,252,0,15.67,,,0,61.44,USD,6,481.28,USD,47,0,USD,0,0,USD,0
2026-03-24,2026-03-24,B0GFPBZN2J,,,36,0,37.13,,,0,89.52,USD,24,1010.83,USD,271,0,USD,0,0,USD,0
2026-03-24,2026-03-24,B0GFPDWJPJ,,,52,0,0,,,0,0,USD,0,1537,USD,212,7.25,USD,1,0,USD,0
2026-03-24,2026-03-24,B0GFPFCGYH,,,252,0,0,,,0,198,USD,36,258.5,USD,47,0,USD,0,0,USD,0
2026-03-24,2026-03-24,B0GFPFP97J,,,,0,0,,,0,0,USD,0,1481.31,USD,151,0,USD,0,0,USD,0
2026-03-24,2026-03-24,B0GFPH36YZ,,,24,0,0,,,0,0,USD,0,1774.44,USD,477,0,USD,0,0,USD,0
2026-03-24,2026-03-24,B0GFPHBW8F,,,84,0,0,,,0,0,USD,0,1157.85,USD,249,9.3,USD,2,0,USD,0
2026-03-24,2026-03-24,B0GFPJBVNS,,,1752,0,0,,,0,0,USD,0,273.24,USD,92,0,USD,0,0,USD,0
2026-03-24,2026-03-24,B0GFPJYSZY,,,1320,0,36.94,,,0,406.08,USD,144,1810.44,USD,642,2.82,USD,1,0,USD,0
2026-03-24,2026-03-24,B0GFPKK82C,,,395,0,15.79,,,0,153.6,USD,48,1094.4,USD,342,0,USD,0,0,USD,0
2026-03-24,2026-03-24,B0GFPL5G1Z,,,855,0,15.33,,,0,22.38,USD,6,4364.1,USD,1170,0,USD,0,0,USD,0
2026-03-24,2026-03-24,B0GFPMLR3N,,,20,0,0,,,0,0,USD,0,1288.05,USD,277,4.65,USD,1,0,USD,0
2026-03-24,2026-03-24,B0GFPN3622,,,,0,0,,,0,0,USD,0,1711,USD,236,0,USD,0,0,USD,0
2026-03-24,2026-03-24,B0GFPN366L,,,60,0,37.15,,,0,223.2,USD,60,2749.08,USD,739,0,USD,0,0,USD,0
2026-03-24,2026-03-24,B0GFPN631N,,,868,0,15.8,,,0,635.4,USD,60,2467.47,USD,233,10.59,USD,1,0,USD,0
2026-03-24,2026-03-24,B0GFPPG7BN,,,243,0,0,,,0,0,USD,0,4976.5,USD,269,37,USD,2,0,USD,0
2026-03-24,2026-03-24,B0GFPPJ14T,,,36,0,0,,,0,0,USD,0,1334,USD,184,0,USD,0,0,USD,0
2026-03-24,2026-03-24,B0GFPQHFCG,,,108,0,0,,,0,0,USD,0,1045.32,USD,281,0,USD,0,0,USD,0
2026-03-24,2026-03-24,B0GFPQKWSJ,,,118,0,0,,,0,0,USD,0,1306.65,USD,281,4.65,USD,1,0,USD,0
2026-03-24,2026-03-24,B0GFPQRSTH,,,336,0,0,,,0,40.2,USD,12,345.05,USD,103,0,USD,0,0,USD,0
2026-03-24,2026-03-24,B0GFPR245Y,,,3,0,0,,,0,0,USD,0,1384.32,USD,224,0,USD,0,0,USD,0
2026-03-24,2026-03-24,B0GFPSDX65,,,875,0,0,,,0,0,USD,0,432.29,USD,139,0,USD,0,0,USD,0
2026-03-24,2026-03-24,B0GFPSGBVC,,,60,0,0,,,0,0,USD,0,933.72,USD,251,0,USD,0,0,USD,0
2026-03-24,2026-03-24,B0GFPT19QF,,,306,0,15.79,,,0,206.88,USD,24,2103.36,USD,244,0,USD,0,0,USD,0
2026-03-24,2026-03-24,B0GFPVPPDC,,,40,0,0,,,0,0,USD,0,1276,USD,176,0,USD,0,0,USD,0
2026-03-24,2026-03-24,B0GFPXJ38Y,,,5,0,0,,,0,0,USD,0,1756.94,USD,214,0,USD,0,0,USD,0
2026-03-24,2026-03-24,B0GFPXSYSZ,,,,0,0,,,0,0,USD,0,1660.05,USD,357,18.6,USD,4,0,USD,0
2026-03-24,2026-03-24,B0GFPYTHY9,,,5,0,0,,,0,0,USD,0,1720.4,USD,230,0,USD,0,0,USD,0
2026-03-24,2026-03-24,B0GFPZLRHL,,,340,0,0,,,0,0,USD,0,584.68,USD,188,0,USD,0,0,USD,0
2026-03-25,2026-03-25,B000MAIC1M,,,,0,0,,,0,0,USD,0,296.66,USD,27,0,USD,0,296.66,USD,27
2026-03-25,2026-03-25,B0034CXR6K,,,4,0,0,,,0,0,USD,0,92.24,USD,8,0,USD,0,80.71,USD,7
2026-03-25,2026-03-25,B0039YWFN4,,,,0,0,,,0,0,USD,0,0,USD,0,6.61,USD,1,0,USD,0
2026-03-25,2026-03-25,B004K9S3K6,,,,0,0,,,0,0,USD,0,837.83,USD,104,52.16,USD,7,183.35,USD,23
2026-03-25,2026-03-25,B004N0YB58,,,48,0,0,,,0,0,USD,0,257.37,USD,24,0,USD,0,43.88,USD,4
2026-03-25,2026-03-25,B00751XYN2,,,,0,0,,,0,0,USD,0,40.35,USD,5,0,USD,0,40.35,USD,5
2026-03-25,2026-03-25,B007BTTDSI,,,,0,0,,,0,0,USD,0,13890.42,USD,1959,0,USD,0,12121.2,USD,1743
2026-03-25,2026-03-25,B007MZ7VE4,,,981,0,0,,,0,0,USD,0,2070.89,USD,241,33.86,USD,4,958.57,USD,113
2026-03-25,2026-03-25,B007MZ7VHG,,,512,0,0,,,0,0,USD,0,26863.56,USD,3778,6.75,USD,1,17769.6,USD,2516
2026-03-25,2026-03-25,B009UOMMWQ,,,,0,0,,,0,0,USD,0,6039.36,USD,1296,13.98,USD,3,3690.72,USD,792
2026-03-25,2026-03-25,B009UOMNE8,,,168,0,0,,,0,0,USD,0,5493.17,USD,1675,6.56,USD,2,4555.09,USD,1389
2026-03-25,2026-03-25,B009UOMO8I,,,,0,0,,,0,0,USD,0,937.96,USD,127,0,USD,0,871.24,USD,119
2026-03-25,2026-03-25,B00D8MX6NA,,,794,0,0,,,0,0,USD,0,2871.24,USD,308,53.4,USD,6,94.76,USD,12
2026-03-25,2026-03-25,B00DTFLZK2,,,40,0,0,,,0,0,USD,0,1889.02,USD,206,9.17,USD,1,1265.46,USD,138
2026-03-25,2026-03-25,B00H3ILK92,,,,0,0,,,0,0,USD,0,85.56,USD,12,5220.33,USD,838,0,USD,0
2026-03-25,2026-03-25,B00HUBBDIK,,,6869,0,0,,,0,0,USD,0,105438.23,USD,14609,174.01,USD,23,68418.57,USD,9795
2026-03-25,2026-03-25,B00IFV83MS,,,216,0,0,,,0,0,USD,0,5365.15,USD,662,86.69,USD,11,1588.85,USD,209
2026-03-25,2026-03-25,B00JYCPRSA,,,,0,0,,,0,0,USD,0,1574.99,USD,392,0,USD,0,1574.99,USD,392
2026-03-25,2026-03-25,B00JYCPX4I,,,160,0,0,,,0,0,USD,0,1673.98,USD,202,8.34,USD,1,241.6,USD,30
2026-03-25,2026-03-25,B00JYCPX7K,,,,0,0,,,0,0,USD,0,12259.74,USD,2267,18.73,USD,3,12147.55,USD,2254
2026-03-25,2026-03-25,B00RZUV264,,,8,0,0,,,0,0,USD,0,98.53,USD,10,0,USD,0,62.53,USD,6
2026-03-25,2026-03-25,B00SM2O0M2,,,,0,0,,,0,0,USD,0,7.48,USD,1,0,USD,0,7.48,USD,1
2026-03-25,2026-03-25,B010VIPY92,,,,0,0,,,0,0,USD,0,8.23,USD,1,0,USD,0,8.23,USD,1
2026-03-25,2026-03-25,B015RW315G,,,,0,0,,,0,0,USD,0,1566.77,USD,231,0,USD,0,495.1,USD,69
2026-03-25,2026-03-25,B018BDNC3O,,,,0,0,,,0,0,USD,0,6725.62,USD,822,7.48,USD,1,6717.28,USD,821
2026-03-25,2026-03-25,B01DWIZTMK,,,6631,0,9.33,,,0,13.83,USD,3,14421.31,USD,3177,78.37,USD,17,3290.98,USD,762
2026-03-25,2026-03-25,B01H12JILG,,,28,0,0,,,0,0,USD,0,195.34,USD,15,14.58,USD,1,93.28,USD,8
2026-03-25,2026-03-25,B01H12OXQG,,,8,0,0,,,0,0,USD,0,92.89,USD,7,0,USD,0,11.41,USD,1
2026-03-25,2026-03-25,B01MG8UQC7,,,,0,0,,,0,0,USD,0,4523.75,USD,517,7.85,USD,1,1461.25,USD,167
2026-03-25,2026-03-25,B01N02MNVQ,,,,0,0,,,0,0,USD,0,88778.94,USD,11418,84.75,USD,11,71487.69,USD,9243
2026-03-25,2026-03-25,B01N4SC603,,,,0,0,,,0,0,USD,0,555.06,USD,66,33.64,USD,4,555.06,USD,66
2026-03-25,2026-03-25,B01N6UHPSE,,,,0,0,,,0,0,USD,0,3066.6,USD,358,8.55,USD,1,3023.85,USD,353
2026-03-25,2026-03-25,B06XDGNL1G,,,,0,0,,,0,0,USD,0,8.41,USD,1,0,USD,0,8.41,USD,1
2026-03-25,2026-03-25,B06XN6CYLQ,,,,0,0,,,0,0,USD,0,523.64,USD,137,0,USD,0,409.16,USD,106
2026-03-25,2026-03-25,B06XWJ7X4Q,,,,0,0,,,0,0,USD,0,0,USD,0,153.72,USD,14,0,USD,0
2026-03-25,2026-03-25,B06XWV5X9N,,,568,0,0,,,0,0,USD,0,17908.01,USD,1285,13.97,USD,1,7849.61,USD,565
2026-03-25,2026-03-25,B073GHYJ2P,,,,0,0,,,0,0,USD,0,317.71,USD,32,0,USD,0,234.37,USD,23
2026-03-25,2026-03-25,B073GMP14X,,,,0,0,,,0,0,USD,0,11.53,USD,1,0,USD,0,11.53,USD,1
2026-03-25,2026-03-25,B073RP3K8P,,,,0,0,,,0,0,USD,0,32.61,USD,3,0,USD,0,32.61,USD,3
2026-03-25,2026-03-25,B0757SCJP1,,,12,0,0,,,0,0,USD,0,209,USD,22,0,USD,0,0,USD,0
2026-03-25,2026-03-25,B075PGHPTJ,,,,0,0,,,0,0,USD,0,24.3,USD,1,0,USD,0,24.3,USD,1
2026-03-25,2026-03-25,B075SR8ZVG,,,196,0,0,,,0,0,USD,0,7474.92,USD,1002,14.92,USD,2,3215.26,USD,431
2026-03-25,2026-03-25,B075TG2Q7F,,,92,0,0,,,0,0,USD,0,858.58,USD,88,0,USD,0,0,USD,0
2026-03-25,2026-03-25,B076ZY7WDR,,,,0,0,,,0,0,USD,0,10539.69,USD,841,11.25,USD,1,1648.83,USD,132
2026-03-25,2026-03-25,B0779T7WJQ,,,60,0,0,,,0,0,USD,0,1009.11,USD,104,10.01,USD,1,338.44,USD,37
2026-03-25,2026-03-25,B077B8DC2W,,,1794,0,0,,,0,0,USD,0,9965.01,USD,862,11.57,USD,1,572.55,USD,50
2026-03-25,2026-03-25,B077B919QT,,,32,0,0,,,0,0,USD,0,1898.44,USD,171,0,USD,0,366.27,USD,36
2026-03-25,2026-03-25,B078TSRN4X,,,,0,0,,,0,0,USD,0,1092.95,USD,112,0,USD,0,97.6,USD,10
2026-03-25,2026-03-25,B079DDJPZS,,,1448,0,16.13,,,0,41.68,USD,8,2756.87,USD,552,0,USD,0,1191.31,USD,251
2026-03-25,2026-03-25,B079DDNN3K,,,1976,0,0,,,0,0,USD,0,4298.79,USD,839,5.46,USD,1,2396.1,USD,490
2026-03-25,2026-03-25,B079DF63FW,,,2733,0,0,,,0,0,USD,0,6218.52,USD,1547,22.86,USD,6,104.1,USD,26
2026-03-25,2026-03-25,B079PTDHRL,,,,0,0,,,0,0,USD,0,45,USD,5,0,USD,0,45,USD,5
2026-03-25,2026-03-25,B079PXH2JV,,,12,0,0,,,0,0,USD,0,10.25,USD,1,0,USD,0,10.25,USD,1
2026-03-25,2026-03-25,B079PYXHZM,,,,0,0,,,0,0,USD,0,256.25,USD,25,0,USD,0,256.25,USD,25
2026-03-25,2026-03-25,B079Q19YV2,,,,0,0,,,0,0,USD,0,,,,,,,,,
2026-03-25,2026-03-25,B079QB84LZ,,,,0,0,,,0,0,USD,0,48.75,USD,5,0,USD,0,48.75,USD,5
2026-03-25,2026-03-25,B079QBGJ3J,,,,0,0,,,0,0,USD,0,23.25,USD,3,0,USD,0,23.25,USD,3
2026-03-25,2026-03-25,B07B3VMB75,,,,0,0,,,0,0,USD,0,2.85,USD,1,68.4,USD,24,2.85,USD,1
2026-03-25,2026-03-25,B07B3WP8RR,,,,0,0,,,0,0,USD,0,159.81,USD,57,0,USD,0,159.81,USD,57
2026-03-25,2026-03-25,B07B41TPFM,,,,0,0,,,0,0,USD,0,14428.77,USD,741,0,USD,0,9083.03,USD,467
2026-03-25,2026-03-25,B07CZDPPVJ,,,96,0,0,,,0,0,USD,0,1037.43,USD,289,3.6,USD,1,529.83,USD,148
2026-03-25,2026-03-25,B07CZLJ4P3,,,,0,0,,,0,0,USD,0,282.96,USD,72,0,USD,0,282.96,USD,72
2026-03-25,2026-03-25,B07D43N9HZ,,,,0,0,,,0,0,USD,0,27,USD,4,0,USD,0,27,USD,4
2026-03-25,2026-03-25,B07DQ5D9F9,,,135,0,0,,,0,0,USD,0,5391.43,USD,530,0,USD,0,3622.9,USD,363
2026-03-25,2026-03-25,B07DQFZWCL,,,12,0,0,,,0,0,USD,0,6767.23,USD,529,26.1,USD,2,1458.73,USD,114
2026-03-25,2026-03-25,B07FZPJ18V,,,1590,0,0,,,0,0,USD,0,8863.41,USD,2456,21.42,USD,6,3240.63,USD,888
2026-03-25,2026-03-25,B07G7THY1T,,,,0,0,,,0,0,USD,0,6.89,USD,1,0,USD,0,6.89,USD,1
2026-03-25,2026-03-25,B07G7TSMWX,,,,0,0,,,0,0,USD,0,65.28,USD,8,9.09,USD,1,65.28,USD,8
2026-03-25,2026-03-25,B07G7XSTFS,,,,0,0,,,0,0,USD,0,34,USD,4,0,USD,0,34,USD,4
2026-03-25,2026-03-25,B07H78QP9M,,,,0,0,,,0,0,USD,0,24.85,USD,7,0,USD,0,24.85,USD,7
2026-03-25,2026-03-25,B07HHQHHCY,,,,0,0,,,0,0,USD,0,3907.71,USD,369,29.59,USD,3,84.72,USD,8
2026-03-25,2026-03-25,B07HHTYXDB,,,,0,0,,,0,0,USD,0,121,USD,10,0,USD,0,121,USD,10
2026-03-25,2026-03-25,B07HSFQMN7,,,,0,0,,,0,0,USD,0,697.49,USD,110,0,USD,0,518.75,USD,83
2026-03-25,2026-03-25,B07HSFZ3SG,,,,0,0,,,0,0,USD,0,87.72,USD,18,0,USD,0,87.72,USD,18
2026-03-25,2026-03-25,B07HSJ5R7V,,,2968,0,0,,,0,0,USD,0,1409.45,USD,300,8.76,USD,2,5.21,USD,1
2026-03-25,2026-03-25,B07HSJNSJR,,,11786,0,0,,,0,0,USD,0,4446.42,USD,1210,14.54,USD,4,2475.91,USD,681
2026-03-25,2026-03-25,B07HSN3YJL,,,2772,0,0,,,0,0,USD,0,5486.27,USD,1201,13.21,USD,3,2264.56,USD,492
2026-03-25,2026-03-25,B07J9Q4XV9,,,,0,0,,,0,0,USD,0,8495,USD,500,0,USD,0,3431.98,USD,202
2026-03-25,2026-03-25,B07KCXK3G2,,,,0,0,,,0,0,USD,0,2.61,USD,1,0,USD,0,2.61,USD,1
2026-03-25,2026-03-25,B07KCXPL6V,,,216,0,0,,,0,0,USD,0,381.83,USD,93,0,USD,0,90.42,USD,22
2026-03-25,2026-03-25,B07KD24XBS,,,168,0,0,,,0,0,USD,0,709.22,USD,189,0,USD,0,647.72,USD,174
2026-03-25,2026-03-25,B07KD4TX3F,,,,0,0,,,0,0,USD,0,0,USD,0,0,USD,0,0,USD,0
2026-03-25,2026-03-25,B07KK6T42T,,,,0,0,,,0,0,USD,0,114.25,USD,25,0,USD,0,13.71,USD,3
2026-03-25,2026-03-25,B07KK79D6D,,,,0,0,,,0,0,USD,0,358.03,USD,43,0,USD,0,358.03,USD,43
2026-03-25,2026-03-25,B07KY1WY5P,,,,0,0,,,0,0,USD,0,38.25,USD,3,12.75,USD,1,38.25,USD,3
2026-03-25,2026-03-25,B07MG5YVJX,,,,0,0,,,0,0,USD,0,25,USD,2,0,USD,0,25,USD,2
2026-03-25,2026-03-25,B07N13SJQB,,,26,0,0,,,0,0,USD,0,4201.36,USD,412,10.2,USD,1,2416.36,USD,237
2026-03-25,2026-03-25,B07N7ZB2X1,,,2835,0,0,,,0,0,USD,0,5155.95,USD,577,17.8,USD,2,2942.27,USD,341
2026-03-25,2026-03-25,B07N7ZQX9M,,,,0,0,,,0,0,USD,0,1868.75,USD,152,12.5,USD,1,1856.25,USD,151
2026-03-25,2026-03-25,B07NC89LMZ,,,,0,0,,,0,0,USD,0,36.25,USD,5,0,USD,0,36.25,USD,5
2026-03-25,2026-03-25,B07ND5CJP2,,,,0,0,,,0,0,USD,0,16.4,USD,1,0,USD,0,16.4,USD,1
2026-03-25,2026-03-25,B07NDHMKSD,,,,0,0,,,0,0,USD,0,18181.18,USD,2762,0,USD,0,18116.48,USD,2752
2026-03-25,2026-03-25,B07NDHQZ96,,,,0,0,,,0,0,USD,0,1328.91,USD,205,0,USD,0,1328.91,USD,205
2026-03-25,2026-03-25,B07NRFGZG4,,,,0,0,,,0,0,USD,0,8.52,USD,3,0,USD,0,8.52,USD,3
2026-03-25,2026-03-25,B07P928YLJ,,,,0,0,,,0,0,USD,0,14.28,USD,2,0,USD,0,14.28,USD,2
2026-03-25,2026-03-25,B07PDJ6Z9L,,,120,0,0,,,0,0,USD,0,13704.93,USD,2628,37.35,USD,7,12047.67,USD,2331
2026-03-25,2026-03-25,B07PFG1RVP,,,,0,0,,,0,0,USD,0,0,USD,0,5.18,USD,2,0,USD,0
2026-03-25,2026-03-25,B07PP8CLLB,,,36,0,0,,,0,0,USD,0,434.72,USD,52,0,USD,0,0,USD,0
2026-03-25,2026-03-25,B07PPD8Q8V,,,180,0,0,,,0,0,USD,0,36342.32,USD,4088,44.45,USD,5,7316.47,USD,823
2026-03-25,2026-03-25,B07PQHZF2Y,,,63,0,22.83,,,0,76.92,USD,6,358.96,USD,28,11.5,USD,1,0,USD,0
2026-03-25,2026-03-25,B07QB9MX8P,,,468,0,0,,,0,0,USD,0,12396.21,USD,2296,48.69,USD,9,1807.17,USD,337
2026-03-25,2026-03-25,B07QGH299S,,,,0,0,,,0,0,USD,0,17.25,USD,3,0,USD,0,17.25,USD,3
2026-03-25,2026-03-25,B07QGH4DVH,,,454,0,0,,,0,0,USD,0,9375.6,USD,2404,3.9,USD,1,331.5,USD,85
2026-03-25,2026-03-25,B07QSCH73L,,,,0,0,,,0,0,USD,0,0,USD,0,191.52,USD,24,0,USD,0
2026-03-25,2026-03-25,B07R9PTGXN,,,884,0,0,,,0,0,USD,0,416.24,USD,49,8.64,USD,1,165.68,USD,20
2026-03-25,2026-03-25,B07V2LTV4R,,,,0,0,,,0,0,USD,0,3465.16,USD,309,0,USD,0,1752.12,USD,148
2026-03-25,2026-03-25,B07V5TGM2Q,,,396,0,0,,,0,0,USD,0,5280.44,USD,1686,12.57,USD,4,1479.86,USD,464
2026-03-25,2026-03-25,B07VKPJ87J,,,,0,0,,,0,0,USD,0,4717.07,USD,305,0,USD,0,1578.19,USD,97
2026-03-25,2026-03-25,B07VVDXJ98,,,,0,0,,,0,0,USD,0,218.5,USD,23,0,USD,0,218.5,USD,23
2026-03-25,2026-03-25,B07VZNYQGN,,,316,0,0,,,0,0,USD,0,5675.68,USD,441,38.61,USD,3,296.02,USD,23
2026-03-25,2026-03-25,B07VZPCHCV,,,,0,0,,,0,0,USD,0,1482.44,USD,127,0,USD,0,1191.26,USD,104
2026-03-25,2026-03-25,B07WZW46JX,,,872,0,0,,,0,0,USD,0,33143.6,USD,2984,120.04,USD,11,7311.84,USD,661
2026-03-25,2026-03-25,B07XZW9ZBM,,,,0,0,,,0,0,USD,0,,,,,,,,,
2026-03-25,2026-03-25,B07XZWFKMB,,,,0,0,,,0,0,USD,0,0,USD,0,25.95,USD,5,0,USD,0
2026-03-25,2026-03-25,B07XZX6HXF,,,258,0,0,,,0,0,USD,0,1138.7,USD,193,0,USD,0,253.7,USD,43
2026-03-25,2026-03-25,B07ZK4RFHD,,,2264,0,0,,,0,0,USD,0,2939.04,USD,628,9.36,USD,2,2873.52,USD,614
2026-03-25,2026-03-25,B07ZK55B22,,,,0,0,,,0,0,USD,0,14.68,USD,4,0,USD,0,14.68,USD,4
2026-03-25,2026-03-25,B07ZK55SVC,,,228,0,0,,,0,0,USD,0,3596.95,USD,215,16.73,USD,1,117.11,USD,7
2026-03-25,2026-03-25,B07ZK55T38,,,398,0,0,,,0,0,USD,0,8728.25,USD,1525,16.83,USD,3,1458.33,USD,273
2026-03-25,2026-03-25,B07ZK596HV,,,39,0,0,,,0,0,USD,0,2159.4,USD,319,0,USD,0,921.8,USD,137
2026-03-25,2026-03-25,B07ZWDGT79,,,432,0,0,,,0,0,USD,0,5474.1,USD,514,10.65,USD,1,1022.4,USD,96
2026-03-25,2026-03-25,B0849HCYJ6,,,,0,0,,,0,0,USD,0,8676.15,USD,829,10.73,USD,1,609.14,USD,58
2026-03-25,2026-03-25,B084C5XNYT,,,,0,0,,,0,0,USD,0,80.25,USD,15,5.35,USD,1,80.25,USD,15
2026-03-25,2026-03-25,B084DC7GR8,,,30,0,0,,,0,0,USD,0,2257.78,USD,238,28.62,USD,3,1818.94,USD,192
2026-03-25,2026-03-25,B084DCY6Q6,,,,0,0,,,0,0,USD,0,28.14,USD,2,0,USD,0,28.14,USD,2
2026-03-25,2026-03-25,B084DZ44KR,,,,0,0,,,0,0,USD,0,209.29,USD,19,0,USD,0,86.77,USD,8
2026-03-25,2026-03-25,B084DZ9YKG,,,16,0,0,,,0,0,USD,0,2017.76,USD,158,0,USD,0,1180.8,USD,90
2026-03-25,2026-03-25,B084DZC34B,,,84,0,0,,,0,0,USD,0,2607.05,USD,261,0,USD,0,1986.65,USD,200
2026-03-25,2026-03-25,B084DZFGZ6,,,1496,0,0,,,0,0,USD,0,6178.34,USD,696,124.46,USD,14,1946.7,USD,220
2026-03-25,2026-03-25,B085H7SDHD,,,,0,0,,,0,0,USD,0,252,USD,52,0,USD,0,252,USD,52
2026-03-25,2026-03-25,B0866QQHH8,,,12,0,0,,,0,0,USD,0,213.84,USD,47,0,USD,0,75.24,USD,19
2026-03-25,2026-03-25,B0866S52S1,,,,0,0,,,0,0,USD,0,5.2,USD,1,0,USD,0,5.2,USD,1
2026-03-25,2026-03-25,B086W79KK2,,,66,0,0,,,0,0,USD,0,,,,,,,,,
2026-03-25,2026-03-25,B0875Z9QNV,,,16,0,0,,,0,0,USD,0,327.6,USD,32,10.5,USD,1,107.1,USD,11
2026-03-25,2026-03-25,B087F2K7NY,,,,0,0,,,0,0,USD,0,22.56,USD,3,0,USD,0,22.56,USD,3
2026-03-25,2026-03-25,B087F3B6NN,,,,0,0,,,0,0,USD,0,33.08,USD,8,0,USD,0,33.08,USD,8
2026-03-25,2026-03-25,B0888XDN6R,,,,0,0,,,0,0,USD,0,15.45,USD,3,0,USD,0,15.45,USD,3
2026-03-25,2026-03-25,B0888XPMP5,,,,0,0,,,0,0,USD,0,24.66,USD,6,0,USD,0,24.66,USD,6
2026-03-25,2026-03-25,B0889H4NWW,,,,0,0,,,0,0,USD,0,1071.51,USD,191,28.05,USD,5,1071.51,USD,191
2026-03-25,2026-03-25,B089DN6RSH,,,102,0,0,,,0,0,USD,0,3262.41,USD,420,8.08,USD,1,1457.93,USD,194
2026-03-25,2026-03-25,B08B42NJG2,,,,0,0,,,0,0,USD,0,0,USD,0,37.05,USD,3,0,USD,0
2026-03-25,2026-03-25,B08B42P9JQ,,,48,0,0,,,0,0,USD,0,1074.71,USD,119,18.22,USD,2,682.98,USD,76
2026-03-25,2026-03-25,B08B43Y7DK,,,88,0,0,,,0,0,USD,0,1346.16,USD,142,0,USD,0,1346.16,USD,142
2026-03-25,2026-03-25,B08CJZBFG6,,,30,0,0,,,0,0,USD,0,225.25,USD,33,0,USD,0,85.8,USD,12
2026-03-25,2026-03-25,B08CK2F4SL,,,,0,0,,,0,0,USD,0,1941.47,USD,568,0,USD,0,1669.41,USD,489
2026-03-25,2026-03-25,B08CK3G9NT,,,4,0,0,,,0,0,USD,0,77.08,USD,9,0,USD,0,39.48,USD,5
2026-03-25,2026-03-25,B08CK5L53L,,,,0,0,,,0,0,USD,0,1911.48,USD,568,0,USD,0,1880.48,USD,559
2026-03-25,2026-03-25,B08CWRNH2J,,,12,0,0,,,0,0,USD,0,79.2,USD,16,0,USD,0,0,USD,0
2026-03-25,2026-03-25,B08CWXNRGR,,,96,0,0,,,0,0,USD,0,1706.07,USD,177,0,USD,0,1331.91,USD,136
2026-03-25,2026-03-25,B08CX14HLP,,,412,0,0,,,0,0,USD,0,13976.31,USD,1400,0,USD,0,3744.99,USD,387
2026-03-25,2026-03-25,B08CX5168M,,,,0,0,,,0,0,USD,0,473.97,USD,55,0,USD,0,473.97,USD,55
2026-03-25,2026-03-25,B08CX9FXD2,,,164,0,0,,,0,0,USD,0,815.14,USD,106,7.69,USD,1,392.19,USD,51
2026-03-25,2026-03-25,B08CXCHTB8,,,,0,0,,,0,0,USD,0,846.61,USD,73,0,USD,0,846.61,USD,73
2026-03-25,2026-03-25,B08FPBY5P2,,,172,0,0,,,0,0,USD,0,26768.75,USD,4283,6.25,USD,1,26743.75,USD,4279
2026-03-25,2026-03-25,B08FPMQXZQ,,,,0,0,,,0,0,USD,0,723.3,USD,50,0,USD,0,505.82,USD,34
2026-03-25,2026-03-25,B08FPS18T7,,,24,0,0,,,0,0,USD,0,,,,,,,,,
2026-03-25,2026-03-25,B08FPTD1CB,,,,0,0,,,0,0,USD,0,1147.44,USD,158,0,USD,0,707.56,USD,98
2026-03-25,2026-03-25,B08FPTFQYS,,,,0,0,,,0,0,USD,0,24.18,USD,3,0,USD,0,24.18,USD,3
2026-03-25,2026-03-25,B08FZ11BZL,,,220,0,0,,,0,0,USD,0,2224.04,USD,169,0,USD,0,1802.92,USD,137
2026-03-25,2026-03-25,B08GTQQTP8,,,,0,0,,,0,0,USD,0,10,USD,1,0,USD,0,10,USD,1
2026-03-25,2026-03-25,B08GTTT2K1,,,792,0,0,,,0,0,USD,0,7648.1,USD,2037,29.7,USD,8,5087.54,USD,1356
2026-03-25,2026-03-25,B08GV37D8S,,,68,0,0,,,0,0,USD,0,155.8,USD,24,6.56,USD,1,44.28,USD,7
2026-03-25,2026-03-25,B08GYLV34K,,,5,0,0,,,0,0,USD,0,17295.71,USD,2089,25.35,USD,3,7472.61,USD,885
2026-03-25,2026-03-25,B08KKCPW4P,,,1,0,0,,,0,0,USD,0,898.54,USD,212,4.57,USD,1,624.8,USD,152
2026-03-25,2026-03-25,B08L71ZHJ3,,,2,0,0,,,0,0,USD,0,180.52,USD,38,0,USD,0,116.5,USD,25
2026-03-25,2026-03-25,B08L72XJHR,,,,0,0,,,0,0,USD,0,87.76,USD,8,0,USD,0,87.76,USD,8
2026-03-25,2026-03-25,B08L75B7FN,,,,0,0,,,0,0,USD,0,110.88,USD,22,0,USD,0,70.56,USD,14
2026-03-25,2026-03-25,B08LDZSZV6,,,,0,0,,,0,0,USD,0,0,USD,0,0,USD,0,0,USD,0
2026-03-25,2026-03-25,B08LF3MRPH,,,368,0,12.79,,,0,521.19,USD,35,2920.05,USD,198,15.03,USD,1,339.75,USD,26
2026-03-25,2026-03-25,B08LF4MJ43,,,1388,0,16.22,,,0,115.11,USD,9,3793.75,USD,295,63.95,USD,5,429.98,USD,32
2026-03-25,2026-03-25,B08M95FCZK,,,,0,0,,,0,0,USD,0,361.58,USD,51,0,USD,0,361.58,USD,51
2026-03-25,2026-03-25,B08M9M9R5X,,,30,0,0,,,0,0,USD,0,853.74,USD,62,0,USD,0,426.87,USD,31
2026-03-25,2026-03-25,B08M9S4PMZ,,,,0,0,,,0,0,USD,0,6.75,USD,1,0,USD,0,6.75,USD,1
2026-03-25,2026-03-25,B08NDXWPPW,,,282,0,0,,,0,0,USD,0,10640.94,USD,1212,17.84,USD,2,1784,USD,200
2026-03-25,2026-03-25,B08PN58K6M,,,865,0,0,,,0,0,USD,0,7786.59,USD,2234,21.54,USD,6,4577.5,USD,1340
2026-03-25,2026-03-25,B08PQ87PMF,,,,0,0,,,0,0,USD,0,9.4,USD,1,0,USD,0,9.4,USD,1
2026-03-25,2026-03-25,B08QQL8KZG,,,168,0,0,,,0,0,USD,0,3304.74,USD,507,6.19,USD,1,2333.25,USD,366
2026-03-25,2026-03-25,B08QQRFQNC,,,6306,0,0,,,0,0,USD,0,1132.74,USD,203,5.58,USD,1,0,USD,0
2026-03-25,2026-03-25,B08QR6G349,,,-95,0,0,,,0,0,USD,0,8263.94,USD,1532,104.28,USD,19,4063.5,USD,746
2026-03-25,2026-03-25,B08QR6GSY8,,,318,0,0,,,0,0,USD,0,4398.83,USD,1255,7.22,USD,2,3043.69,USD,879
2026-03-25,2026-03-25,B08QR7L5RW,,,,0,0,,,0,0,USD,0,55.05,USD,15,0,USD,0,47.71,USD,13
2026-03-25,2026-03-25,B08QRCDL4N,,,186,0,0,,,0,0,USD,0,700.34,USD,194,0,USD,0,281.58,USD,78
2026-03-25,2026-03-25,B08QVB5H5Z,,,,0,0,,,0,0,USD,0,341.28,USD,96,0,USD,0,292.92,USD,83
2026-03-25,2026-03-25,B08R5J8Z28,,,,0,0,,,0,0,USD,0,176.09,USD,40,0,USD,0,55.67,USD,13
2026-03-25,2026-03-25,B08RRWMYVF,,,,0,0,,,0,0,USD,0,0,USD,0,37.44,USD,12,0,USD,0
2026-03-25,2026-03-25,B08RRYYGC2,,,,0,0,,,0,0,USD,0,0,USD,0,3.12,USD,1,0,USD,0
2026-03-25,2026-03-25,B08SYYQ9R9,,,,0,0,,,0,0,USD,0,0,USD,0,92.24,USD,4,0,USD,0
2026-03-25,2026-03-25,B08WYQFF3M,,,,0,0,,,0,0,USD,0,5.58,USD,1,0,USD,0,5.58,USD,1
2026-03-25,2026-03-25,B091YDV22K,,,106,0,0,,,0,0,USD,0,10131.38,USD,580,87.36,USD,5,3335.53,USD,191
2026-03-25,2026-03-25,B0932TB3Z6,,,812,0,0,,,0,0,USD,0,10294.2,USD,684,28.55,USD,2,45.15,USD,3
2026-03-25,2026-03-25,B093MTGKXC,,,,0,0,,,0,0,USD,0,2913.79,USD,346,0,USD,0,1415.95,USD,165
2026-03-25,2026-03-25,B094PHGQ1G,,,,0,0,,,0,0,USD,0,931,USD,133,7,USD,1,434,USD,62
2026-03-25,2026-03-25,B097WQ7ZK3,,,,0,0,,,0,0,USD,0,5.55,USD,1,0,USD,0,5.55,USD,1
2026-03-25,2026-03-25,B097WZB6NW,,,,0,0,,,0,0,USD,0,50.05,USD,7,0,USD,0,50.05,USD,7
2026-03-25,2026-03-25,B0992QXNP6,,,,0,0,,,0,0,USD,0,228,USD,12,0,USD,0,228,USD,12
2026-03-25,2026-03-25,B0992V3RFP,,,,0,0,,,0,0,USD,0,19.8,USD,1,0,USD,0,19.8,USD,1
2026-03-25,2026-03-25,B099DSPZ99,,,,0,0,,,0,0,USD,0,2606.24,USD,210,0,USD,0,2606.24,USD,210
2026-03-25,2026-03-25,B099NXFTK2,,,,0,0,,,0,0,USD,0,169.8,USD,8,0,USD,0,169.8,USD,8
2026-03-25,2026-03-25,B099VXHYMC,,,,0,0,,,0,0,USD,0,966.46,USD,82,11.95,USD,1,966.46,USD,82
2026-03-25,2026-03-25,B09CQYL1J9,,,,0,0,,,0,0,USD,0,1032.41,USD,77,0,USD,0,1032.41,USD,77
2026-03-25,2026-03-25,B09CR5RX65,,,,0,0,,,0,0,USD,0,7136.5,USD,796,34.7,USD,4,3417.42,USD,374
2026-03-25,2026-03-25,B09CR6BDW3,,,,0,0,,,0,0,USD,0,268.56,USD,26,0,USD,0,118.2,USD,10
2026-03-25,2026-03-25,B09CR6YVHS,,,,0,0,,,0,0,USD,0,46.14,USD,6,0,USD,0,46.14,USD,6
2026-03-25,2026-03-25,B09CR7N6X7,,,,0,0,,,0,0,USD,0,15,USD,2,0,USD,0,15,USD,2
2026-03-25,2026-03-25,B09CR89VFM,,,,0,0,,,0,0,USD,0,84,USD,10,0,USD,0,84,USD,10
2026-03-25,2026-03-25,B09CR8L4CG,,,,0,0,,,0,0,USD,0,630.37,USD,83,7.69,USD,1,630.37,USD,83
2026-03-25,2026-03-25,B09CR9G46J,,,54,0,0,,,0,0,USD,0,1427.62,USD,146,0,USD,0,1427.62,USD,146
2026-03-25,2026-03-25,B09CRCN6PJ,,,,0,0,,,0,0,USD,0,311.15,USD,33,0,USD,0,112.7,USD,12
2026-03-25,2026-03-25,B09CRDVHZ6,,,6,0,0,,,0,0,USD,0,2412.41,USD,273,26.58,USD,3,1136.57,USD,129
2026-03-25,2026-03-25,B09CRJYDM4,,,,0,0,,,0,0,USD,0,359.75,USD,25,0,USD,0,0,USD,0
2026-03-25,2026-03-25,B09CRJYF7N,,,48,0,0,,,0,0,USD,0,1843.71,USD,111,16.61,USD,1,16.61,USD,1
2026-03-25,2026-03-25,B09DF5T7VC,,,,0,0,,,0,0,USD,0,31.35,USD,3,0,USD,0,0,USD,0
2026-03-25,2026-03-25,B09FG6YKK1,,,,0,0,,,0,0,USD,0,1392.66,USD,250,6.45,USD,1,1392.66,USD,250
2026-03-25,2026-03-25,B09FG6YP43,,,,0,0,,,0,0,USD,0,104.04,USD,18,0,USD,0,104.04,USD,18
2026-03-25,2026-03-25,B09FG78TY3,,,,0,0,,,0,0,USD,0,0,USD,0,22.5,USD,3,0,USD,0
2026-03-25,2026-03-25,B09FG7H2P6,,,,0,0,,,0,0,USD,0,2513.76,USD,327,0,USD,0,2374.98,USD,309
2026-03-25,2026-03-25,B09FG7PLZK,,,,0,0,,,0,0,USD,0,673.66,USD,63,0,USD,0,673.66,USD,63
2026-03-25,2026-03-25,B09FG7VZ6B,,,4,0,0,,,0,0,USD,0,275,USD,20,0,USD,0,0,USD,0
2026-03-25,2026-03-25,B09FG815Q8,,,,0,0,,,0,0,USD,0,44.6,USD,4,11.15,USD,1,44.6,USD,4
2026-03-25,2026-03-25,B09FG8179S,,,24,0,0,,,0,0,USD,0,712.8,USD,55,0,USD,0,622.08,USD,48
2026-03-25,2026-03-25,B09FG88MKW,,,448,0,0,,,0,0,USD,0,9802.48,USD,1325,37.9,USD,5,3408.86,USD,481
2026-03-25,2026-03-25,B09FG8LF87,,,,0,0,,,0,0,USD,0,8.1,USD,1,0,USD,0,8.1,USD,1
2026-03-25,2026-03-25,B09FG92BCJ,,,48,0,0,,,0,0,USD,0,0,USD,0,10.14,USD,1,0,USD,0
2026-03-25,2026-03-25,B09FG9GV5X,,,,0,0,,,0,0,USD,0,9.8,USD,1,0,USD,0,9.8,USD,1
2026-03-25,2026-03-25,B09FGB8TQ4,,,,0,0,,,0,0,USD,0,92.78,USD,10,0,USD,0,92.78,USD,10
2026-03-25,2026-03-25,B09GPW9NXL,,,236,0,0,,,0,0,USD,0,6.8,USD,1,0,USD,0,6.8,USD,1
2026-03-25,2026-03-25,B09GPYFHY7,,,8,0,0,,,0,0,USD,0,8688.91,USD,645,13.68,USD,1,1694.91,USD,124
2026-03-25,2026-03-25,B09GPYH76H,,,385,0,0,,,0,0,USD,0,9455.16,USD,1131,24.22,USD,3,1563.32,USD,187
2026-03-25,2026-03-25,B09JBDPC2P,,,12,0,0,,,0,0,USD,0,1659.8,USD,172,9.65,USD,1,135.1,USD,14
2026-03-25,2026-03-25,B09JBDTVK5,,,,0,0,,,0,0,USD,0,116.73,USD,14,0,USD,0,40.05,USD,5
2026-03-25,2026-03-25,B09JBDXBQF,,,,0,0,,,0,0,USD,0,1442.33,USD,109,0,USD,0,1442.33,USD,109
2026-03-25,2026-03-25,B09JBFTDN8,,,,0,0,,,0,0,USD,0,1376.85,USD,117,0,USD,0,813.3,USD,70
2026-03-25,2026-03-25,B09JBHSP2P,,,,0,0,,,0,0,USD,0,13.5,USD,2,0,USD,0,13.5,USD,2
2026-03-25,2026-03-25,B09JBNHVFZ,,,6769,0,0,,,0,0,USD,0,112184.8,USD,10787,405.6,USD,39,20238.4,USD,1946
2026-03-25,2026-03-25,B09JBY6LML,,,12,0,0,,,0,0,USD,0,102.08,USD,16,6.38,USD,1,0,USD,0
2026-03-25,2026-03-25,B09LC5T863,,,,0,0,,,0,0,USD,0,0,USD,0,224.45,USD,54,0,USD,0
2026-03-25,2026-03-25,B09LCDRS5G,,,,0,0,,,0,0,USD,0,2632.24,USD,296,0,USD,0,1388.42,USD,153
2026-03-25,2026-03-25,B09LCF8RNW,,,,0,0,,,0,0,USD,0,512.45,USD,37,0,USD,0,512.45,USD,37
2026-03-25,2026-03-25,B09LCJZPRS,,,,0,0,,,0,0,USD,0,0,USD,0,792,USD,88,0,USD,0
2026-03-25,2026-03-25,B09LCNC5R5,,,,0,0,,,0,0,USD,0,2971.68,USD,164,0,USD,0,2083.8,USD,115
2026-03-25,2026-03-25,B09LCP82TF,,,,0,0,,,0,0,USD,0,66.75,USD,10,7.07,USD,1,27.5,USD,5
2026-03-25,2026-03-25,B09LCQ8H4Y,,,,0,0,,,0,0,USD,0,1462.6,USD,155,0,USD,0,1452.56,USD,154
2026-03-25,2026-03-25,B09LCQHYQP,,,,0,0,,,0,0,USD,0,70.65,USD,9,0,USD,0,7.85,USD,1
2026-03-25,2026-03-25,B09NZ6ZVZ4,,,30,0,0,,,0,0,USD,0,506.42,USD,46,0,USD,0,173.36,USD,16
2026-03-25,2026-03-25,B09NZHD4YK,,,2681,0,0,,,0,0,USD,0,1113.35,USD,231,57.7,USD,12,65.75,USD,15
2026-03-25,2026-03-25,B09NZN6W3L,,,90,0,0,,,0,0,USD,0,540.76,USD,163,0,USD,0,53.46,USD,15
2026-03-25,2026-03-25,B09NZNBZ7N,,,216,0,0,,,0,0,USD,0,2692.95,USD,369,0,USD,0,853.35,USD,117
2026-03-25,2026-03-25,B09PGV61BW,,,460,0,0,,,0,0,USD,0,22213.18,USD,2438,55,USD,6,17327.98,USD,1922
2026-03-25,2026-03-25,B09PGVGCH5,,,4932,0,0,,,0,0,USD,0,204755.19,USD,54919,249.91,USD,67,200569.67,USD,53795
2026-03-25,2026-03-25,B09PGVLVHL,,,1544,0,0,,,0,0,USD,0,39244.88,USD,3898,40.28,USD,4,34411.28,USD,3418
2026-03-25,2026-03-25,B09PGVSD2N,,,,0,0,,,0,0,USD,0,173.76,USD,59,0,USD,0,173.76,USD,59
2026-03-25,2026-03-25,B09PGVTTZ1,,,96,0,0,,,0,0,USD,0,8342.65,USD,2281,56.88,USD,16,5116.2,USD,1416
2026-03-25,2026-03-25,B09PGVZ5TJ,,,,0,0,,,0,0,USD,0,111555.33,USD,35115,41.23,USD,13,110638.8,USD,34824
2026-03-25,2026-03-25,B09PGWQBB5,,,6,0,0,,,0,0,USD,0,8.84,USD,2,4.2,USD,1,8.84,USD,2
2026-03-25,2026-03-25,B09PRTHHQS,,,,0,0,,,0,0,USD,0,196,USD,25,0,USD,0,126,USD,18
2026-03-25,2026-03-25,B09PRTNMC5,,,,0,0,,,0,0,USD,0,7.5,USD,1,7.5,USD,1,7.5,USD,1
2026-03-25,2026-03-25,B09PRV1LVQ,,,15,0,0,,,0,0,USD,0,196.65,USD,30,0,USD,0,153,USD,24
2026-03-25,2026-03-25,B09QQWS4M5,,,,0,0,,,0,0,USD,0,10890.46,USD,1251,36.28,USD,4,7174.32,USD,840
2026-03-25,2026-03-25,B09QRB8SYX,,,,0,0,,,0,0,USD,0,117,USD,13,0,USD,0,117,USD,13
2026-03-25,2026-03-25,B09QRBBFQX,,,,0,0,,,0,0,USD,0,5.65,USD,1,0,USD,0,5.65,USD,1
2026-03-25,2026-03-25,B09QRCV9S8,,,,0,0,,,0,0,USD,0,14865.4,USD,1894,24.36,USD,3,13344.06,USD,1713
2026-03-25,2026-03-25,B09QRD7TLX,,,,0,0,,,0,0,USD,0,23,USD,4,0,USD,0,23,USD,4
2026-03-25,2026-03-25,B09QRD8WCF,,,,0,0,,,0,0,USD,0,7.02,USD,1,0,USD,0,7.02,USD,1
2026-03-25,2026-03-25,B09QRFPLD1,,,2477,0,0,,,0,0,USD,0,1325.3,USD,278,9.7,USD,2,200.1,USD,46
2026-03-25,2026-03-25,B09QRHSWLG,,,140,0,0,,,0,0,USD,0,5224.16,USD,979,10.3,USD,2,3479.2,USD,675
2026-03-25,2026-03-25,B09QRK2MSL,,,,0,0,,,0,0,USD,0,8815.64,USD,1003,16.7,USD,2,6844.34,USD,779
2026-03-25,2026-03-25,B09QRL5W33,,,,0,0,,,0,0,USD,0,9897.3,USD,1919,36.55,USD,7,9891.85,USD,1918
2026-03-25,2026-03-25,B09QRLZN89,,,,0,0,,,0,0,USD,0,4249.99,USD,1109,312.11,USD,83,3401.88,USD,891
2026-03-25,2026-03-25,B09QRMYDK6,,,,0,0,,,0,0,USD,0,20433.08,USD,2104,66.38,USD,7,17292.52,USD,1787
2026-03-25,2026-03-25,B09QRN4RMC,,,240,0,0,,,0,0,USD,0,4078.99,USD,439,0,USD,0,3859.65,USD,417
2026-03-25,2026-03-25,B09QRP863Z,,,436,0,0,,,0,0,USD,0,4590.12,USD,720,19.23,USD,3,3904.25,USD,613
2026-03-25,2026-03-25,B09QRS3DXV,,,,0,0,,,0,0,USD,0,36.3,USD,3,0,USD,0,0,USD,0
2026-03-25,2026-03-25,B09QRTDTK3,,,72,0,0,,,0,0,USD,0,551.65,USD,129,0,USD,0,15.4,USD,4
2026-03-25,2026-03-25,B09QRTSFY4,,,12,0,0,,,0,0,USD,0,189.9,USD,47,68.55,USD,19,173.26,USD,43
2026-03-25,2026-03-25,B09S27RTMF,,,,0,0,,,0,0,USD,0,1956.11,USD,195,0,USD,0,1421.34,USD,142
2026-03-25,2026-03-25,B09S28QYQ5,,,,0,0,,,0,0,USD,0,5519.2,USD,431,13.1,USD,1,5191.7,USD,406
2026-03-25,2026-03-25,B09S2FJRL1,,,12,0,0,,,0,0,USD,0,63460.37,USD,7812,71.79,USD,9,63249.25,USD,7785
2026-03-25,2026-03-25,B09Y2DCH6Z,,,,0,0,,,0,0,USD,0,2147,USD,194,0,USD,0,1221.55,USD,111
2026-03-25,2026-03-25,B09Y2DHRB8,,,,0,0,,,0,0,USD,0,5054.37,USD,519,9.5,USD,1,3758.34,USD,396
2026-03-25,2026-03-25,B09Y2DHRBC,,,132,0,0,,,0,0,USD,0,2558.8,USD,184,26.44,USD,2,1276.72,USD,92
2026-03-25,2026-03-25,B09Y2DSNDZ,,,24,0,0,,,0,0,USD,0,586.8,USD,49,0,USD,0,10.8,USD,1
2026-03-25,2026-03-25,B09Y2GP7T7,,,,0,0,,,0,0,USD,0,2383.13,USD,204,22.91,USD,2,761.63,USD,66
2026-03-25,2026-03-25,B0B6GJ6WJX,,,96,0,0,,,0,0,USD,0,1233.05,USD,249,0,USD,0,792.72,USD,168
2026-03-25,2026-03-25,B0B6GKT49Q,,,,0,0,,,0,0,USD,0,1089.5,USD,98,0,USD,0,652,USD,63
2026-03-25,2026-03-25,B0B6GL64PW,,,,0,0,,,0,0,USD,0,147.18,USD,33,0,USD,0,147.18,USD,33
2026-03-25,2026-03-25,B0B6GL6WJM,,,864,0,0,,,0,0,USD,0,12055.38,USD,2188,49.59,USD,9,3377.13,USD,613
2026-03-25,2026-03-25,B0B9HTM5GG,,,53,0,0,,,0,0,USD,0,3530.09,USD,373,8.5,USD,1,1342.21,USD,142
2026-03-25,2026-03-25,B0BG66QWF3,,,,0,0,,,0,0,USD,0,526.82,USD,53,0,USD,0,526.82,USD,53
2026-03-25,2026-03-25,B0C6FWJSYY,,,278,0,0,,,0,0,USD,0,3125.52,USD,500,0,USD,0,208.36,USD,34
2026-03-25,2026-03-25,B0C6FX7KC9,,,,0,0,,,0,0,USD,0,333.36,USD,61,6,USD,1,114,USD,19
2026-03-25,2026-03-25,B0C6FXGD4Q,,,24,0,0,,,0,0,USD,0,2173.71,USD,201,10.82,USD,1,702.19,USD,65
2026-03-25,2026-03-25,B0C6FXMLXQ,,,,0,0,,,0,0,USD,0,0,USD,0,641.52,USD,81,0,USD,0
2026-03-25,2026-03-25,B0C6FXN4FM,,,32,0,0,,,0,0,USD,0,920.4,USD,60,0,USD,0,245.44,USD,16
2026-03-25,2026-03-25,B0C6FXNMS6,,,4,0,0,,,0,0,USD,0,3594.88,USD,314,0,USD,0,838.8,USD,72
2026-03-25,2026-03-25,B0C6FXP2FS,,,,0,0,,,0,0,USD,0,2603.07,USD,189,0,USD,0,904.89,USD,67
2026-03-25,2026-03-25,B0C6FXV47T,,,,0,0,,,0,0,USD,0,2576.14,USD,275,10.32,USD,1,705.74,USD,73
2026-03-25,2026-03-25,B0C6FXVWNP,,,,0,0,,,0,0,USD,0,0,USD,0,682.32,USD,104,0,USD,0
2026-03-25,2026-03-25,B0C6FY4MWC,,,4,0,0,,,0,0,USD,0,5112.33,USD,489,0,USD,0,3801.08,USD,364
2026-03-25,2026-03-25,B0C6FY722F,,,,0,0,,,0,0,USD,0,8726.91,USD,1336,13.1,USD,2,8098.11,USD,1240
2026-03-25,2026-03-25,B0C6FY95QT,,,,0,0,,,0,0,USD,0,436.54,USD,71,0,USD,0,203.54,USD,33
2026-03-25,2026-03-25,B0C6FY997J,,,,0,0,,,0,0,USD,0,5627.06,USD,825,0,USD,0,3584.86,USD,516
2026-03-25,2026-03-25,B0C6FYN14M,,,,0,0,,,0,0,USD,0,1103.9,USD,190,0,USD,0,34.86,USD,6
2026-03-25,2026-03-25,B0C6FYTP23,,,75,0,0,,,0,0,USD,0,3639.59,USD,201,36.7,USD,2,917.5,USD,50
2026-03-25,2026-03-25,B0C6FYX7YZ,,,,0,0,,,0,0,USD,0,8468.03,USD,1093,0,USD,0,4380.76,USD,584
2026-03-25,2026-03-25,B0C6FYZFRG,,,4,0,0,,,0,0,USD,0,2347.28,USD,192,0,USD,0,424.03,USD,35
2026-03-25,2026-03-25,B0C6FZ355R,,,4,0,0,,,0,0,USD,0,168.02,USD,11,0,USD,0,70.7,USD,5
2026-03-25,2026-03-25,B0C6FZ4MCH,,,,0,0,,,0,0,USD,0,386.67,USD,71,10.51,USD,2,295.47,USD,52
2026-03-25,2026-03-25,B0C6FZPJ61,,,28,0,0,,,0,0,USD,0,1601.62,USD,237,0,USD,0,576.89,USD,83
2026-03-25,2026-03-25,B0C6G1VP7W,,,,0,0,,,0,0,USD,0,77.5,USD,5,0,USD,0,77.5,USD,5
2026-03-25,2026-03-25,B0C7DGWFP2,,,,0,0,,,0,0,USD,0,153.12,USD,22,0,USD,0,153.12,USD,22
2026-03-25,2026-03-25,B0CBSX59GF,,,824,0,0,,,0,0,USD,0,11874.24,USD,2604,4.56,USD,1,2029.2,USD,445
2026-03-25,2026-03-25,B0CDYF5SM1,,,1885,0,0,,,0,0,USD,0,15863.04,USD,5096,31.02,USD,10,8831.64,USD,2844
2026-03-25,2026-03-25,B0CDYFSR39,,,,0,0,,,0,0,USD,0,,,,,,,,,
2026-03-25,2026-03-25,B0CDYHBJ37,,,,0,0,,,0,0,USD,0,1292.07,USD,377,3.27,USD,1,889.65,USD,263
2026-03-25,2026-03-25,B0CDYM2XMN,,,,0,0,,,0,0,USD,0,26640.08,USD,3233,0,USD,0,26554.31,USD,3223
2026-03-25,2026-03-25,B0CDYPF958,,,24,0,0,,,0,0,USD,0,1778.79,USD,329,17.21,USD,3,391.66,USD,83
2026-03-25,2026-03-25,B0CDYRLZ8X,,,,0,0,,,0,0,USD,0,560.7,USD,63,0,USD,0,551.8,USD,62
2026-03-25,2026-03-25,B0CDYRRGQ3,,,,0,0,,,0,0,USD,0,0,USD,0,123,USD,12,0,USD,0
2026-03-25,2026-03-25,B0CDYSG4BC,,,508,0,0,,,0,0,USD,0,8895.96,USD,1268,21.18,USD,3,3869.2,USD,556
2026-03-25,2026-03-25,B0CDYVK9JZ,,,,0,0,,,0,0,USD,0,990.15,USD,157,0,USD,0,863.04,USD,138
2026-03-25,2026-03-25,B0CDYW89T8,,,12,0,0,,,0,0,USD,0,21261.6,USD,2091,0,USD,0,17898.48,USD,1767
2026-03-25,2026-03-25,B0CDYWRTWJ,,,28,0,0,,,0,0,USD,0,990.91,USD,103,0,USD,0,825.95,USD,87
2026-03-25,2026-03-25,B0CDYZ3M42,,,,0,0,,,0,0,USD,0,8138.31,USD,2801,11.2,USD,4,7990.81,USD,2751
2026-03-25,2026-03-25,B0CDYZN632,,,,0,0,,,0,0,USD,0,6580.25,USD,565,12.1,USD,1,5043.55,USD,438
2026-03-25,2026-03-25,B0CDZ2V4S7,,,4182,0,0,,,0,0,USD,0,18634.28,USD,6802,182.38,USD,68,10408.46,USD,3799
2026-03-25,2026-03-25,B0CDZ2W2MV,,,76,0,0,,,0,0,USD,0,15301.18,USD,1867,49.56,USD,6,13603.02,USD,1661
2026-03-25,2026-03-25,B0CN7C211F,,,,0,0,,,0,0,USD,0,19293.02,USD,5779,9.68,USD,3,5583.68,USD,1674
2026-03-25,2026-03-25,B0CN7CJ61R,,,,0,0,,,0,0,USD,0,10625.64,USD,2324,9.3,USD,2,9117.27,USD,1999
2026-03-25,2026-03-25,B0CN7DM51G,,,348,0,0,,,0,0,USD,0,2879.8,USD,664,8.34,USD,2,1986.63,USD,471
2026-03-25,2026-03-25,B0CN7DWBSW,,,769,0,0,,,0,0,USD,0,9166.3,USD,715,12.82,USD,1,1089.7,USD,85
2026-03-25,2026-03-25,B0CN7DWWFP,,,444,0,0,,,0,0,USD,0,19049.73,USD,4109,50.67,USD,11,1323.93,USD,297
2026-03-25,2026-03-25,B0CN7DWWVM,,,12,0,30,,,0,3.34,USD,1,2757.72,USD,890,9,USD,3,1818,USD,606
2026-03-25,2026-03-25,B0CN7F4B9Z,,,228,0,0,,,0,0,USD,0,7675.65,USD,1675,13.45,USD,3,1286.84,USD,298
2026-03-25,2026-03-25,B0CN7F4PKC,,,,0,0,,,0,0,USD,0,18461.88,USD,3980,23.25,USD,5,14839.53,USD,3201
2026-03-25,2026-03-25,B0CN7FLF5T,,,180,0,0,,,0,0,USD,0,5423.98,USD,1627,6.34,USD,2,116.72,USD,38
2026-03-25,2026-03-25,B0CN7FQ8V5,,,,0,0,,,0,0,USD,0,1645.82,USD,546,0,USD,0,1422,USD,474
2026-03-25,2026-03-25,B0CN7FVF7W,,,,0,0,,,0,0,USD,0,31688.52,USD,5757,44.08,USD,8,31091.92,USD,5648
2026-03-25,2026-03-25,B0CN7G1D22,,,,0,0,,,0,0,USD,0,102552.27,USD,8526,141.03,USD,12,89846.16,USD,7306
2026-03-25,2026-03-25,B0CN7GZ3PZ,,,,0,0,,,0,0,USD,0,9251.77,USD,1090,0,USD,0,7160.89,USD,848
2026-03-25,2026-03-25,B0CN7H8SY1,,,32,0,0,,,0,0,USD,0,5830.51,USD,464,36.82,USD,3,3669.2,USD,300
2026-03-25,2026-03-25,B0CPKGW3GZ,,,1155,0,0,,,0,0,USD,0,46964.21,USD,4471,138.45,USD,14,33900.51,USD,3237
2026-03-25,2026-03-25,B0CPKKHT8P,,,1296,0,0,,,0,0,USD,0,46939.23,USD,9113,128.53,USD,25,11460.19,USD,2198
2026-03-25,2026-03-25,B0CRSGZN8V,,,24,0,0,,,0,0,USD,0,4446.31,USD,487,0,USD,0,1259.94,USD,138
2026-03-25,2026-03-25,B0CRSNJQ1D,,,108,0,0,,,0,0,USD,0,4517.73,USD,497,0,USD,0,36.36,USD,4
2026-03-25,2026-03-25,B0CRSRW7LM,,,184,0,0,,,0,0,USD,0,5448.28,USD,401,24.8,USD,2,313.44,USD,22
2026-03-25,2026-03-25,B0CRSS87CF,,,,0,0,,,0,0,USD,0,1984.49,USD,749,2.28,USD,1,1984.49,USD,749
2026-03-25,2026-03-25,B0CRST49RH,,,,0,0,,,0,0,USD,0,5233.05,USD,1203,0,USD,0,5233.05,USD,1203
2026-03-25,2026-03-25,B0CRSTB7ZN,,,,0,0,,,0,0,USD,0,2918.8,USD,257,0,USD,0,1776.7,USD,163
2026-03-25,2026-03-25,B0CRSTZKQP,,,,0,0,,,0,0,USD,0,255.3,USD,23,49.15,USD,4,255.3,USD,23
2026-03-25,2026-03-25,B0CRSVHRJZ,,,4,0,0,,,0,0,USD,0,16803.61,USD,1066,47.25,USD,3,6387.01,USD,385
2026-03-25,2026-03-25,B0CRSVK7YK,,,720,0,0,,,0,0,USD,0,1286.4,USD,450,5.9,USD,2,453.25,USD,163
2026-03-25,2026-03-25,B0CRSW79S3,,,,0,0,,,0,0,USD,0,1982.73,USD,851,2.15,USD,1,1710.27,USD,737
2026-03-25,2026-03-25,B0CRSWLNGF,,,12,0,0,,,0,0,USD,0,961.49,USD,131,0,USD,0,358.29,USD,51
2026-03-25,2026-03-25,B0CRSWQDDP,,,,0,0,,,0,0,USD,0,965.95,USD,83,0,USD,0,893.05,USD,77
2026-03-25,2026-03-25,B0CRSX72PJ,,,,0,0,,,0,0,USD,0,3064.66,USD,1038,0,USD,0,939.57,USD,332
2026-03-25,2026-03-25,B0CRSX7SMP,,,,0,0,,,0,0,USD,0,1947.68,USD,158,14.8,USD,1,1947.68,USD,158
2026-03-25,2026-03-25,B0CRSX9GLW,,,,0,0,,,0,0,USD,0,30082.79,USD,1945,77.35,USD,5,25008.63,USD,1617
2026-03-25,2026-03-25,B0CRSYBT4N,,,952,0,0,,,0,0,USD,0,693,USD,150,0,USD,0,0,USD,0
2026-03-25,2026-03-25,B0CRSZ5F46,,,84,0,0,,,0,0,USD,0,331.56,USD,92,7.24,USD,2,121.6,USD,34
2026-03-25,2026-03-25,B0CTVD6WHG,,,12,0,0,,,0,0,USD,0,1574.5,USD,134,0,USD,0,1116.25,USD,95
2026-03-25,2026-03-25,B0CTVJJM1S,,,,0,0,,,0,0,USD,0,4112.46,USD,201,20.46,USD,1,1923.24,USD,94
2026-03-25,2026-03-25,B0CTVLQG7M,,,24,0,0,,,0,0,USD,0,4067.71,USD,500,0,USD,0,3529.69,USD,437
2026-03-25,2026-03-25,B0CTVNF2F2,,,464,0,0,,,0,0,USD,0,4776.48,USD,588,57.24,USD,7,4155.48,USD,519
2026-03-25,2026-03-25,B0CV62Y5XS,,,,0,0,,,0,0,USD,0,829.6,USD,80,0,USD,0,259.25,USD,25
2026-03-25,2026-03-25,B0CV63138M,,,,0,0,,,0,0,USD,0,2326.11,USD,151,28.64,USD,2,1328.28,USD,84
2026-03-25,2026-03-25,B0CV633WZQ,,,30,0,0,,,0,0,USD,0,530.28,USD,69,0,USD,0,343.08,USD,45
2026-03-25,2026-03-25,B0CV63ZXXJ,,,396,0,0,,,0,0,USD,0,7951.3,USD,2947,2.7,USD,1,6093.7,USD,2259
2026-03-25,2026-03-25,B0CV644NCW,,,2100,0,0,,,0,0,USD,0,16757.55,USD,6347,36.5,USD,14,6235.6,USD,2376
2026-03-25,2026-03-25,B0CV644ND4,,,,0,0,,,0,0,USD,0,0,USD,0,1814.12,USD,266,0,USD,0
2026-03-25,2026-03-25,B0CV645STH,,,96,0,0,,,0,0,USD,0,2834.91,USD,869,0,USD,0,2810.34,USD,862
2026-03-25,2026-03-25,B0CV646DB1,,,,0,0,,,0,0,USD,0,275,USD,22,0,USD,0,275,USD,22
2026-03-25,2026-03-25,B0CV64GG57,,,512,0,0,,,0,0,USD,0,9138.48,USD,1131,0,USD,0,8080,USD,1000
2026-03-25,2026-03-25,B0CV64MN43,,,120,0,0,,,0,0,USD,0,4530.46,USD,1204,3.77,USD,1,3241.84,USD,860
2026-03-25,2026-03-25,B0CV9BP132,,,56,0,0,,,0,0,USD,0,605.04,USD,126,0,USD,0,399.84,USD,86
2026-03-25,2026-03-25,B0CV9MJLFY,,,136,0,0,,,0,0,USD,0,2987.29,USD,220,14.71,USD,1,2281.21,USD,172
2026-03-25,2026-03-25,B0CV9NJ3DM,,,100,0,0,,,0,0,USD,0,657.45,USD,138,4.6,USD,1,401.4,USD,88
2026-03-25,2026-03-25,B0CV9P21LL,,,80,0,0,,,0,0,USD,0,1066.66,USD,212,10.26,USD,2,331.33,USD,65
2026-03-25,2026-03-25,B0CV9PB632,,,,0,0,,,0,0,USD,0,2085.88,USD,453,4.6,USD,1,2081.28,USD,452
2026-03-25,2026-03-25,B0D1LQFWHY,,,1328,0,0,,,0,0,USD,0,5222.7,USD,2106,17.36,USD,7,2909.04,USD,1173
2026-03-25,2026-03-25,B0D1LTYNHJ,,,1363,0,0,,,0,0,USD,0,3605.92,USD,1454,14.88,USD,6,1356.56,USD,547
2026-03-25,2026-03-25,B0D94LQ18G,,,4560,0,0,,,0,0,USD,0,20212.08,USD,6356,22.26,USD,7,197.16,USD,62
2026-03-25,2026-03-25,B0D94N5PBM,,,,0,0,,,0,0,USD,0,478.15,USD,131,0,USD,0,478.15,USD,131
2026-03-25,2026-03-25,B0D94N6DX3,,,260,0,0,,,0,0,USD,0,3296.83,USD,727,8.82,USD,2,2155.05,USD,481
2026-03-25,2026-03-25,B0D94NB6ZF,,,1434,0,0,,,0,0,USD,0,39278.25,USD,2786,70.5,USD,5,14293.05,USD,1014
2026-03-25,2026-03-25,B0D94NDZ6F,,,96,0,0,,,0,0,USD,0,3151.74,USD,486,0,USD,0,1305.21,USD,206
2026-03-25,2026-03-25,B0D94NG7J5,,,2280,0,0,,,0,0,USD,0,52732.55,USD,3740,56.4,USD,4,28226.75,USD,2002
2026-03-25,2026-03-25,B0D94NH2TP,,,3173,0,0,,,0,0,USD,0,7966.3,USD,1717,23.21,USD,5,1173.25,USD,253
2026-03-25,2026-03-25,B0D94NKVD2,,,66,0,0,,,0,0,USD,0,2082.54,USD,367,0,USD,0,2051.79,USD,362
2026-03-25,2026-03-25,B0D94NLQWV,,,,0,0,,,0,0,USD,0,474.29,USD,43,0,USD,0,0,USD,0
2026-03-25,2026-03-25,B0D94P2YN9,,,,0,0,,,0,0,USD,0,1035.96,USD,267,3.88,USD,1,7.76,USD,2
2026-03-25,2026-03-25,B0D94P6L2P,,,48,0,0,,,0,0,USD,0,12196.15,USD,1765,6.91,USD,1,9314.68,USD,1348
2026-03-25,2026-03-25,B0D94PDW22,,,,0,0,,,0,0,USD,0,7905.61,USD,755,17.03,USD,2,4949.55,USD,462
2026-03-25,2026-03-25,B0D94PFW9L,,,2549,0,0,,,0,0,USD,0,22234.6,USD,2666,42.05,USD,5,8896.34,USD,1080
2026-03-25,2026-03-25,B0D94PL6S2,,,,0,0,,,0,0,USD,0,242,USD,50,0,USD,0,242,USD,50
2026-03-25,2026-03-25,B0D94PLH9Z,,,18,0,0,,,0,0,USD,0,23.64,USD,2,0,USD,0,23.64,USD,2
2026-03-25,2026-03-25,B0D94PNMY4,,,200,0,0,,,0,0,USD,0,420.1,USD,63,12.4,USD,2,91.8,USD,14
2026-03-25,2026-03-25,B0D94PQJ6M,,,,0,0,,,0,0,USD,0,1679.94,USD,122,0,USD,0,828.42,USD,62
2026-03-25,2026-03-25,B0D94PQQK4,,,12,0,0,,,0,0,USD,0,3002.85,USD,696,0,USD,0,1341.06,USD,312
2026-03-25,2026-03-25,B0D94PQX5Z,,,,0,0,,,0,0,USD,0,677.16,USD,228,0,USD,0,641.52,USD,216
2026-03-25,2026-03-25,B0D94PS8BC,,,,0,0,,,0,0,USD,0,402.5,USD,35,0,USD,0,402.5,USD,35
2026-03-25,2026-03-25,B0D94PSCVL,,,,0,0,,,0,0,USD,0,4178.79,USD,1413,0,USD,0,4178.79,USD,1413
2026-03-25,2026-03-25,B0D94PST9Q,,,4,0,0,,,0,0,USD,0,768.35,USD,55,0,USD,0,768.35,USD,55
2026-03-25,2026-03-25,B0D94PVSYC,,,112,0,0,,,0,0,USD,0,2557.02,USD,410,18.21,USD,3,1642.99,USD,265
2026-03-25,2026-03-25,B0D94PXBBF,,,,0,0,,,0,0,USD,0,244.55,USD,67,0,USD,0,244.55,USD,67
2026-03-25,2026-03-25,B0D94PXWGZ,,,509,0,0,,,0,0,USD,0,4984.8,USD,1072,9.3,USD,2,813.75,USD,175
2026-03-25,2026-03-25,B0D94Q18B3,,,,0,0,,,0,0,USD,0,1292.06,USD,390,0,USD,0,1195.13,USD,363
2026-03-25,2026-03-25,B0D94Q59QN,,,60,0,0,,,0,0,USD,0,4672.5,USD,534,8.75,USD,1,2485,USD,284
2026-03-25,2026-03-25,B0D94Q7Q4J,,,,0,0,,,0,0,USD,0,0,USD,0,872.36,USD,113,0,USD,0
2026-03-25,2026-03-25,B0D94Q8C1N,,,,0,0,,,0,0,USD,0,9.9,USD,1,0,USD,0,9.9,USD,1
2026-03-25,2026-03-25,B0D94QBRYC,,,,0,0,,,0,0,USD,0,1212.2,USD,290,0,USD,0,798.38,USD,191
2026-03-25,2026-03-25,B0D94QF2NM,,,,0,0,,,0,0,USD,0,1183.31,USD,346,0,USD,0,1151,USD,337
2026-03-25,2026-03-25,B0D94QFZ62,,,,0,0,,,0,0,USD,0,7171.58,USD,832,0,USD,0,1826.1,USD,200
2026-03-25,2026-03-25,B0D94QKZGL,,,12,0,0,,,0,0,USD,0,714.05,USD,218,0,USD,0,336.85,USD,103
2026-03-25,2026-03-25,B0D94QPK5N,,,365,0,16.17,,,0,22.68,USD,6,207.62,USD,55,7.56,USD,2,7.28,USD,2
2026-03-25,2026-03-25,B0D94QX4SY,,,4,0,0,,,0,0,USD,0,1721.54,USD,398,0,USD,0,708.32,USD,164
2026-03-25,2026-03-25,B0D94QZPPF,,,948,0,0,,,0,0,USD,0,30982.65,USD,2713,125.62,USD,11,5538.86,USD,485
2026-03-25,2026-03-25,B0D94R47SQ,,,360,0,0,,,0,0,USD,0,12566.35,USD,1179,139.75,USD,13,7169.85,USD,677
2026-03-25,2026-03-25,B0D94RBTKT,,,,0,0,,,0,0,USD,0,2713.86,USD,198,13.93,USD,1,667.2,USD,48
2026-03-25,2026-03-25,B0D94RDFKP,,,,0,0,,,0,0,USD,0,784.6,USD,89,0,USD,0,579.64,USD,65
2026-03-25,2026-03-25,B0D94RKR1Q,,,,0,0,,,0,0,USD,0,14.52,USD,3,0,USD,0,14.52,USD,3
2026-03-25,2026-03-25,B0DB5Z7MZ8,,,617,0,0,,,0,0,USD,0,4531.84,USD,292,15.52,USD,1,155.2,USD,10
2026-03-25,2026-03-25,B0DB626ZHW,,,163,0,0,,,0,0,USD,0,6494.7,USD,444,72.24,USD,5,674.13,USD,45
2026-03-25,2026-03-25,B0DB69BC9Y,,,257,0,16,,,0,13.44,USD,2,1189.2,USD,186,0,USD,0,868.02,USD,138
2026-03-25,2026-03-25,B0DCHHCNLQ,,,3,0,0,,,0,0,USD,0,366.72,USD,32,0,USD,0,11.46,USD,1
2026-03-25,2026-03-25,B0DCWD6LY3,,,,0,0,,,0,0,USD,0,7552.5,USD,2850,34.25,USD,13,6688.6,USD,2524
2026-03-25,2026-03-25,B0DCWD7VJ2,,,381,0,16,,,0,26.08,USD,4,273.84,USD,42,0,USD,0,6.52,USD,1
2026-03-25,2026-03-25,B0DCWDLS1V,,,4716,0,0,,,0,0,USD,0,2172.45,USD,582,18.68,USD,5,205.7,USD,55
2026-03-25,2026-03-25,B0DCWHYVWM,,,484,0,0,,,0,0,USD,0,533.62,USD,115,4.64,USD,1,0,USD,0
2026-03-25,2026-03-25,B0DCWJ5M91,,,,0,0,,,0,0,USD,0,0,USD,0,3.32,USD,1,0,USD,0
2026-03-25,2026-03-25,B0DCWM4183,,,104,0,0,,,0,0,USD,0,1683.54,USD,233,14.5,USD,2,488.5,USD,68
2026-03-25,2026-03-25,B0DCWMCHMP,,,40,0,0,,,0,0,USD,0,4384.75,USD,605,7.25,USD,1,2406.25,USD,332
2026-03-25,2026-03-25,B0DCWMPYV5,,,437,0,0,,,0,0,USD,0,2170.86,USD,300,21.73,USD,3,259.44,USD,36
2026-03-25,2026-03-25,B0DCWPX2ZB,,,948,0,0,,,0,0,USD,0,1709.95,USD,579,0,USD,0,896.17,USD,305
2026-03-25,2026-03-25,B0DCWRMM6R,,,120,0,0,,,0,0,USD,0,5105.67,USD,951,11.04,USD,2,2554.54,USD,488
2026-03-25,2026-03-25,B0DCWRZ424,,,212,0,0,,,0,0,USD,0,250.56,USD,54,0,USD,0,4.64,USD,1
2026-03-25,2026-03-25,B0DJBZSKFR,,,252,0,0,,,0,0,USD,0,2659.48,USD,589,0,USD,0,1118.25,USD,257
2026-03-25,2026-03-25,B0DJC112SG,,,60,0,0,,,0,0,USD,0,30245.28,USD,6528,18.12,USD,4,27280.02,USD,5890
2026-03-25,2026-03-25,B0DJC36T8Q,,,625,0,0,,,0,0,USD,0,1390.35,USD,299,4.65,USD,1,325.5,USD,70
2026-03-25,2026-03-25,B0DJC42CS5,,,108,0,0,,,0,0,USD,0,3203.98,USD,690,9.3,USD,2,174.78,USD,38
2026-03-25,2026-03-25,B0DK7VTR9L,,,240,0,0,,,0,0,USD,0,2624.29,USD,731,17.95,USD,5,25.13,USD,7
2026-03-25,2026-03-25,B0DK7VV44J,,,,0,0,,,0,0,USD,0,1734.48,USD,198,8.76,USD,1,1401.6,USD,160
2026-03-25,2026-03-25,B0DK7VX73Y,,,168,0,0,,,0,0,USD,0,6680.79,USD,2097,9.57,USD,3,4923.1,USD,1546
2026-03-25,2026-03-25,B0DK7W7HPS,,,438,0,0,,,0,0,USD,0,2537.86,USD,559,13.62,USD,3,2483.38,USD,547
2026-03-25,2026-03-25,B0DK7W7J4B,,,,0,0,,,0,0,USD,0,253,USD,46,0,USD,0,253,USD,46
2026-03-25,2026-03-25,B0DK7WF2GH,,,30,0,0,,,0,0,USD,0,730.4,USD,205,21.54,USD,6,515,USD,145
2026-03-25,2026-03-25,B0DK7WHGSC,,,600,0,0,,,0,0,USD,0,1557.31,USD,488,6.07,USD,2,427.71,USD,135
2026-03-25,2026-03-25,B0DK7WMQZW,,,60,0,0,,,0,0,USD,0,626.13,USD,112,0,USD,0,189.85,USD,34
2026-03-25,2026-03-25,B0DK7WNHN3,,,,0,0,,,0,0,USD,0,335.5,USD,61,0,USD,0,258.5,USD,47
2026-03-25,2026-03-25,B0DK7WPBC3,,,198,0,0,,,0,0,USD,0,1167.27,USD,369,9.6,USD,3,354.47,USD,115
2026-03-25,2026-03-25,B0DK7WRZJ5,,,66,0,0,,,0,0,USD,0,1051.87,USD,293,0,USD,0,0,USD,0
2026-03-25,2026-03-25,B0DNNG43NP,,,544,0,0,,,0,0,USD,0,2490.29,USD,874,2.99,USD,1,2409.77,USD,847
2026-03-25,2026-03-25,B0DNNG4TFQ,,,,0,0,,,0,0,USD,0,2182.18,USD,218,0,USD,0,1291.29,USD,129
2026-03-25,2026-03-25,B0DNNGCKN4,,,808,0,0,,,0,0,USD,0,1127.9,USD,416,2.99,USD,1,1005.62,USD,375
2026-03-25,2026-03-25,B0DNNGD48K,,,160,0,0,,,0,0,USD,0,3512.08,USD,182,0,USD,0,3340.8,USD,174
2026-03-25,2026-03-25,B0DNNGKT1C,,,2464,0,0,,,0,0,USD,0,5582.57,USD,1912,11.96,USD,4,1761.34,USD,632
2026-03-25,2026-03-25,B0DNNGR95W,,,1333,0,16,,,0,46.8,USD,4,9734.45,USD,832,23.41,USD,2,8452.2,USD,722
2026-03-25,2026-03-25,B0DNNGW5QV,,,162,0,0,,,0,0,USD,0,17144.52,USD,1628,9.8,USD,1,2011.88,USD,185
2026-03-25,2026-03-25,B0DNNH9PY8,,,35,0,0,,,0,0,USD,0,6360.89,USD,721,9.19,USD,1,294.08,USD,32
2026-03-25,2026-03-25,B0DNNHC33X,,,,0,0,,,0,0,USD,0,7535.78,USD,791,0,USD,0,5547.91,USD,592
2026-03-25,2026-03-25,B0DNNHSBSN,,,136,0,0,,,0,0,USD,0,1263.4,USD,442,0,USD,0,1069.88,USD,377
2026-03-25,2026-03-25,B0DNNKJ62R,,,405,0,29,,,0,16.27,USD,1,6591,USD,440,30.87,USD,2,5147.98,USD,351
2026-03-25,2026-03-25,B0DSJX8N63,,,3640,0,0,,,0,0,USD,0,36542.72,USD,3980,101.03,USD,11,5808.08,USD,632
2026-03-25,2026-03-25,B0DSJX9JLL,,,,0,0,,,0,0,USD,0,209.2,USD,20,0,USD,0,209.2,USD,20
2026-03-25,2026-03-25,B0DSJY57BN,,,56,0,0,,,0,0,USD,0,2729.34,USD,213,47.32,USD,4,11.5,USD,1
2026-03-25,2026-03-25,B0DTB5JRV9,,,145,0,0,,,0,0,USD,0,5678.4,USD,1859,2.67,USD,1,94.2,USD,30
2026-03-25,2026-03-25,B0DWNHLTP3,,,32,0,0,,,0,0,USD,0,995.45,USD,215,4.63,USD,1,384.29,USD,83
2026-03-25,2026-03-25,B0DWNJ74H1,,,72,0,0,,,0,0,USD,0,69.58,USD,28,0,USD,0,61.72,USD,25
2026-03-25,2026-03-25,B0DWNJNHYN,,,720,0,0,,,0,0,USD,0,558.92,USD,356,1.57,USD,1,0,USD,0
2026-03-25,2026-03-25,B0DWNJT1JM,,,12,0,0,,,0,0,USD,0,183.59,USD,71,0,USD,0,36.87,USD,15
2026-03-25,2026-03-25,B0DWNK16RJ,,,,0,0,,,0,0,USD,0,1832.65,USD,257,0,USD,0,418.56,USD,56
2026-03-25,2026-03-25,B0DWNKBC38,,,132,0,0,,,0,0,USD,0,12765.51,USD,2338,49.14,USD,9,9904.44,USD,1814
2026-03-25,2026-03-25,B0DWNKBMHZ,,,532,0,30,,,0,18.48,USD,4,11993.53,USD,2596,4.62,USD,1,97.02,USD,21
2026-03-25,2026-03-25,B0DWNKWDKG,,,60,0,0,,,0,0,USD,0,2043.88,USD,375,10.92,USD,2,640.36,USD,118
2026-03-25,2026-03-25,B0DWNL9S2N,,,,0,0,,,0,0,USD,0,1627.4,USD,361,0,USD,0,1146.92,USD,257
2026-03-25,2026-03-25,B0DWNLQR7V,,,,0,0,,,0,0,USD,0,3841.96,USD,1151,3.34,USD,1,2472.56,USD,741
2026-03-25,2026-03-25,B0DWNLR37Q,,,24,0,0,,,0,0,USD,0,177.19,USD,70,0,USD,0,124.79,USD,50
2026-03-25,2026-03-25,B0DWNMPYFL,,,28,0,0,,,0,0,USD,0,5715.4,USD,410,27.88,USD,2,752.76,USD,54
2026-03-25,2026-03-25,B0DWNNQWK2,,,128,0,0,,,0,0,USD,0,1087.3,USD,415,0,USD,0,400.86,USD,153
2026-03-25,2026-03-25,B0DWNSJB7B,,,16,0,0,,,0,0,USD,0,1888.75,USD,146,11.99,USD,1,580.6,USD,42
2026-03-25,2026-03-25,B0DWP7MRWM,,,,0,0,,,0,0,USD,0,10658.45,USD,835,12.65,USD,1,10633.15,USD,833
2026-03-25,2026-03-25,B0DXQ86ZW3,,,108,0,0,,,0,0,USD,0,1602.11,USD,734,2.22,USD,1,842.87,USD,392
2026-03-25,2026-03-25,B0DXQ8HXN8,,,102,0,0,,,0,0,USD,0,2211.3,USD,567,15.6,USD,4,1758.9,USD,451
2026-03-25,2026-03-25,B0DXQ9Q2V5,,,432,0,0,,,0,0,USD,0,5053.49,USD,1313,0,USD,0,649.09,USD,169
2026-03-25,2026-03-25,B0DXQ9XTQN,,,48,0,0,,,0,0,USD,0,687.96,USD,230,0,USD,0,461.88,USD,158
2026-03-25,2026-03-25,B0DXQ9ZRMB,,,16,0,0,,,0,0,USD,0,827.18,USD,156,0,USD,0,412.1,USD,72
2026-03-25,2026-03-25,B0DXQBNY5Z,,,36,0,0,,,0,0,USD,0,772.37,USD,217,3.22,USD,1,714.93,USD,201
2026-03-25,2026-03-25,B0DXQC1HH1,,,54,0,0,,,0,0,USD,0,655.4,USD,116,0,USD,0,107.35,USD,19
2026-03-25,2026-03-25,B0DXQCJPH7,,,84,0,0,,,0,0,USD,0,7586.1,USD,1418,0,USD,0,3748.15,USD,665
2026-03-25,2026-03-25,B0DXQCVQZL,,,288,0,0,,,0,0,USD,0,2041.63,USD,440,13.92,USD,3,403.71,USD,87
2026-03-25,2026-03-25,B0DY9G36WY,,,200,0,0,,,0,0,USD,0,2461.68,USD,327,53.8,USD,7,85.8,USD,11
2026-03-25,2026-03-25,B0F2JFRNJ7,,,2264,0,0,,,0,0,USD,0,11621.82,USD,1407,41.3,USD,5,41.3,USD,5
2026-03-25,2026-03-25,B0F2JJ3H3F,,,408,0,0,,,0,0,USD,0,3427.31,USD,2183,1.57,USD,1,1183.78,USD,754
2026-03-25,2026-03-25,B0F2JJ5KX7,,,180,0,0,,,0,0,USD,0,7244.57,USD,731,10.6,USD,1,2300.2,USD,217
2026-03-25,2026-03-25,B0F2JJQJP2,,,109,0,0,,,0,0,USD,0,2752.25,USD,545,5.05,USD,1,580.75,USD,115
2026-03-25,2026-03-25,B0F2JJRZ7N,,,252,0,0,,,0,0,USD,0,5514.12,USD,549,0,USD,0,1738.4,USD,164
2026-03-25,2026-03-25,B0F2JJWFWM,,,132,0,0,,,0,0,USD,0,4439.16,USD,342,0,USD,0,999.46,USD,77
2026-03-25,2026-03-25,B0F2JK7LB5,,,289,0,0,,,0,0,USD,0,2182,USD,1091,8,USD,4,0,USD,0
2026-03-25,2026-03-25,B0F2JLC66F,,,4,0,0,,,0,0,USD,0,4212.37,USD,253,31.46,USD,2,277.5,USD,15
2026-03-25,2026-03-25,B0FDLBLFNJ,,,,0,0,,,0,0,USD,0,4579.74,USD,1542,0,USD,0,4452.03,USD,1499
2026-03-25,2026-03-25,B0FDMQ7PQJ,,,264,0,0,,,0,0,USD,0,326,USD,40,0,USD,0,0,USD,0
2026-03-25,2026-03-25,B0FFHPNT31,,,210,0,0,,,0,0,USD,0,4118.1,USD,1554,0,USD,0,2414.15,USD,911
2026-03-25,2026-03-25,B0FFJ6S69P,,,750,0,0,,,0,0,USD,0,9418.68,USD,2052,13.77,USD,3,3580.2,USD,780
2026-03-25,2026-03-25,B0FJYMY8KT,,,420,0,0,,,0,0,USD,0,4385.07,USD,981,0,USD,0,339.72,USD,76
2026-03-25,2026-03-25,B0FKHFY61P,,,,0,0,,,0,0,USD,0,1794.9,USD,386,0,USD,0,1632.15,USD,351
2026-03-25,2026-03-25,B0FKHG1H2W,,,192,0,0,,,0,0,USD,0,3764.2,USD,1180,12.76,USD,4,1416.36,USD,444
2026-03-25,2026-03-25,B0FKHHS6TV,,,900,0,0,,,0,0,USD,0,6642.42,USD,1486,8.94,USD,2,71.52,USD,16
2026-03-25,2026-03-25,B0FKHJ6K81,,,1231,0,0,,,0,0,USD,0,8963.19,USD,2403,7.46,USD,2,5826.26,USD,1562
2026-03-25,2026-03-25,B0FKHJ7FBB,,,,0,0,,,0,0,USD,0,18816.28,USD,2278,0,USD,0,18783.24,USD,2274
2026-03-25,2026-03-25,B0FKHJ7ZPZ,,,313,0,0,,,0,0,USD,0,3906,USD,840,4.65,USD,1,265.05,USD,57
2026-03-25,2026-03-25,B0FKHKDQB2,,,12,0,0,,,0,0,USD,0,1255.5,USD,270,0,USD,0,1255.5,USD,270
2026-03-25,2026-03-25,B0FKHKQLXT,,,696,0,0,,,0,0,USD,0,3845.55,USD,827,9.3,USD,2,18.6,USD,4
2026-03-25,2026-03-25,B0FKHL5Z3S,,,,0,0,,,0,0,USD,0,19585.8,USD,4212,4.65,USD,1,18609.3,USD,4002
2026-03-25,2026-03-25,B0FKHLKMY3,,,36,0,0,,,0,0,USD,0,3568.32,USD,432,24.78,USD,3,2312.8,USD,280
2026-03-25,2026-03-25,B0FKHM2XSS,,,268,0,0,,,0,0,USD,0,2478.6,USD,459,0,USD,0,426.6,USD,79
2026-03-25,2026-03-25,B0FKHM824G,,,48,0,0,,,0,0,USD,0,4050.15,USD,871,0,USD,0,1050.9,USD,226
2026-03-25,2026-03-25,B0FKHNTPK6,,,57,0,0,,,0,0,USD,0,1310.29,USD,283,4.63,USD,1,509.3,USD,110
2026-03-25,2026-03-25,B0FKHNVBCS,,,,0,0,,,0,0,USD,0,680.4,USD,126,0,USD,0,378,USD,70
2026-03-25,2026-03-25,B0FKHQGH38,,,372,0,0,,,0,0,USD,0,9512.16,USD,2128,4.47,USD,1,2498.73,USD,559
2026-03-25,2026-03-25,B0FL8YNBXC,,,,0,0,,,0,0,USD,0,4548.25,USD,575,0,USD,0,4548.25,USD,575
2026-03-25,2026-03-25,B0FMWKM6LP,,,164,0,0,,,0,0,USD,0,1339.5,USD,470,0,USD,0,267.9,USD,94
2026-03-25,2026-03-25,B0FMWPRWX5,,,408,0,0,,,0,0,USD,0,10068.8,USD,1015,39.68,USD,4,4057.28,USD,409
2026-03-25,2026-03-25,B0FMWXNVPY,,,,0,0,,,0,0,USD,0,2081.64,USD,166,0,USD,0,2081.64,USD,166
2026-03-25,2026-03-25,B0FMXCL5QQ,,,16,0,0,,,0,0,USD,0,1885.05,USD,177,0,USD,0,394.05,USD,37
2026-03-25,2026-03-25,B0FMXMC7LF,,,,0,0,,,0,0,USD,0,14431.23,USD,1161,12.43,USD,1,14344.22,USD,1154
2026-03-25,2026-03-25,B0FMXMGVDZ,,,4,0,0,,,0,0,USD,0,4032.68,USD,362,0,USD,0,1370.22,USD,123
2026-03-25,2026-03-25,B0FMXMXX5T,,,132,0,0,,,0,0,USD,0,3795.72,USD,673,0,USD,0,3102,USD,550
2026-03-25,2026-03-25,B0FMXTPN96,,,,0,0,,,0,0,USD,0,1488,USD,155,0,USD,0,1488,USD,155
2026-03-25,2026-03-25,B0FMYS7V94,,,744,0,0,,,0,0,USD,0,545.16,USD,354,0,USD,0,243.32,USD,158
2026-03-25,2026-03-25,B0FN8TXX67,,,344,0,0,,,0,0,USD,0,1487.35,USD,197,0,USD,0,1162.7,USD,154
2026-03-25,2026-03-25,B0FN91VKFJ,,,,0,0,,,0,0,USD,0,128.25,USD,45,0,USD,0,105.45,USD,37
2026-03-25,2026-03-25,B0FN92BM26,,,52,0,0,,,0,0,USD,0,1269.1,USD,185,6.86,USD,1,1269.1,USD,185
2026-03-25,2026-03-25,B0FN9838G2,,,,0,0,,,0,0,USD,0,13403.16,USD,4804,0,USD,0,13383.63,USD,4797
2026-03-25,2026-03-25,B0FN984LBY,,,204,0,0,,,0,0,USD,0,60.8,USD,19,0,USD,0,0,USD,0
2026-03-25,2026-03-25,B0FN98MSPV,,,364,0,0,,,0,0,USD,0,2405.9,USD,490,0,USD,0,908.35,USD,185
2026-03-25,2026-03-25,B0FN9BVP9K,,,429,0,0,,,0,0,USD,0,911.6,USD,215,0,USD,0,411.28,USD,97
2026-03-25,2026-03-25,B0FN9C251Z,,,136,0,0,,,0,0,USD,0,5164.2,USD,302,0,USD,0,4599.9,USD,269
2026-03-25,2026-03-25,B0FN9C6RK7,,,,0,0,,,0,0,USD,0,5734.08,USD,1584,3.62,USD,1,5191.08,USD,1434
2026-03-25,2026-03-25,B0FN9F8V1K,,,-11,0,0,,,0,0,USD,0,1777.42,USD,362,0,USD,0,574.47,USD,117
2026-03-25,2026-03-25,B0FN9FDRZC,,,1068,0,0,,,0,0,USD,0,1521.17,USD,217,7.01,USD,1,0,USD,0
2026-03-25,2026-03-25,B0FN9HMTB2,,,28,0,0,,,0,0,USD,0,1846.11,USD,177,0,USD,0,938.7,USD,90
2026-03-25,2026-03-25,B0FNBJDYGD,,,1782,0,0,,,0,0,USD,0,29200.5,USD,2025,100.94,USD,7,9877.7,USD,685
2026-03-25,2026-03-25,B0FQWZNJG5,,,,0,0,,,0,0,USD,0,10668,USD,381,0,USD,0,10668,USD,381
2026-03-25,2026-03-25,B0FQWZT6QS,,,,0,0,,,0,0,USD,0,3890.18,USD,751,0,USD,0,2600.36,USD,502
2026-03-25,2026-03-25,B0FQX36R4P,,,332,0,0,,,0,0,USD,0,3527.02,USD,427,8.26,USD,1,0,USD,0
2026-03-25,2026-03-25,B0FQX61CK4,,,,0,0,,,0,0,USD,0,5223.68,USD,352,14.84,USD,1,5223.68,USD,352
2026-03-25,2026-03-25,B0FQXHDXL5,,,32,0,0,,,0,0,USD,0,3167.07,USD,229,0,USD,0,954.27,USD,69
2026-03-25,2026-03-25,B0FQXHFQFC,,,272,0,0,,,0,0,USD,0,3533.2,USD,292,0,USD,0,1742.4,USD,144
2026-03-25,2026-03-25,B0FQXL78B8,,,,0,0,,,0,0,USD,0,3196.8,USD,288,0,USD,0,0,USD,0
2026-03-25,2026-03-25,B0FQXL9MVD,,,120,0,0,,,0,0,USD,0,1873.4,USD,190,0,USD,0,9.86,USD,1
2026-03-25,2026-03-25,B0FQXM6QW3,,,30,0,0,,,0,0,USD,0,1485.12,USD,357,0,USD,0,133.12,USD,32
2026-03-25,2026-03-25,B0FQXMFMZY,,,24,0,0,,,0,0,USD,0,3388.8,USD,320,0,USD,0,2891.07,USD,273
2026-03-25,2026-03-25,B0FQXPJ784,,,,0,0,,,0,0,USD,0,1397.32,USD,386,0,USD,0,1397.32,USD,386
2026-03-25,2026-03-25,B0FQXPQSWX,,,,0,0,,,0,0,USD,0,2121,USD,300,0,USD,0,2121,USD,300
2026-03-25,2026-03-25,B0FQXS1LJX,,,92,0,0,,,0,0,USD,0,1694.4,USD,160,0,USD,0,84.72,USD,8
2026-03-25,2026-03-25,B0FQXS88P2,,,84,0,0,,,0,0,USD,0,955.68,USD,264,7.24,USD,2,792.78,USD,219
2026-03-25,2026-03-25,B0FQXSMK5T,,,417,0,0,,,0,0,USD,0,1137.4,USD,94,0,USD,0,181.5,USD,15
2026-03-25,2026-03-25,B0FQXTHNJV,,,108,0,0,,,0,0,USD,0,1980.8,USD,619,6.4,USD,2,1209.6,USD,378
2026-03-25,2026-03-25,B0FQXVXGDC,,,112,0,0,,,0,0,USD,0,3436.35,USD,739,0,USD,0,51.15,USD,11
2026-03-25,2026-03-25,B0FQXWXFWZ,,,1040,0,0,,,0,0,USD,0,581.88,USD,156,29.84,USD,8,0,USD,0
2026-03-25,2026-03-25,B0FQXX1RGD,,,1041,0,0,,,0,0,USD,0,5710.2,USD,1228,9.3,USD,2,51.15,USD,11
2026-03-25,2026-03-25,B0FQXZ8126,,,176,0,0,,,0,0,USD,0,9507.6,USD,1251,7.6,USD,1,38,USD,5
2026-03-25,2026-03-25,B0FQY7C3LM,,,103,0,0,,,0,0,USD,0,5184.7,USD,1390,0,USD,0,48.49,USD,13
2026-03-25,2026-03-25,B0FQYBPC1L,,,24,0,0,,,0,0,USD,0,4028.66,USD,289,27.88,USD,2,306.68,USD,22
2026-03-25,2026-03-25,B0FSG4WCH2,,,324,0,0,,,0,0,USD,0,327.12,USD,58,0,USD,0,253.8,USD,45
2026-03-25,2026-03-25,B0FSGH883W,,,,0,0,,,0,0,USD,0,2604,USD,93,0,USD,0,1372,USD,49
2026-03-25,2026-03-25,B0FSGKQLCK,,,,0,0,,,0,0,USD,0,5505.6,USD,1184,0,USD,0,548.7,USD,118
2026-03-25,2026-03-25,B0FSGMHVVB,,,,0,0,,,0,0,USD,0,4669.66,USD,1567,0,USD,0,4589.2,USD,1540
2026-03-25,2026-03-25,B0FSGN8KHC,,,95,0,0,,,0,0,USD,0,4274.5,USD,415,0,USD,0,30.9,USD,3
2026-03-25,2026-03-25,B0FSGND126,,,,0,0,,,0,0,USD,0,5147.75,USD,295,0,USD,0,0,USD,0
2026-03-25,2026-03-25,B0FSGTH8Z8,,,108,0,0,,,0,0,USD,0,1098.9,USD,370,0,USD,0,106.92,USD,36
2026-03-25,2026-03-25,B0FSGYT8XZ,,,584,0,0,,,0,0,USD,0,1582.38,USD,531,2.98,USD,1,804.6,USD,270
2026-03-25,2026-03-25,B0FSH2MBGN,,,608,0,0,,,0,0,USD,0,1379.74,USD,463,0,USD,0,563.22,USD,189
2026-03-25,2026-03-25,B0FSH2VGWZ,,,776,0,0,,,0,0,USD,0,1028.1,USD,345,0,USD,0,405.28,USD,136
2026-03-25,2026-03-25,B0FSH394L9,,,,0,0,,,0,0,USD,0,9779.56,USD,659,14.84,USD,1,9497.6,USD,640
2026-03-25,2026-03-25,B0FSH3FNBB,,,,0,0,,,0,0,USD,0,2164.89,USD,273,0,USD,0,7.93,USD,1
2026-03-25,2026-03-25,B0FSH79D5C,,,509,0,0,,,0,0,USD,0,4863.12,USD,276,0,USD,0,546.22,USD,31
2026-03-25,2026-03-25,B0FSHD3BC1,,,,0,0,,,0,0,USD,0,2071.3,USD,538,0,USD,0,669.9,USD,174
2026-03-25,2026-03-25,B0FSHKBHSQ,,,1123,0,0,,,0,460.04,USD,31,608.44,USD,41,14.84,USD,1,0,USD,0
2026-03-25,2026-03-25,B0FSHQ3NJ8,,,72,0,0,,,0,0,USD,0,1984.4,USD,242,0,USD,0,237.8,USD,29
2026-03-25,2026-03-25,B0G36R2JZ8,,,,0,0,,,0,0,USD,0,2897.92,USD,283,0,USD,0,0,USD,0
2026-03-25,2026-03-25,B0G36R992W,,,193,0,0,,,0,0,USD,0,2542.65,USD,1265,2.01,USD,1,44.22,USD,22
2026-03-25,2026-03-25,B0G36RL1YG,,,0,0,0,,,0,36.72,USD,4,2708.1,USD,295,0,USD,0,0,USD,0
2026-03-25,2026-03-25,B0G36RNZ9R,,,12,0,0,,,0,0,USD,0,1338.64,USD,232,0,USD,0,0,USD,0
2026-03-25,2026-03-25,B0G36RX8H8,,,1316,0,0,,,0,0,USD,0,1243.12,USD,328,11.37,USD,3,0,USD,0
2026-03-25,2026-03-25,B0G36RXVBH,,,15,0,0,,,0,0,USD,0,1114.96,USD,308,0,USD,0,0,USD,0
2026-03-25,2026-03-25,B0G36S1MC2,,,1836,0,0,,,0,0,USD,0,774,USD,225,0,USD,0,0,USD,0
2026-03-25,2026-03-25,B0G36T1ZY9,,,,0,0,,,0,0,USD,0,1415.12,USD,266,0,USD,0,218.12,USD,41
2026-03-25,2026-03-25,B0G36T2SYF,,,60,0,0,,,0,0,USD,0,889.53,USD,199,0,USD,0,0,USD,0
2026-03-25,2026-03-25,B0G36T6SNY,,,605,0,0,,,0,0,USD,0,1932.48,USD,549,3.52,USD,1,0,USD,0
2026-03-25,2026-03-25,B0G36TB5SJ,,,-48,0,0,,,0,0,USD,0,3261.62,USD,901,0,USD,0,0,USD,0
2026-03-25,2026-03-25,B0G36TDT1W,,,822,0,0,,,0,0,USD,0,981.61,USD,259,0,USD,0,0,USD,0
2026-03-25,2026-03-25,B0G36TFZJD,,,39,0,0,,,0,0,USD,0,3283.34,USD,362,0,USD,0,0,USD,0
2026-03-25,2026-03-25,B0G36TJ162,,,12,0,0,,,0,0,USD,0,1271.48,USD,239,0,USD,0,0,USD,0
2026-03-25,2026-03-25,B0G36TJTXM,,,160,0,0,,,0,0,USD,0,4126.1,USD,341,12.1,USD,1,0,USD,0
2026-03-25,2026-03-25,B0G36TNM91,,,,0,0,,,0,0,USD,0,1188.18,USD,207,0,USD,0,0,USD,0
2026-03-25,2026-03-25,B0G36TQ1VW,,,,0,0,,,0,0,USD,0,1936.14,USD,183,0,USD,0,0,USD,0
2026-03-25,2026-03-25,B0G36TXZGY,,,11,0,0,,,0,0,USD,0,2167,USD,197,0,USD,0,0,USD,0
2026-03-25,2026-03-25,B0G36V9PLG,,,5,0,0,,,0,0,USD,0,2988.86,USD,259,0,USD,0,0,USD,0
2026-03-25,2026-03-25,B0G36VD41X,,,-6,0,0,,,0,0,USD,0,1197.48,USD,204,0,USD,0,0,USD,0
2026-03-25,2026-03-25,B0G36VXNGX,,,117,0,0,,,0,0,USD,0,1190.06,USD,314,15.16,USD,4,0,USD,0
2026-03-25,2026-03-25,B0G36WHC28,,,1849,0,0,,,0,0,USD,0,1550.11,USD,409,0,USD,0,0,USD,0
2026-03-25,2026-03-25,B0G36WHH72,,,252,0,0,,,0,0,USD,0,1321.92,USD,144,0,USD,0,0,USD,0
2026-03-25,2026-03-25,B0G36WL2LN,,,73,0,0,,,0,0,USD,0,1064.99,USD,281,22.74,USD,6,0,USD,0
2026-03-25,2026-03-25,B0G36Z353F,,,97,0,0,,,0,0,USD,0,1375.77,USD,363,7.58,USD,2,0,USD,0
2026-03-25,2026-03-25,B0G61BFKYY,,,1332,0,0,,,0,51.24,USD,12,943.67,USD,221,0,USD,0,0,USD,0
2026-03-25,2026-03-25,B0G61GFG4R,,,2352,0,0,,,0,0,USD,0,599.28,USD,132,0,USD,0,0,USD,0
2026-03-25,2026-03-25,B0G61GHTKD,,,2736,0,0,,,0,0,USD,0,853.05,USD,235,32.67,USD,9,0,USD,0
2026-03-25,2026-03-25,B0G61KB2PQ,,,1920,0,0,,,0,0,USD,0,686.07,USD,189,18.15,USD,5,0,USD,0
2026-03-25,2026-03-25,B0G61PKKLZ,,,2208,0,0,,,0,0,USD,0,1485.12,USD,238,12.48,USD,2,0,USD,0
2026-03-25,2026-03-25,B0G61Q6K9B,,,568,0,0,,,0,1777.44,USD,112,1713.96,USD,108,0,USD,0,0,USD,0
2026-03-25,2026-03-25,B0G62C4RTK,,,2208,0,0,,,0,51.24,USD,12,264.74,USD,62,0,USD,0,0,USD,0
2026-03-25,2026-03-25,B0G62CKV7P,,,5352,0,0,,,0,0,USD,0,812.66,USD,227,3.58,USD,1,0,USD,0
2026-03-25,2026-03-25,B0G62D27V8,,,5268,0,0,,,0,51.24,USD,12,277.55,USD,65,51.24,USD,12,0,USD,0
2026-03-25,2026-03-25,B0G62KT3JN,,,2336,0,0,,,0,0,USD,0,959.04,USD,111,8.64,USD,1,0,USD,0
2026-03-25,2026-03-25,B0G62LCF5V,,,2351,0,0,,,0,0,USD,0,394.24,USD,112,3.52,USD,1,0,USD,0
2026-03-25,2026-03-25,B0G62TGVLK,,,408,0,0,,,0,0,USD,0,540.87,USD,149,25.41,USD,7,0,USD,0
2026-03-25,2026-03-25,B0GFP79MKX,,,465,0,0,,,0,0,USD,0,236.36,USD,76,0,USD,0,0,USD,0
2026-03-25,2026-03-25,B0GFP7HZKV,,,,0,0,,,0,0,USD,0,1661.35,USD,223,0,USD,0,0,USD,0
2026-03-25,2026-03-25,B0GFP7WWFH,,,,0,0,,,0,0,USD,0,1889.55,USD,221,0,USD,0,0,USD,0
2026-03-25,2026-03-25,B0GFP85F4D,,,6,0,0,,,0,0,USD,0,1180.8,USD,180,0,USD,0,0,USD,0
2026-03-25,2026-03-25,B0GFPBHGD1,,,246,0,16.83,,,0,61.44,USD,6,532.48,USD,52,0,USD,0,0,USD,0
2026-03-25,2026-03-25,B0GFPBZN2J,,,12,0,0,,,0,0,USD,0,951.15,USD,255,0,USD,0,0,USD,0
2026-03-25,2026-03-25,B0GFPDWJPJ,,,52,0,0,,,0,0,USD,0,1471.75,USD,203,7.25,USD,1,0,USD,0
2026-03-25,2026-03-25,B0GFPFCGYH,,,228,0,0,,,0,264,USD,48,390.5,USD,71,0,USD,0,0,USD,0
2026-03-25,2026-03-25,B0GFPFP97J,,,,0,0,,,0,0,USD,0,1481.31,USD,151,0,USD,0,0,USD,0
2026-03-25,2026-03-25,B0GFPH36YZ,,,24,0,0,,,0,0,USD,0,1729.8,USD,465,0,USD,0,0,USD,0
2026-03-25,2026-03-25,B0GFPHBW8F,,,84,0,0,,,0,0,USD,0,1334.55,USD,287,4.65,USD,1,0,USD,0
2026-03-25,2026-03-25,B0GFPJBVNS,,,1752,0,0,,,0,0,USD,0,207.9,USD,70,0,USD,0,0,USD,0
2026-03-25,2026-03-25,B0GFPJYSZY,,,1176,0,0,,,0,0,USD,0,1421.28,USD,504,2.82,USD,1,0,USD,0
2026-03-25,2026-03-25,B0GFPKK82C,,,347,0,0,,,0,0,USD,0,937.6,USD,293,0,USD,0,0,USD,0
2026-03-25,2026-03-25,B0GFPL5G1Z,,,849,0,0,,,0,0,USD,0,4252.2,USD,1140,0,USD,0,0,USD,0
2026-03-25,2026-03-25,B0GFPMLR3N,,,20,0,0,,,0,0,USD,0,1302,USD,280,4.65,USD,1,0,USD,0
2026-03-25,2026-03-25,B0GFPN3622,,,,0,0,,,0,0,USD,0,1645.75,USD,227,0,USD,0,0,USD,0
2026-03-25,2026-03-25,B0GFPN366L,,,,0,0,,,0,0,USD,0,2570.52,USD,691,0,USD,0,0,USD,0
2026-03-25,2026-03-25,B0GFPN631N,,,808,0,16.75,,,0,42.36,USD,4,1969.74,USD,186,10.59,USD,1,0,USD,0
2026-03-25,2026-03-25,B0GFPPG7BN,,,243,0,0,,,0,0,USD,0,5217,USD,282,37,USD,2,0,USD,0
2026-03-25,2026-03-25,B0GFPPJ14T,,,36,0,0,,,0,0,USD,0,1363,USD,188,0,USD,0,0,USD,0
2026-03-25,2026-03-25,B0GFPQHFCG,,,108,0,0,,,0,0,USD,0,1082.52,USD,291,0,USD,0,0,USD,0
2026-03-25,2026-03-25,B0GFPQKWSJ,,,118,0,0,,,0,0,USD,0,1469.4,USD,316,4.65,USD,1,0,USD,0
2026-03-25,2026-03-25,B0GFPQRSTH,,,324,0,0,,,0,0,USD,0,261.3,USD,78,0,USD,0,0,USD,0
2026-03-25,2026-03-25,B0GFPR245Y,,,3,0,0,,,0,0,USD,0,1384.32,USD,224,0,USD,0,0,USD,0
2026-03-25,2026-03-25,B0GFPSDX65,,,875,0,0,,,0,0,USD,0,376.31,USD,121,0,USD,0,0,USD,0
2026-03-25,2026-03-25,B0GFPSGBVC,,,60,0,0,,,0,0,USD,0,926.28,USD,249,0,USD,0,0,USD,0
2026-03-25,2026-03-25,B0GFPT19QF,,,282,0,0,,,0,0,USD,0,1965.42,USD,228,0,USD,0,0,USD,0
2026-03-25,2026-03-25,B0GFPVPPDC,,,40,0,0,,,0,0,USD,0,1348.5,USD,186,0,USD,0,0,USD,0
2026-03-25,2026-03-25,B0GFPXJ38Y,,,5,0,0,,,0,0,USD,0,1830.83,USD,223,0,USD,0,0,USD,0
2026-03-25,2026-03-25,B0GFPXSYSZ,,,,0,0,,,0,0,USD,0,1715.85,USD,369,0,USD,0,0,USD,0
2026-03-25,2026-03-25,B0GFPYTHY9,,,5,0,0,,,0,0,USD,0,1720.4,USD,230,0,USD,0,0,USD,0
2026-03-25,2026-03-25,B0GFPZLRHL,,,340,0,0,,,0,0,USD,0,482.05,USD,155,0,USD,0,0,USD,0
2026-03-26,2026-03-26,B000MAIC1M,,,,0,0,,,0,0,USD,0,296.66,USD,27,0,USD,0,296.66,USD,27
2026-03-26,2026-03-26,B0034CXR6K,,,4,0,0,,,0,0,USD,0,103.77,USD,9,0,USD,0,103.77,USD,9
2026-03-26,2026-03-26,B0039YWFN4,,,,0,0,,,0,0,USD,0,0,USD,0,6.61,USD,1,0,USD,0
2026-03-26,2026-03-26,B004K9S3K6,,,,0,0,,,0,0,USD,0,724.71,USD,90,44.08,USD,6,175.27,USD,22
2026-03-26,2026-03-26,B004N0YB58,,,48,0,0,,,0,0,USD,0,257.37,USD,24,0,USD,0,43.88,USD,4
2026-03-26,2026-03-26,B00751XYN2,,,,0,0,,,0,0,USD,0,40.35,USD,5,0,USD,0,40.35,USD,5
2026-03-26,2026-03-26,B007BTTDSI,,,,0,0,,,0,0,USD,0,13789.14,USD,1943,0,USD,0,12041.64,USD,1730
2026-03-26,2026-03-26,B007MZ7VE4,,,988,0,17.42,,,0,104.28,USD,12,1792.81,USD,209,33.86,USD,4,984.64,USD,116
2026-03-26,2026-03-26,B007MZ7VHG,,,512,0,0,,,0,0,USD,0,26780.26,USD,3766,6.75,USD,1,17722.35,USD,2509
2026-03-26,2026-03-26,B009UOMMWQ,,,,0,0,,,0,0,USD,0,6034.7,USD,1295,18.64,USD,4,3695.38,USD,793
2026-03-26,2026-03-26,B009UOMNE8,,,168,0,24.56,,,0,52.48,USD,16,5473.49,USD,1669,6.56,USD,2,4496.05,USD,1371
2026-03-26,2026-03-26,B009UOMO8I,,,,0,0,,,0,0,USD,0,882.24,USD,120,0,USD,0,815.52,USD,112
2026-03-26,2026-03-26,B00D8MX6NA,,,794,0,17.25,,,0,37.52,USD,4,2758.68,USD,296,53.4,USD,6,94.76,USD,12
2026-03-26,2026-03-26,B00DTFLZK2,,,40,0,0,,,0,0,USD,0,1889.02,USD,206,9.17,USD,1,1265.46,USD,138
2026-03-26,2026-03-26,B00H3ILK92,,,,0,0,,,0,0,USD,0,85.56,USD,12,5220.33,USD,838,0,USD,0
2026-03-26,2026-03-26,B00HUBBDIK,,,6837,0,24.43,,,0,2214.72,USD,288,105082.52,USD,14562,200.03,USD,27,67216.96,USD,9638
2026-03-26,2026-03-26,B00IFV83MS,,,216,0,0,,,0,0,USD,0,5398.51,USD,666,86.69,USD,11,1580.51,USD,208
2026-03-26,2026-03-26,B00JYCPRSA,,,,0,0,,,0,0,USD,0,1574.99,USD,392,0,USD,0,1574.99,USD,392
2026-03-26,2026-03-26,B00JYCPX4I,,,160,0,0,,,0,0,USD,0,1648.96,USD,199,8.34,USD,1,241.6,USD,30
2026-03-26,2026-03-26,B00JYCPX7K,,,,0,0,,,0,0,USD,0,12215.76,USD,2259,23.78,USD,4,12112.2,USD,2247
2026-03-26,2026-03-26,B00RZUV264,,,8,0,0,,,0,0,USD,0,87.56,USD,9,0,USD,0,51.56,USD,5
2026-03-26,2026-03-26,B00SM2O0M2,,,,0,0,,,0,0,USD,0,7.48,USD,1,0,USD,0,7.48,USD,1
2026-03-26,2026-03-26,B010VIPY92,,,,0,0,,,0,0,USD,0,8.23,USD,1,0,USD,0,8.23,USD,1
2026-03-26,2026-03-26,B015RW315G,,,,0,0,,,0,0,USD,0,1559.58,USD,230,0,USD,0,487.91,USD,68
2026-03-26,2026-03-26,B018BDNC3O,,,,0,0,,,0,0,USD,0,6763.28,USD,826,7.48,USD,1,6754.94,USD,825
2026-03-26,2026-03-26,B01DWIZTMK,,,6630,0,24.43,,,0,3416.01,USD,741,16012.88,USD,3520,64.54,USD,14,3001.67,USD,697
2026-03-26,2026-03-26,B01H12JILG,,,28,0,0,,,0,0,USD,0,183.68,USD,14,14.58,USD,1,81.62,USD,7
2026-03-26,2026-03-26,B01H12OXQG,,,8,0,0,,,0,0,USD,0,106.47,USD,8,0,USD,0,11.41,USD,1
2026-03-26,2026-03-26,B01MG8UQC7,,,,0,0,,,0,0,USD,0,4506.25,USD,515,7.85,USD,1,1452.5,USD,166
2026-03-26,2026-03-26,B01N02MNVQ,,,,0,0,,,0,0,USD,0,88277.03,USD,11355,84.75,USD,11,71176.58,USD,9204
2026-03-26,2026-03-26,B01N4SC603,,,,0,0,,,0,0,USD,0,555.06,USD,66,33.64,USD,4,555.06,USD,66
2026-03-26,2026-03-26,B01N6UHPSE,,,,0,0,,,0,0,USD,0,3066.6,USD,358,0,USD,0,3023.85,USD,353
2026-03-26,2026-03-26,B06XDGNL1G,,,,0,0,,,0,0,USD,0,8.41,USD,1,0,USD,0,8.41,USD,1
2026-03-26,2026-03-26,B06XN6CYLQ,,,,0,0,,,0,0,USD,0,515.36,USD,135,0,USD,0,408.88,USD,106
2026-03-26,2026-03-26,B06XWJ7X4Q,,,,0,0,,,0,0,USD,0,0,USD,0,153.72,USD,14,0,USD,0
2026-03-26,2026-03-26,B06XWV5X9N,,,568,0,0,,,0,0,USD,0,17782.28,USD,1276,13.97,USD,1,7695.94,USD,554
2026-03-26,2026-03-26,B073GHYJ2P,,,,0,0,,,0,0,USD,0,317.71,USD,32,0,USD,0,234.37,USD,23
2026-03-26,2026-03-26,B073GMP14X,,,,0,0,,,0,0,USD,0,11.53,USD,1,0,USD,0,11.53,USD,1
2026-03-26,2026-03-26,B073RP3K8P,,,,0,0,,,0,0,USD,0,32.61,USD,3,0,USD,0,32.61,USD,3
2026-03-26,2026-03-26,B0757SCJP1,,,12,0,0,,,0,0,USD,0,209,USD,22,0,USD,0,0,USD,0
2026-03-26,2026-03-26,B075PGHPTJ,,,,0,0,,,0,0,USD,0,24.3,USD,1,0,USD,0,24.3,USD,1
2026-03-26,2026-03-26,B075SR8ZVG,,,196,0,0,,,0,0,USD,0,7295.88,USD,978,7.46,USD,1,3200.34,USD,429
2026-03-26,2026-03-26,B075TG2Q7F,,,92,0,24.58,,,0,117,USD,12,1014.57,USD,104,0,USD,0,0,USD,0
2026-03-26,2026-03-26,B076ZY7WDR,,,,0,0,,,0,0,USD,0,10414.29,USD,831,11.25,USD,1,1636.29,USD,131
2026-03-26,2026-03-26,B0779T7WJQ,,,60,0,0,,,0,0,USD,0,980.11,USD,101,10.01,USD,1,329.46,USD,36
2026-03-26,2026-03-26,B077B8DC2W,,,1794,0,24.56,,,0,185.12,USD,16,9726.8,USD,841,23.14,USD,2,531.03,USD,46
2026-03-26,2026-03-26,B077B919QT,,,32,0,0,,,0,0,USD,0,1864.4,USD,168,0,USD,0,366.27,USD,36
2026-03-26,2026-03-26,B078TSRN4X,,,,0,0,,,0,0,USD,0,1053.92,USD,108,0,USD,0,97.6,USD,10
2026-03-26,2026-03-26,B079DDJPZS,,,1440,0,0,,,0,0,USD,0,2252.3,USD,452,0,USD,0,994.13,USD,210
2026-03-26,2026-03-26,B079DDNN3K,,,1976,0,22.67,,,0,480.48,USD,88,4191.12,USD,815,10.92,USD,2,2185.83,USD,447
2026-03-26,2026-03-26,B079DF63FW,,,2782,0,20.63,,,0,2347.68,USD,584,6990.78,USD,1739,15.66,USD,4,80.4,USD,20
2026-03-26,2026-03-26,B079PTDHRL,,,,0,0,,,0,0,USD,0,45,USD,5,0,USD,0,45,USD,5
2026-03-26,2026-03-26,B079PXH2JV,,,12,0,0,,,0,0,USD,0,10.25,USD,1,0,USD,0,10.25,USD,1
2026-03-26,2026-03-26,B079PYXHZM,,,,0,0,,,0,0,USD,0,266.5,USD,26,0,USD,0,266.5,USD,26
2026-03-26,2026-03-26,B079Q19YV2,,,,0,0,,,0,0,USD,0,,,,,,,,,
2026-03-26,2026-03-26,B079QB84LZ,,,,0,0,,,0,0,USD,0,48.75,USD,5,0,USD,0,48.75,USD,5
2026-03-26,2026-03-26,B079QBGJ3J,,,,0,0,,,0,0,USD,0,23.25,USD,3,0,USD,0,23.25,USD,3
2026-03-26,2026-03-26,B07B3VMB75,,,,0,0,,,0,0,USD,0,2.85,USD,1,68.4,USD,24,2.85,USD,1
2026-03-26,2026-03-26,B07B3WP8RR,,,,0,0,,,0,0,USD,0,157.06,USD,56,0,USD,0,157.06,USD,56
2026-03-26,2026-03-26,B07B41TPFM,,,,0,0,,,0,0,USD,0,13964.55,USD,717,17.5,USD,1,8794.4,USD,452
2026-03-26,2026-03-26,B07CZDPPVJ,,,96,0,24.58,,,0,86.4,USD,24,1102.23,USD,307,7.2,USD,2,526.23,USD,147
2026-03-26,2026-03-26,B07CZLJ4P3,,,,0,0,,,0,0,USD,0,282.96,USD,72,0,USD,0,282.96,USD,72
2026-03-26,2026-03-26,B07D43N9HZ,,,,0,0,,,0,0,USD,0,27,USD,4,0,USD,0,27,USD,4
2026-03-26,2026-03-26,B07DQ5D9F9,,,135,0,0,,,0,0,USD,0,5318.39,USD,523,0,USD,0,3560.45,USD,357
2026-03-26,2026-03-26,B07DQFZWCL,,,12,0,0,,,0,0,USD,0,6639.2,USD,519,26.1,USD,2,1432.63,USD,112
2026-03-26,2026-03-26,B07FZPJ18V,,,1590,0,0,,,0,0,USD,0,8872.98,USD,2458,17.76,USD,5,3065.22,USD,840
2026-03-26,2026-03-26,B07G7THY1T,,,,0,0,,,0,0,USD,0,6.89,USD,1,0,USD,0,6.89,USD,1
2026-03-26,2026-03-26,B07G7TSMWX,,,,0,0,,,0,0,USD,0,65.28,USD,8,9.09,USD,1,65.28,USD,8
2026-03-26,2026-03-26,B07G7XSTFS,,,,0,0,,,0,0,USD,0,34,USD,4,0,USD,0,34,USD,4
2026-03-26,2026-03-26,B07H78QP9M,,,,0,0,,,0,0,USD,0,24.85,USD,7,0,USD,0,24.85,USD,7
2026-03-26,2026-03-26,B07HHQHHCY,,,,0,0,,,0,0,USD,0,3897.12,USD,368,29.59,USD,3,84.72,USD,8
2026-03-26,2026-03-26,B07HHTYXDB,,,,0,0,,,0,0,USD,0,121,USD,10,0,USD,0,121,USD,10
2026-03-26,2026-03-26,B07HSFQMN7,,,,0,0,,,0,0,USD,0,697.49,USD,110,0,USD,0,518.75,USD,83
2026-03-26,2026-03-26,B07HSFZ3SG,,,,0,0,,,0,0,USD,0,82.92,USD,17,0,USD,0,82.92,USD,17
2026-03-26,2026-03-26,B07HSJ5R7V,,,2968,0,19.19,,,0,83.36,USD,16,804.41,USD,163,4.38,USD,1,5.21,USD,1
2026-03-26,2026-03-26,B07HSJNSJR,,,11786,0,19.31,,,0,1238.36,USD,332,5072.77,USD,1393,10.81,USD,3,2542.38,USD,714
2026-03-26,2026-03-26,B07HSN3YJL,,,2772,0,23.83,,,0,183.24,USD,36,5234.43,USD,1141,13.21,USD,3,2016.74,USD,438
2026-03-26,2026-03-26,B07J9Q4XV9,,,,0,0,,,0,0,USD,0,8461.02,USD,498,0,USD,0,3414.99,USD,201
2026-03-26,2026-03-26,B07KCXK3G2,,,,0,0,,,0,0,USD,0,2.61,USD,1,0,USD,0,2.61,USD,1
2026-03-26,2026-03-26,B07KCXPL6V,,,216,0,17.17,,,0,98.4,USD,24,422.72,USD,103,11.91,USD,3,82.2,USD,20
2026-03-26,2026-03-26,B07KD24XBS,,,168,0,0,,,0,0,USD,0,742.43,USD,198,7.38,USD,2,680.93,USD,183
2026-03-26,2026-03-26,B07KD4TX3F,,,,0,0,,,0,0,USD,0,0,USD,0,0,USD,0,0,USD,0
2026-03-26,2026-03-26,B07KK6T42T,,,,0,0,,,0,0,USD,0,100.54,USD,22,0,USD,0,13.71,USD,3
2026-03-26,2026-03-26,B07KK79D6D,,,,0,0,,,0,0,USD,0,349.77,USD,42,0,USD,0,349.77,USD,42
2026-03-26,2026-03-26,B07KY1WY5P,,,,0,0,,,0,0,USD,0,38.25,USD,3,12.75,USD,1,38.25,USD,3
2026-03-26,2026-03-26,B07MG5YVJX,,,,0,0,,,0,0,USD,0,25,USD,2,0,USD,0,25,USD,2
2026-03-26,2026-03-26,B07N13SJQB,,,26,0,0,,,0,0,USD,0,4201.36,USD,412,10.2,USD,1,2416.36,USD,237
2026-03-26,2026-03-26,B07N7ZB2X1,,,2836,0,18.48,,,0,984.9,USD,105,5133.79,USD,573,8.42,USD,1,2657.47,USD,309
2026-03-26,2026-03-26,B07N7ZQX9M,,,,0,0,,,0,0,USD,0,1818.75,USD,148,12.5,USD,1,1806.25,USD,147
2026-03-26,2026-03-26,B07NC89LMZ,,,,0,0,,,0,0,USD,0,36.25,USD,5,0,USD,0,36.25,USD,5
2026-03-26,2026-03-26,B07ND5CJP2,,,,0,0,,,0,0,USD,0,16.4,USD,1,0,USD,0,16.4,USD,1
2026-03-26,2026-03-26,B07NDHMKSD,,,,0,0,,,0,0,USD,0,18173.42,USD,2761,0,USD,0,18108.72,USD,2751
2026-03-26,2026-03-26,B07NDHQZ96,,,,0,0,,,0,0,USD,0,1322.7,USD,204,0,USD,0,1322.7,USD,204
2026-03-26,2026-03-26,B07NRFGZG4,,,,0,0,,,0,0,USD,0,8.52,USD,3,0,USD,0,8.52,USD,3
2026-03-26,2026-03-26,B07P928YLJ,,,,0,0,,,0,0,USD,0,14.28,USD,2,0,USD,0,14.28,USD,2
2026-03-26,2026-03-26,B07PDJ6Z9L,,,120,0,0,,,0,0,USD,0,13490.28,USD,2588,32.34,USD,6,11799.54,USD,2285
2026-03-26,2026-03-26,B07PFG1RVP,,,,0,0,,,0,0,USD,0,0,USD,0,5.18,USD,2,0,USD,0
2026-03-26,2026-03-26,B07PP8CLLB,,,36,0,0,,,0,0,USD,0,426.36,USD,51,0,USD,0,0,USD,0
2026-03-26,2026-03-26,B07PPD8Q8V,,,180,0,0,,,0,0,USD,0,36466.78,USD,4102,26.67,USD,3,7183.12,USD,808
2026-03-26,2026-03-26,B07PQHZF2Y,,,63,0,0,,,0,0,USD,0,333.32,USD,26,11.5,USD,1,0,USD,0
2026-03-26,2026-03-26,B07QB9MX8P,,,468,0,20.92,,,0,194.76,USD,36,12461.36,USD,2308,43.28,USD,8,1801.76,USD,336
2026-03-26,2026-03-26,B07QGH299S,,,,0,0,,,0,0,USD,0,17.25,USD,3,0,USD,0,17.25,USD,3
2026-03-26,2026-03-26,B07QGH4DVH,,,454,0,0,,,0,0,USD,0,9360,USD,2400,3.9,USD,1,331.5,USD,85
2026-03-26,2026-03-26,B07QSCH73L,,,,0,0,,,0,0,USD,0,0,USD,0,191.52,USD,24,0,USD,0
2026-03-26,2026-03-26,B07R9PTGXN,,,884,0,0,,,0,0,USD,0,390.32,USD,46,8.64,USD,1,148.4,USD,18
2026-03-26,2026-03-26,B07V2LTV4R,,,,0,0,,,0,0,USD,0,3431.58,USD,306,0,USD,0,1729.18,USD,146
2026-03-26,2026-03-26,B07V5TGM2Q,,,396,0,24.58,,,0,153.12,USD,48,5239.31,USD,1671,12.57,USD,4,1425.63,USD,447
2026-03-26,2026-03-26,B07VKPJ87J,,,,0,0,,,0,0,USD,0,4702.26,USD,304,0,USD,0,1578.19,USD,97
2026-03-26,2026-03-26,B07VVDXJ98,,,,0,0,,,0,0,USD,0,218.5,USD,23,0,USD,0,218.5,USD,23
2026-03-26,2026-03-26,B07VZNYQGN,,,316,0,19.67,,,0,205.92,USD,16,5392.54,USD,419,38.61,USD,3,296.02,USD,23
2026-03-26,2026-03-26,B07VZPCHCV,,,,0,0,,,0,0,USD,0,1482.44,USD,127,0,USD,0,1191.26,USD,104
2026-03-26,2026-03-26,B07WZW46JX,,,872,0,17.5,,,0,44.48,USD,4,32721.04,USD,2946,120.04,USD,11,7211.76,USD,652
2026-03-26,2026-03-26,B07XZW9ZBM,,,,0,0,,,0,0,USD,0,,,,,,,,,
2026-03-26,2026-03-26,B07XZWFKMB,,,,0,0,,,0,0,USD,0,0,USD,0,25.95,USD,5,0,USD,0
2026-03-26,2026-03-26,B07XZX6HXF,,,258,0,0,,,0,0,USD,0,1026.6,USD,174,0,USD,0,200.6,USD,34
2026-03-26,2026-03-26,B07ZK4RFHD,,,2264,0,10.5,,,0,18.72,USD,4,2424.24,USD,518,9.36,USD,2,2363.4,USD,505
2026-03-26,2026-03-26,B07ZK55B22,,,,0,0,,,0,0,USD,0,14.68,USD,4,0,USD,0,14.68,USD,4
2026-03-26,2026-03-26,B07ZK55SVC,,,228,0,0,,,0,0,USD,0,3362.73,USD,201,48.46,USD,3,117.11,USD,7
2026-03-26,2026-03-26,B07ZK55T38,,,398,0,0,,,0,0,USD,0,8282.27,USD,1447,11.62,USD,2,1372.57,USD,257
2026-03-26,2026-03-26,B07ZK596HV,,,39,0,0,,,0,0,USD,0,2179.8,USD,322,0,USD,0,921.8,USD,137
2026-03-26,2026-03-26,B07ZWDGT79,,,432,0,17.17,,,0,127.8,USD,12,5197.2,USD,488,10.65,USD,1,947.85,USD,89
2026-03-26,2026-03-26,B0849HCYJ6,,,,0,0,,,0,0,USD,0,8569.39,USD,819,10.73,USD,1,609.14,USD,58
2026-03-26,2026-03-26,B084C5XNYT,,,,0,0,,,0,0,USD,0,80.25,USD,15,5.35,USD,1,80.25,USD,15
2026-03-26,2026-03-26,B084DC7GR8,,,30,0,24.67,,,0,28.62,USD,3,2268.3,USD,239,19.08,USD,2,1800.84,USD,190
2026-03-26,2026-03-26,B084DCY6Q6,,,,0,0,,,0,0,USD,0,28.14,USD,2,0,USD,0,28.14,USD,2
2026-03-26,2026-03-26,B084DZ44KR,,,,0,0,,,0,0,USD,0,209.29,USD,19,0,USD,0,86.77,USD,8
2026-03-26,2026-03-26,B084DZ9YKG,,,16,0,0,,,0,0,USD,0,1871.36,USD,146,0,USD,0,1180.8,USD,90
2026-03-26,2026-03-26,B084DZC34B,,,84,0,0,,,0,0,USD,0,2608.09,USD,261,0,USD,0,1977.52,USD,199
2026-03-26,2026-03-26,B084DZFGZ6,,,1496,0,24.58,,,0,213.36,USD,24,5529.01,USD,623,106.68,USD,12,1715.56,USD,194
2026-03-26,2026-03-26,B085H7SDHD,,,,0,0,,,0,0,USD,0,247.51,USD,51,0,USD,0,247.51,USD,51
2026-03-26,2026-03-26,B0866QQHH8,,,12,0,0,,,0,0,USD,0,209.88,USD,46,0,USD,0,71.28,USD,18
2026-03-26,2026-03-26,B0866S52S1,,,,0,0,,,0,0,USD,0,5.2,USD,1,0,USD,0,5.2,USD,1
2026-03-26,2026-03-26,B086W79KK2,,,66,0,0,,,0,0,USD,0,,,,,,,,,
2026-03-26,2026-03-26,B0875Z9QNV,,,16,0,0,,,0,0,USD,0,369.6,USD,36,10.5,USD,1,107.1,USD,11
2026-03-26,2026-03-26,B087F2K7NY,,,,0,0,,,0,0,USD,0,22.56,USD,3,0,USD,0,22.56,USD,3
2026-03-26,2026-03-26,B087F3B6NN,,,,0,0,,,0,0,USD,0,29.11,USD,7,0,USD,0,29.11,USD,7
2026-03-26,2026-03-26,B0888XDN6R,,,,0,0,,,0,0,USD,0,15.45,USD,3,0,USD,0,15.45,USD,3
2026-03-26,2026-03-26,B0888XPMP5,,,,0,0,,,0,0,USD,0,24.66,USD,6,0,USD,0,24.66,USD,6
2026-03-26,2026-03-26,B0889H4NWW,,,,0,0,,,0,0,USD,0,1065.9,USD,190,28.05,USD,5,1065.9,USD,190
2026-03-26,2026-03-26,B089DN6RSH,,,102,0,0,,,0,0,USD,0,3215.13,USD,414,8.08,USD,1,1441.77,USD,192
2026-03-26,2026-03-26,B08B42NJG2,,,,0,0,,,0,0,USD,0,0,USD,0,37.05,USD,3,0,USD,0
2026-03-26,2026-03-26,B08B42P9JQ,,,48,0,0,,,0,0,USD,0,1074.71,USD,119,18.22,USD,2,682.98,USD,76
2026-03-26,2026-03-26,B08B43Y7DK,,,88,0,0,,,0,0,USD,0,1336.68,USD,141,0,USD,0,1336.68,USD,141
2026-03-26,2026-03-26,B08CJZBFG6,,,30,0,0,,,0,0,USD,0,203.8,USD,30,0,USD,0,71.5,USD,10
2026-03-26,2026-03-26,B08CK2F4SL,,,,0,0,,,0,0,USD,0,1941.42,USD,568,0,USD,0,1652.16,USD,484
2026-03-26,2026-03-26,B08CK3G9NT,,,4,0,0,,,0,0,USD,0,77.08,USD,9,0,USD,0,39.48,USD,5
2026-03-26,2026-03-26,B08CK5L53L,,,,0,0,,,0,0,USD,0,1921.12,USD,571,0,USD,0,1893.56,USD,563
2026-03-26,2026-03-26,B08CWRNH2J,,,12,0,0,,,0,0,USD,0,79.2,USD,16,0,USD,0,0,USD,0
2026-03-26,2026-03-26,B08CWXNRGR,,,96,0,0,,,0,0,USD,0,1601.95,USD,166,0,USD,0,1253.51,USD,128
2026-03-26,2026-03-26,B08CX14HLP,,,412,0,0,,,0,0,USD,0,13896.52,USD,1392,0,USD,0,3757.24,USD,388
2026-03-26,2026-03-26,B08CX5168M,,,,0,0,,,0,0,USD,0,473.97,USD,55,0,USD,0,473.97,USD,55
2026-03-26,2026-03-26,B08CX9FXD2,,,164,0,0,,,0,0,USD,0,792.07,USD,103,7.69,USD,1,384.5,USD,50
2026-03-26,2026-03-26,B08CXCHTB8,,,,0,0,,,0,0,USD,0,835.56,USD,72,0,USD,0,835.56,USD,72
2026-03-26,2026-03-26,B08FPBY5P2,,,164,0,10.6,,,0,139.4,USD,20,27008.15,USD,4319,6.25,USD,1,26843.75,USD,4295
2026-03-26,2026-03-26,B08FPMQXZQ,,,,0,0,,,0,0,USD,0,723.3,USD,50,0,USD,0,505.82,USD,34
2026-03-26,2026-03-26,B08FPS18T7,,,24,0,0,,,0,0,USD,0,,,,,,,,,
2026-03-26,2026-03-26,B08FPTD1CB,,,,0,0,,,0,0,USD,0,1147.44,USD,158,0,USD,0,707.56,USD,98
2026-03-26,2026-03-26,B08FPTFQYS,,,,0,0,,,0,0,USD,0,24.18,USD,3,0,USD,0,24.18,USD,3
2026-03-26,2026-03-26,B08FZ11BZL,,,220,0,0,,,0,0,USD,0,2210.88,USD,168,0,USD,0,1789.76,USD,136
2026-03-26,2026-03-26,B08GTQQTP8,,,,0,0,,,0,0,USD,0,10,USD,1,0,USD,0,10,USD,1
2026-03-26,2026-03-26,B08GTTT2K1,,,792,0,0,,,0,0,USD,0,7528.16,USD,2005,25.94,USD,7,4933.76,USD,1315
2026-03-26,2026-03-26,B08GV37D8S,,,68,0,0,,,0,0,USD,0,111.52,USD,17,6.56,USD,1,26.24,USD,4
2026-03-26,2026-03-26,B08GYLV34K,,,5,0,0,,,0,0,USD,0,17236.14,USD,2082,25.35,USD,3,7472.61,USD,885
2026-03-26,2026-03-26,B08KKCPW4P,,,1,0,0,,,0,0,USD,0,863.26,USD,204,4.57,USD,1,616.94,USD,150
2026-03-26,2026-03-26,B08L71ZHJ3,,,2,0,0,,,0,0,USD,0,175.48,USD,37,0,USD,0,130.12,USD,28
2026-03-26,2026-03-26,B08L72XJHR,,,,0,0,,,0,0,USD,0,87.76,USD,8,0,USD,0,87.76,USD,8
2026-03-26,2026-03-26,B08L75B7FN,,,,0,0,,,0,0,USD,0,105.84,USD,21,0,USD,0,70.56,USD,14
2026-03-26,2026-03-26,B08LDZSZV6,,,,0,0,,,0,0,USD,0,0,USD,0,0,USD,0,0,USD,0
2026-03-26,2026-03-26,B08LF3MRPH,,,334,0,14.14,,,0,435.87,USD,29,2754.72,USD,187,0,USD,0,339.75,USD,26
2026-03-26,2026-03-26,B08LF4MJ43,,,1388,0,21.23,,,0,383.7,USD,30,3678.64,USD,286,51.16,USD,4,429.98,USD,32
2026-03-26,2026-03-26,B08M95FCZK,,,,0,0,,,0,0,USD,0,353.99,USD,50,0,USD,0,353.99,USD,50
2026-03-26,2026-03-26,B08M9M9R5X,,,30,0,0,,,0,0,USD,0,839.27,USD,61,0,USD,0,426.87,USD,31
2026-03-26,2026-03-26,B08M9S4PMZ,,,,0,0,,,0,0,USD,0,6.75,USD,1,0,USD,0,6.75,USD,1
2026-03-26,2026-03-26,B08NDXWPPW,,,282,0,0,,,0,0,USD,0,10437.13,USD,1189,17.84,USD,2,1730.48,USD,194
2026-03-26,2026-03-26,B08PN58K6M,,,865,0,17.18,,,0,258.48,USD,72,7781.26,USD,2232,21.54,USD,6,4457.29,USD,1306
2026-03-26,2026-03-26,B08PQ87PMF,,,,0,0,,,0,0,USD,0,9.4,USD,1,0,USD,0,9.4,USD,1
2026-03-26,2026-03-26,B08QQL8KZG,,,168,0,0,,,0,0,USD,0,3270.27,USD,502,6.19,USD,1,2319.45,USD,364
2026-03-26,2026-03-26,B08QQRFQNC,,,6262,0,0,,,0,0,USD,0,926.28,USD,166,5.58,USD,1,0,USD,0
2026-03-26,2026-03-26,B08QR6G349,,,-95,0,0,,,0,0,USD,0,8263.94,USD,1532,104.28,USD,19,4063.5,USD,746
2026-03-26,2026-03-26,B08QR6GSY8,,,318,0,17.17,,,0,43.32,USD,12,4346.9,USD,1240,7.22,USD,2,3014.81,USD,871
2026-03-26,2026-03-26,B08QR7L5RW,,,,0,0,,,0,0,USD,0,51.38,USD,14,0,USD,0,44.04,USD,12
2026-03-26,2026-03-26,B08QRCDL4N,,,186,0,17.5,,,0,43.32,USD,12,725.61,USD,201,0,USD,0,274.36,USD,76
2026-03-26,2026-03-26,B08QVB5H5Z,,,,0,0,,,0,0,USD,0,341.28,USD,96,0,USD,0,292.92,USD,83
2026-03-26,2026-03-26,B08R5J8Z28,,,,0,0,,,0,0,USD,0,176.09,USD,40,0,USD,0,55.67,USD,13
2026-03-26,2026-03-26,B08RRWMYVF,,,,0,0,,,0,0,USD,0,0,USD,0,37.44,USD,12,0,USD,0
2026-03-26,2026-03-26,B08RRYYGC2,,,,0,0,,,0,0,USD,0,0,USD,0,3.12,USD,1,0,USD,0
2026-03-26,2026-03-26,B08SYYQ9R9,,,,0,0,,,0,0,USD,0,0,USD,0,92.24,USD,4,0,USD,0
2026-03-26,2026-03-26,B08WYQFF3M,,,,0,0,,,0,0,USD,0,5.58,USD,1,0,USD,0,5.58,USD,1
2026-03-26,2026-03-26,B091YDV22K,,,106,0,17,,,0,69.88,USD,4,10026.5,USD,574,104.84,USD,6,3248.12,USD,186
2026-03-26,2026-03-26,B0932TB3Z6,,,812,0,24.5,,,0,481.6,USD,32,10894.65,USD,724,15.05,USD,1,58.65,USD,4
2026-03-26,2026-03-26,B093MTGKXC,,,,0,0,,,0,0,USD,0,2870.29,USD,341,0,USD,0,1381.15,USD,161
2026-03-26,2026-03-26,B094PHGQ1G,,,,0,0,,,0,0,USD,0,924,USD,132,7,USD,1,434,USD,62
2026-03-26,2026-03-26,B097WQ7ZK3,,,,0,0,,,0,0,USD,0,5.55,USD,1,0,USD,0,5.55,USD,1
2026-03-26,2026-03-26,B097WZB6NW,,,,0,0,,,0,0,USD,0,50.05,USD,7,0,USD,0,50.05,USD,7
2026-03-26,2026-03-26,B0992QXNP6,,,,0,0,,,0,0,USD,0,228,USD,12,0,USD,0,228,USD,12
2026-03-26,2026-03-26,B0992V3RFP,,,,0,0,,,0,0,USD,0,19.8,USD,1,0,USD,0,19.8,USD,1
2026-03-26,2026-03-26,B099DSPZ99,,,,0,0,,,0,0,USD,0,2581.71,USD,208,0,USD,0,2581.71,USD,208
2026-03-26,2026-03-26,B099NXFTK2,,,,0,0,,,0,0,USD,0,169.8,USD,8,0,USD,0,169.8,USD,8
2026-03-26,2026-03-26,B099VXHYMC,,,,0,0,,,0,0,USD,0,966.46,USD,82,11.95,USD,1,966.46,USD,82
2026-03-26,2026-03-26,B09CQYL1J9,,,,0,0,,,0,0,USD,0,1032.41,USD,77,0,USD,0,1032.41,USD,77
2026-03-26,2026-03-26,B09CR5RX65,,,,0,0,,,0,0,USD,0,7073.9,USD,789,26.02,USD,3,3371.72,USD,369
2026-03-26,2026-03-26,B09CR6BDW3,,,,0,0,,,0,0,USD,0,246.81,USD,24,0,USD,0,59.1,USD,5
2026-03-26,2026-03-26,B09CR6YVHS,,,,0,0,,,0,0,USD,0,46.14,USD,6,0,USD,0,46.14,USD,6
2026-03-26,2026-03-26,B09CR7N6X7,,,,0,0,,,0,0,USD,0,15,USD,2,0,USD,0,15,USD,2
2026-03-26,2026-03-26,B09CR89VFM,,,,0,0,,,0,0,USD,0,84,USD,10,0,USD,0,84,USD,10
2026-03-26,2026-03-26,B09CR8L4CG,,,,0,0,,,0,0,USD,0,630.37,USD,83,7.69,USD,1,630.37,USD,83
2026-03-26,2026-03-26,B09CR9G46J,,,54,0,0,,,0,0,USD,0,1390.99,USD,142,0,USD,0,1390.99,USD,142
2026-03-26,2026-03-26,B09CRCN6PJ,,,,0,0,,,0,0,USD,0,311.15,USD,33,0,USD,0,112.7,USD,12
2026-03-26,2026-03-26,B09CRDVHZ6,,,6,0,0,,,0,0,USD,0,2314.95,USD,262,26.58,USD,3,1092.27,USD,124
2026-03-26,2026-03-26,B09CRJYDM4,,,,0,0,,,0,0,USD,0,345.36,USD,24,0,USD,0,0,USD,0
2026-03-26,2026-03-26,B09CRJYF7N,,,48,0,17.17,,,0,199.32,USD,12,1793.88,USD,108,16.61,USD,1,16.61,USD,1
2026-03-26,2026-03-26,B09DF5T7VC,,,,0,0,,,0,0,USD,0,31.35,USD,3,0,USD,0,0,USD,0
2026-03-26,2026-03-26,B09FG6YKK1,,,,0,0,,,0,0,USD,0,1387.11,USD,249,6.45,USD,1,1387.11,USD,249
2026-03-26,2026-03-26,B09FG6YP43,,,,0,0,,,0,0,USD,0,104.04,USD,18,0,USD,0,104.04,USD,18
2026-03-26,2026-03-26,B09FG78TY3,,,,0,0,,,0,0,USD,0,0,USD,0,22.5,USD,3,0,USD,0
2026-03-26,2026-03-26,B09FG7H2P6,,,,0,0,,,0,0,USD,0,2513.76,USD,327,0,USD,0,2374.98,USD,309
2026-03-26,2026-03-26,B09FG7PLZK,,,,0,0,,,0,0,USD,0,673.66,USD,63,0,USD,0,673.66,USD,63
2026-03-26,2026-03-26,B09FG7VZ6B,,,4,0,0,,,0,0,USD,0,275,USD,20,0,USD,0,0,USD,0
2026-03-26,2026-03-26,B09FG815Q8,,,,0,0,,,0,0,USD,0,44.6,USD,4,11.15,USD,1,44.6,USD,4
2026-03-26,2026-03-26,B09FG8179S,,,24,0,17.13,,,0,103.68,USD,8,751.68,USD,58,0,USD,0,609.12,USD,47
2026-03-26,2026-03-26,B09FG88MKW,,,412,0,24.43,,,0,424.48,USD,56,10084.5,USD,1362,37.9,USD,5,3395.26,USD,479
2026-03-26,2026-03-26,B09FG8LF87,,,,0,0,,,0,0,USD,0,8.1,USD,1,0,USD,0,8.1,USD,1
2026-03-26,2026-03-26,B09FG92BCJ,,,48,0,0,,,0,0,USD,0,0,USD,0,10.14,USD,1,0,USD,0
2026-03-26,2026-03-26,B09FG9GV5X,,,,0,0,,,0,0,USD,0,9.8,USD,1,0,USD,0,9.8,USD,1
2026-03-26,2026-03-26,B09FGB8TQ4,,,,0,0,,,0,0,USD,0,92.78,USD,10,0,USD,0,92.78,USD,10
2026-03-26,2026-03-26,B09GPW9NXL,,,236,0,0,,,0,0,USD,0,6.8,USD,1,0,USD,0,6.8,USD,1
2026-03-26,2026-03-26,B09GPYFHY7,,,8,0,0,,,0,0,USD,0,8554.88,USD,635,13.68,USD,1,1655.28,USD,121
2026-03-26,2026-03-26,B09GPYH76H,,,385,0,24.55,,,0,167.2,USD,20,9505.32,USD,1137,24.22,USD,3,1563.32,USD,187
2026-03-26,2026-03-26,B09JBDPC2P,,,12,0,0,,,0,0,USD,0,1659.8,USD,172,9.65,USD,1,135.1,USD,14
2026-03-26,2026-03-26,B09JBDTVK5,,,,0,0,,,0,0,USD,0,116.73,USD,14,0,USD,0,40.05,USD,5
2026-03-26,2026-03-26,B09JBDXBQF,,,,0,0,,,0,0,USD,0,1442.33,USD,109,0,USD,0,1442.33,USD,109
2026-03-26,2026-03-26,B09JBFTDN8,,,,0,0,,,0,0,USD,0,1316.67,USD,112,0,USD,0,813.3,USD,70
2026-03-26,2026-03-26,B09JBHSP2P,,,,0,0,,,0,0,USD,0,13.5,USD,2,0,USD,0,13.5,USD,2
2026-03-26,2026-03-26,B09JBNHVFZ,,,6769,0,24.43,,,0,4243.2,USD,408,112257.6,USD,10794,426.4,USD,41,19604,USD,1885
2026-03-26,2026-03-26,B09JBY6LML,,,12,0,0,,,0,0,USD,0,108.46,USD,17,6.38,USD,1,0,USD,0
2026-03-26,2026-03-26,B09LC5T863,,,,0,0,,,0,0,USD,0,0,USD,0,224.45,USD,54,0,USD,0
2026-03-26,2026-03-26,B09LCDRS5G,,,,0,0,,,0,0,USD,0,2569.15,USD,289,0,USD,0,1352.42,USD,149
2026-03-26,2026-03-26,B09LCF8RNW,,,,0,0,,,0,0,USD,0,512.45,USD,37,0,USD,0,512.45,USD,37
2026-03-26,2026-03-26,B09LCJZPRS,,,,0,0,,,0,0,USD,0,0,USD,0,792,USD,88,0,USD,0
2026-03-26,2026-03-26,B09LCNC5R5,,,,0,0,,,0,0,USD,0,2953.56,USD,163,0,USD,0,2083.8,USD,115
2026-03-26,2026-03-26,B09LCP82TF,,,,0,0,,,0,0,USD,0,66.75,USD,10,7.07,USD,1,27.5,USD,5
2026-03-26,2026-03-26,B09LCQ8H4Y,,,,0,0,,,0,0,USD,0,1462.6,USD,155,0,USD,0,1452.56,USD,154
2026-03-26,2026-03-26,B09LCQHYQP,,,,0,0,,,0,0,USD,0,70.65,USD,9,0,USD,0,7.85,USD,1
2026-03-26,2026-03-26,B09NZ6ZVZ4,,,30,0,0,,,0,0,USD,0,506.42,USD,46,0,USD,0,173.36,USD,16
2026-03-26,2026-03-26,B09NZHD4YK,,,2681,0,24.13,,,0,465.6,USD,96,1354.5,USD,280,57.7,USD,12,35.3,USD,8
2026-03-26,2026-03-26,B09NZN6W3L,,,90,0,0,,,0,0,USD,0,531.67,USD,160,0,USD,0,35.41,USD,10
2026-03-26,2026-03-26,B09NZNBZ7N,,,216,0,24.67,,,0,87.6,USD,12,2809.75,USD,385,0,USD,0,867.95,USD,119
2026-03-26,2026-03-26,B09PGV61BW,,,460,0,0,,,0,0,USD,0,20689.46,USD,2271,64.49,USD,7,16489.48,USD,1827
2026-03-26,2026-03-26,B09PGVGCH5,,,4932,0,17.17,,,0,22.38,USD,6,201042.35,USD,53923,253.36,USD,68,196807.04,USD,52784
2026-03-26,2026-03-26,B09PGVLVHL,,,1544,0,24.25,,,0,40.28,USD,4,38580.26,USD,3832,40.28,USD,4,33736.59,USD,3351
2026-03-26,2026-03-26,B09PGVSD2N,,,,0,0,,,0,0,USD,0,173.76,USD,59,0,USD,0,173.76,USD,59
2026-03-26,2026-03-26,B09PGVTTZ1,,,96,0,0,,,0,0,USD,0,8305.35,USD,2271,56.88,USD,16,5093.82,USD,1410
2026-03-26,2026-03-26,B09PGVZ5TJ,,,,0,0,,,0,0,USD,0,110702.33,USD,34847,38.04,USD,12,109775.68,USD,34552
2026-03-26,2026-03-26,B09PGWQBB5,,,6,0,0,,,0,0,USD,0,8.84,USD,2,4.2,USD,1,8.84,USD,2
2026-03-26,2026-03-26,B09PRTHHQS,,,,0,0,,,0,0,USD,0,196,USD,25,0,USD,0,126,USD,18
2026-03-26,2026-03-26,B09PRTNMC5,,,,0,0,,,0,0,USD,0,7.5,USD,1,7.5,USD,1,7.5,USD,1
2026-03-26,2026-03-26,B09PRV1LVQ,,,15,0,0,,,0,0,USD,0,196.65,USD,30,0,USD,0,159.15,USD,25
2026-03-26,2026-03-26,B09QQWS4M5,,,,0,0,,,0,0,USD,0,10495.83,USD,1208,36.28,USD,4,7009.62,USD,822
2026-03-26,2026-03-26,B09QRB8SYX,,,,0,0,,,0,0,USD,0,162,USD,18,0,USD,0,162,USD,18
2026-03-26,2026-03-26,B09QRBBFQX,,,,0,0,,,0,0,USD,0,5.65,USD,1,0,USD,0,5.65,USD,1
2026-03-26,2026-03-26,B09QRCV9S8,,,,0,0,,,0,0,USD,0,14687.34,USD,1872,24.36,USD,3,13182.82,USD,1693
2026-03-26,2026-03-26,B09QRD7TLX,,,,0,0,,,0,0,USD,0,23,USD,4,0,USD,0,23,USD,4
2026-03-26,2026-03-26,B09QRD8WCF,,,,0,0,,,0,0,USD,0,7.02,USD,1,0,USD,0,7.02,USD,1
2026-03-26,2026-03-26,B09QRFPLD1,,,2479,0,19.19,,,0,659.6,USD,136,1818.15,USD,379,9.7,USD,2,174,USD,40
2026-03-26,2026-03-26,B09QRHSWLG,,,140,0,0,,,0,0,USD,0,5030.93,USD,944,10.3,USD,2,3412.25,USD,662
2026-03-26,2026-03-26,B09QRK2MSL,,,,0,0,,,0,0,USD,0,8762.81,USD,997,16.7,USD,2,6791.51,USD,773
2026-03-26,2026-03-26,B09QRL5W33,,,,0,0,,,0,0,USD,0,9797.55,USD,1899,36.55,USD,7,9797.55,USD,1899
2026-03-26,2026-03-26,B09QRLZN89,,,,0,0,,,0,0,USD,0,4226.52,USD,1103,308.36,USD,82,3393.95,USD,889
2026-03-26,2026-03-26,B09QRMYDK6,,,,0,0,,,0,0,USD,0,20267.5,USD,2087,66.38,USD,7,17156.7,USD,1773
2026-03-26,2026-03-26,B09QRN4RMC,,,240,0,10.25,,,0,39.88,USD,4,4110.94,USD,442,0,USD,0,3821.81,USD,413
2026-03-26,2026-03-26,B09QRP863Z,,,436,0,0,,,0,0,USD,0,4313.17,USD,677,19.23,USD,3,3610.71,USD,567
2026-03-26,2026-03-26,B09QRS3DXV,,,,0,0,,,0,0,USD,0,36.3,USD,3,0,USD,0,0,USD,0
2026-03-26,2026-03-26,B09QRTDTK3,,,72,0,17,,,0,17.16,USD,4,555.94,USD,130,0,USD,0,15.4,USD,4
2026-03-26,2026-03-26,B09QRTSFY4,,,12,0,0,,,0,0,USD,0,189.9,USD,47,68.55,USD,19,173.26,USD,43
2026-03-26,2026-03-26,B09S27RTMF,,,,0,0,,,0,0,USD,0,1956.11,USD,195,0,USD,0,1421.34,USD,142
2026-03-26,2026-03-26,B09S28QYQ5,,,,0,0,,,0,0,USD,0,5508.8,USD,430,13.1,USD,1,5181.3,USD,405
2026-03-26,2026-03-26,B09S2FJRL1,,,12,0,0,,,0,0,USD,0,62910.35,USD,7745,80.05,USD,10,62714.05,USD,7720
2026-03-26,2026-03-26,B09Y2DCH6Z,,,,0,0,,,0,0,USD,0,2135.85,USD,193,0,USD,0,1210.4,USD,110
2026-03-26,2026-03-26,B09Y2DHRB8,,,,0,0,,,0,0,USD,0,5022.6,USD,516,9.5,USD,1,3758.34,USD,396
2026-03-26,2026-03-26,B09Y2DHRBC,,,132,0,24,,,0,13.93,USD,1,2475.16,USD,178,26.44,USD,2,1220.96,USD,88
2026-03-26,2026-03-26,B09Y2DSNDZ,,,24,0,17,,,0,48,USD,4,562.8,USD,47,0,USD,0,10.8,USD,1
2026-03-26,2026-03-26,B09Y2GP7T7,,,,0,0,,,0,0,USD,0,2371.38,USD,203,22.91,USD,2,761.63,USD,66
2026-03-26,2026-03-26,B0B6GJ6WJX,,,96,0,0,,,0,0,USD,0,1212.04,USD,245,0,USD,0,777.22,USD,165
2026-03-26,2026-03-26,B0B6GKT49Q,,,,0,0,,,0,0,USD,0,1089.5,USD,98,0,USD,0,652,USD,63
2026-03-26,2026-03-26,B0B6GL64PW,,,,0,0,,,0,0,USD,0,142.72,USD,32,0,USD,0,142.72,USD,32
2026-03-26,2026-03-26,B0B6GL6WJM,,,865,0,17.24,,,0,1653,USD,300,12760.66,USD,2316,49.59,USD,9,3322.03,USD,603
2026-03-26,2026-03-26,B0B9HTM5GG,,,53,0,24.5,,,0,18.94,USD,2,3531.04,USD,373,8.5,USD,1,1314.76,USD,139
2026-03-26,2026-03-26,B0BG66QWF3,,,,0,0,,,0,0,USD,0,526.82,USD,53,0,USD,0,526.82,USD,53
2026-03-26,2026-03-26,B0C6FWJSYY,,,278,0,24.5,,,0,50.08,USD,8,3250.72,USD,520,0,USD,0,202.1,USD,33
2026-03-26,2026-03-26,B0C6FX7KC9,,,,0,0,,,0,0,USD,0,333.36,USD,61,6,USD,1,114,USD,19
2026-03-26,2026-03-26,B0C6FXGD4Q,,,24,0,0,,,0,0,USD,0,2119.61,USD,196,10.82,USD,1,658.91,USD,61
2026-03-26,2026-03-26,B0C6FXMLXQ,,,,0,0,,,0,0,USD,0,0,USD,0,641.52,USD,81,0,USD,0
2026-03-26,2026-03-26,B0C6FXN4FM,,,32,0,0,,,0,0,USD,0,889.72,USD,58,0,USD,0,245.44,USD,16
2026-03-26,2026-03-26,B0C6FXNMS6,,,4,0,0,,,0,0,USD,0,3571.58,USD,312,11.65,USD,1,838.8,USD,72
2026-03-26,2026-03-26,B0C6FXP2FS,,,,0,0,,,0,0,USD,0,2529.62,USD,184,0,USD,0,904.89,USD,67
2026-03-26,2026-03-26,B0C6FXV47T,,,,0,0,,,0,0,USD,0,2536.92,USD,271,10.32,USD,1,695.42,USD,72
2026-03-26,2026-03-26,B0C6FXVWNP,,,,0,0,,,0,0,USD,0,0,USD,0,682.32,USD,104,0,USD,0
2026-03-26,2026-03-26,B0C6FY4MWC,,,4,0,0,,,0,0,USD,0,5080.86,USD,486,0,USD,0,3790.59,USD,363
2026-03-26,2026-03-26,B0C6FY722F,,,,0,0,,,0,0,USD,0,8681.06,USD,1329,13.1,USD,2,8052.26,USD,1233
2026-03-26,2026-03-26,B0C6FY95QT,,,,0,0,,,0,0,USD,0,424.26,USD,69,0,USD,0,191.26,USD,31
2026-03-26,2026-03-26,B0C6FY997J,,,,0,0,,,0,0,USD,0,5606.21,USD,822,0,USD,0,3564.01,USD,513
2026-03-26,2026-03-26,B0C6FYN14M,,,,0,0,,,0,0,USD,0,1092.28,USD,188,0,USD,0,34.86,USD,6
2026-03-26,2026-03-26,B0C6FYTP23,,,75,0,17.17,,,0,110.1,USD,6,3678.13,USD,203,18.35,USD,1,862.45,USD,47
2026-03-26,2026-03-26,B0C6FYX7YZ,,,,0,0,,,0,0,USD,0,8412.65,USD,1086,0,USD,0,4357.5,USD,581
2026-03-26,2026-03-26,B0C6FYZFRG,,,4,0,0,,,0,0,USD,0,2322.78,USD,190,0,USD,0,424.03,USD,35
2026-03-26,2026-03-26,B0C6FZ355R,,,4,0,0,,,0,0,USD,0,168.02,USD,11,0,USD,0,70.7,USD,5
2026-03-26,2026-03-26,B0C6FZ4MCH,,,,0,0,,,0,0,USD,0,386.67,USD,71,10.51,USD,2,295.47,USD,52
2026-03-26,2026-03-26,B0C6FZPJ61,,,28,0,0,,,0,0,USD,0,1587.72,USD,235,0,USD,0,569.94,USD,82
2026-03-26,2026-03-26,B0C6G1VP7W,,,,0,0,,,0,0,USD,0,77.5,USD,5,0,USD,0,77.5,USD,5
2026-03-26,2026-03-26,B0C7DGWFP2,,,,0,0,,,0,0,USD,0,153.12,USD,22,0,USD,0,153.12,USD,22
2026-03-26,2026-03-26,B0CBSX59GF,,,824,0,17.23,,,0,766.08,USD,168,12147.84,USD,2664,4.56,USD,1,2015.52,USD,442
2026-03-26,2026-03-26,B0CDYF5SM1,,,1885,0,18.24,,,0,267.96,USD,84,15089.77,USD,4847,31.02,USD,10,8550.68,USD,2756
2026-03-26,2026-03-26,B0CDYFSR39,,,,0,0,,,0,0,USD,0,,,,,,,,,
2026-03-26,2026-03-26,B0CDYHBJ37,,,,0,0,,,0,0,USD,0,1292.07,USD,377,3.27,USD,1,889.65,USD,263
2026-03-26,2026-03-26,B0CDYM2XMN,,,,0,0,,,0,0,USD,0,26590.62,USD,3227,0,USD,0,26504.85,USD,3217
2026-03-26,2026-03-26,B0CDYPF958,,,24,0,20.88,,,0,71.28,USD,12,1865.96,USD,344,17.21,USD,3,380.47,USD,80
2026-03-26,2026-03-26,B0CDYRLZ8X,,,,0,0,,,0,0,USD,0,569.6,USD,64,0,USD,0,569.6,USD,64
2026-03-26,2026-03-26,B0CDYRRGQ3,,,,0,0,,,0,0,USD,0,0,USD,0,123,USD,12,0,USD,0
2026-03-26,2026-03-26,B0CDYSG4BC,,,508,0,0,,,0,0,USD,0,8409.54,USD,1199,35.3,USD,5,3771.08,USD,542
2026-03-26,2026-03-26,B0CDYVK9JZ,,,,0,0,,,0,0,USD,0,984.15,USD,156,0,USD,0,857.04,USD,137
2026-03-26,2026-03-26,B0CDYW89T8,,,12,0,24.33,,,0,124.56,USD,12,21135.22,USD,2078,0,USD,0,17657.92,USD,1743
2026-03-26,2026-03-26,B0CDYWRTWJ,,,28,0,0,,,0,0,USD,0,982.72,USD,102,0,USD,0,807.45,USD,85
2026-03-26,2026-03-26,B0CDYZ3M42,,,,0,0,,,0,0,USD,0,8074.01,USD,2779,11.2,USD,4,7926.51,USD,2729
2026-03-26,2026-03-26,B0CDYZN632,,,,0,0,,,0,0,USD,0,6508.9,USD,559,12.1,USD,1,4996.4,USD,434
2026-03-26,2026-03-26,B0CDZ2V4S7,,,4201,0,16.95,,,0,903.6,USD,330,18755.68,USD,6847,182.38,USD,68,10139.94,USD,3701
2026-03-26,2026-03-26,B0CDZ2W2MV,,,76,0,24.58,,,0,198.24,USD,24,15334.22,USD,1871,33.04,USD,4,13520.42,USD,1651
2026-03-26,2026-03-26,B0CN7C211F,,,,0,0,,,0,0,USD,0,18380.58,USD,5505,13.02,USD,4,5109.12,USD,1531
2026-03-26,2026-03-26,B0CN7CJ61R,,,,0,0,,,0,0,USD,0,10499.28,USD,2296,9.3,USD,2,8944.41,USD,1961
2026-03-26,2026-03-26,B0CN7DM51G,,,348,0,0,,,0,0,USD,0,2947.58,USD,678,8.34,USD,2,1951.86,USD,463
2026-03-26,2026-03-26,B0CN7DWBSW,,,769,0,16.68,,,0,987.14,USD,77,9422.7,USD,735,12.82,USD,1,1089.7,USD,85
2026-03-26,2026-03-26,B0CN7DWWFP,,,444,0,0,,,0,0,USD,0,20379.63,USD,4395,59.97,USD,13,1323.93,USD,297
2026-03-26,2026-03-26,B0CN7DWWVM,,,12,0,31.5,,,0,13.36,USD,4,2497.1,USD,808,9,USD,3,1713,USD,571
2026-03-26,2026-03-26,B0CN7F4B9Z,,,228,0,0,,,0,0,USD,0,7556.89,USD,1649,13.45,USD,3,1237.68,USD,287
2026-03-26,2026-03-26,B0CN7F4PKC,,,,0,0,,,0,0,USD,0,18252.63,USD,3935,27.9,USD,6,14644.23,USD,3159
2026-03-26,2026-03-26,B0CN7FLF5T,,,180,0,3.5,,,0,13.36,USD,4,5100,USD,1530,6.34,USD,2,106.7,USD,35
2026-03-26,2026-03-26,B0CN7FQ8V5,,,,0,0,,,0,0,USD,0,1654.14,USD,549,0,USD,0,1449,USD,483
2026-03-26,2026-03-26,B0CN7FVF7W,,,,0,0,,,0,0,USD,0,31220.17,USD,5672,55.1,USD,10,30689.69,USD,5575
2026-03-26,2026-03-26,B0CN7G1D22,,,0,0,0,,,0,0,USD,0,102227.87,USD,8499,141.03,USD,12,89583.51,USD,7285
2026-03-26,2026-03-26,B0CN7GZ3PZ,,,,0,0,,,0,0,USD,0,9185.97,USD,1082,8.64,USD,1,7121.01,USD,843
2026-03-26,2026-03-26,B0CN7H8SY1,,,32,0,24.38,,,0,210.72,USD,16,5976.69,USD,475,36.82,USD,3,3604.66,USD,295
2026-03-26,2026-03-26,B0CPKGW3GZ,,,1155,0,24.42,,,0,508.32,USD,48,45941.34,USD,4374,158.54,USD,16,33078.85,USD,3159
2026-03-26,2026-03-26,B0CPKKHT8P,,,1296,0,0,,,0,0,USD,0,45990.84,USD,8930,128.53,USD,25,11224.78,USD,2153
2026-03-26,2026-03-26,B0CRSGZN8V,,,24,0,0,,,0,0,USD,0,4382.4,USD,480,0,USD,0,1250.81,USD,137
2026-03-26,2026-03-26,B0CRSNJQ1D,,,108,0,0,,,0,0,USD,0,4435.92,USD,488,0,USD,0,27.27,USD,3
2026-03-26,2026-03-26,B0CRSRW7LM,,,177,0,24.38,,,0,248,USD,16,5500.98,USD,402,24.8,USD,2,313.44,USD,22
2026-03-26,2026-03-26,B0CRSS87CF,,,,0,0,,,0,0,USD,0,1979.93,USD,747,2.28,USD,1,1979.93,USD,747
2026-03-26,2026-03-26,B0CRST49RH,,,,0,0,,,0,0,USD,0,5233.05,USD,1203,0,USD,0,5233.05,USD,1203
2026-03-26,2026-03-26,B0CRSTB7ZN,,,,0,0,,,0,0,USD,0,2884.85,USD,254,0,USD,0,1754.9,USD,161
2026-03-26,2026-03-26,B0CRSTZKQP,,,,0,0,,,0,0,USD,0,255.3,USD,23,49.15,USD,4,255.3,USD,23
2026-03-26,2026-03-26,B0CRSVHRJZ,,,4,0,0,,,0,0,USD,0,16470.94,USD,1045,47.25,USD,3,6322.93,USD,381
2026-03-26,2026-03-26,B0CRSVK7YK,,,720,0,24.58,,,0,106.2,USD,36,1271.25,USD,444,5.9,USD,2,424.95,USD,153
2026-03-26,2026-03-26,B0CRSW79S3,,,,0,0,,,0,0,USD,0,1977.93,USD,849,2.15,USD,1,1705.47,USD,735
2026-03-26,2026-03-26,B0CRSWLNGF,,,12,0,0,,,0,0,USD,0,938.87,USD,128,0,USD,0,350.75,USD,50
2026-03-26,2026-03-26,B0CRSWQDDP,,,,0,0,,,0,0,USD,0,965.95,USD,83,0,USD,0,893.05,USD,77
2026-03-26,2026-03-26,B0CRSX72PJ,,,,0,0,,,0,0,USD,0,3034.5,USD,1028,0,USD,0,942.58,USD,333
2026-03-26,2026-03-26,B0CRSX7SMP,,,,0,0,,,0,0,USD,0,1947.68,USD,158,14.8,USD,1,1947.68,USD,158
2026-03-26,2026-03-26,B0CRSX9GLW,,,,0,0,,,0,0,USD,0,29928.09,USD,1935,77.35,USD,5,24853.93,USD,1607
2026-03-26,2026-03-26,B0CRSYBT4N,,,952,0,24.3,,,0,480.48,USD,104,1094.94,USD,237,0,USD,0,0,USD,0
2026-03-26,2026-03-26,B0CRSZ5F46,,,84,0,0,,,0,0,USD,0,327.94,USD,91,3.62,USD,1,117.98,USD,33
2026-03-26,2026-03-26,B0CTVD6WHG,,,12,0,0,,,0,0,USD,0,1539.25,USD,131,0,USD,0,1092.75,USD,93
2026-03-26,2026-03-26,B0CTVJJM1S,,,,0,0,,,0,0,USD,0,4173.84,USD,204,20.46,USD,1,1902.78,USD,93
2026-03-26,2026-03-26,B0CTVLQG7M,,,24,0,24.5,,,0,34.16,USD,4,3891.16,USD,478,0,USD,0,3344.6,USD,414
2026-03-26,2026-03-26,B0CTVNF2F2,,,464,0,17.19,,,0,288,USD,32,4908.24,USD,602,66.24,USD,8,4062.24,USD,508
2026-03-26,2026-03-26,B0CV62Y5XS,,,,0,0,,,0,0,USD,0,808.86,USD,78,0,USD,0,259.25,USD,25
2026-03-26,2026-03-26,B0CV63138M,,,,0,0,,,0,0,USD,0,2375.67,USD,154,28.64,USD,2,1377.84,USD,87
2026-03-26,2026-03-26,B0CV633WZQ,,,30,0,0,,,0,0,USD,0,522.48,USD,68,0,USD,0,335.28,USD,44
2026-03-26,2026-03-26,B0CV63ZXXJ,,,396,0,0,,,0,0,USD,0,7748.82,USD,2872,5.4,USD,2,5956,USD,2208
2026-03-26,2026-03-26,B0CV644NCW,,,2094,0,17.33,,,0,15.9,USD,6,16486.2,USD,6244,41.8,USD,16,6181.55,USD,2355
2026-03-26,2026-03-26,B0CV644ND4,,,,0,0,,,0,0,USD,0,0,USD,0,1773.2,USD,260,0,USD,0
2026-03-26,2026-03-26,B0CV645STH,,,96,0,0,,,0,0,USD,0,2745.18,USD,842,0,USD,0,2724.12,USD,836
2026-03-26,2026-03-26,B0CV646DB1,,,,0,0,,,0,0,USD,0,275,USD,22,0,USD,0,275,USD,22
2026-03-26,2026-03-26,B0CV64GG57,,,512,0,24.38,,,0,129.28,USD,16,9195.04,USD,1138,0,USD,0,7845.68,USD,971
2026-03-26,2026-03-26,B0CV64MN43,,,120,0,24.58,,,0,45.12,USD,12,4583.03,USD,1218,3.77,USD,1,3215.45,USD,853
2026-03-26,2026-03-26,B0CV9BP132,,,56,0,0,,,0,0,USD,0,572.84,USD,119,0,USD,0,367.64,USD,79
2026-03-26,2026-03-26,B0CV9MJLFY,,,136,0,24.5,,,0,58.84,USD,4,3193.23,USD,234,0,USD,0,2281.21,USD,172
2026-03-26,2026-03-26,B0CV9NJ3DM,,,100,0,24.5,,,0,20.48,USD,4,643.64,USD,135,4.6,USD,1,387.6,USD,85
2026-03-26,2026-03-26,B0CV9P21LL,,,80,0,0,,,0,0,USD,0,1048.16,USD,208,10.26,USD,2,321.07,USD,63
2026-03-26,2026-03-26,B0CV9PB632,,,,0,0,,,0,0,USD,0,2044.48,USD,444,4.6,USD,1,2039.88,USD,443
2026-03-26,2026-03-26,B0D1LQFWHY,,,1328,0,20.92,,,0,29.76,USD,12,5059.02,USD,2040,17.36,USD,7,2804.88,USD,1131
2026-03-26,2026-03-26,B0D1LTYNHJ,,,1368,0,0,,,0,0,USD,0,3372.8,USD,1360,9.92,USD,4,1259.84,USD,508
2026-03-26,2026-03-26,B0D94LQ18G,,,4565,0,0,,,0,0,USD,0,18981.34,USD,5969,25.44,USD,8,193.98,USD,61
2026-03-26,2026-03-26,B0D94N5PBM,,,,0,0,,,0,0,USD,0,474.5,USD,130,0,USD,0,474.5,USD,130
2026-03-26,2026-03-26,B0D94N6DX3,,,260,0,0,,,0,0,USD,0,3264.3,USD,720,8.82,USD,2,2131.8,USD,476
2026-03-26,2026-03-26,B0D94NB6ZF,,,1428,0,0,,,0,0,USD,0,38883.45,USD,2758,70.5,USD,5,14067.45,USD,998
2026-03-26,2026-03-26,B0D94NDZ6F,,,96,0,24.5,,,0,52.8,USD,8,3106.03,USD,479,0,USD,0,1305.21,USD,206
2026-03-26,2026-03-26,B0D94NG7J5,,,2303,0,17.2,,,0,3214.8,USD,228,55018.2,USD,3902,70.5,USD,5,27424.5,USD,1945
2026-03-26,2026-03-26,B0D94NH2TP,,,3178,0,20.87,,,0,1020.8,USD,220,8389.83,USD,1808,23.21,USD,5,1091.02,USD,235
2026-03-26,2026-03-26,B0D94NKVD2,,,66,0,24.42,,,0,147.6,USD,24,2182.2,USD,383,0,USD,0,2034.6,USD,359
2026-03-26,2026-03-26,B0D94NLQWV,,,,0,0,,,0,0,USD,0,529.44,USD,48,0,USD,0,0,USD,0
2026-03-26,2026-03-26,B0D94P2YN9,,,,0,0,,,0,0,USD,0,942.84,USD,243,3.88,USD,1,7.76,USD,2
2026-03-26,2026-03-26,B0D94P6L2P,,,48,0,0,,,0,0,USD,0,12182.33,USD,1763,6.91,USD,1,9148.84,USD,1324
2026-03-26,2026-03-26,B0D94PDW22,,,,0,0,,,0,0,USD,0,7860.13,USD,751,17.03,USD,2,4915.44,USD,459
2026-03-26,2026-03-26,B0D94PFW9L,,,2555,0,24.2,,,0,958.74,USD,114,22656.82,USD,2716,50.46,USD,6,8923.29,USD,1083
2026-03-26,2026-03-26,B0D94PL6S2,,,,0,0,,,0,0,USD,0,237.16,USD,49,0,USD,0,237.16,USD,49
2026-03-26,2026-03-26,B0D94PLH9Z,,,18,0,0,,,0,0,USD,0,23.64,USD,2,0,USD,0,23.64,USD,2
2026-03-26,2026-03-26,B0D94PNMY4,,,200,0,0,,,0,0,USD,0,407.2,USD,61,12.4,USD,2,92.3,USD,14
2026-03-26,2026-03-26,B0D94PQJ6M,,,,0,0,,,0,0,USD,0,1679.94,USD,122,0,USD,0,828.42,USD,62
2026-03-26,2026-03-26,B0D94PQQK4,,,12,0,0,,,0,0,USD,0,2972.95,USD,689,0,USD,0,1337.18,USD,311
2026-03-26,2026-03-26,B0D94PQX5Z,,,,0,0,,,0,0,USD,0,677.16,USD,228,0,USD,0,641.52,USD,216
2026-03-26,2026-03-26,B0D94PS8BC,,,,0,0,,,0,0,USD,0,402.5,USD,35,0,USD,0,402.5,USD,35
2026-03-26,2026-03-26,B0D94PSCVL,,,,0,0,,,0,0,USD,0,4160.97,USD,1407,0,USD,0,4160.97,USD,1407
2026-03-26,2026-03-26,B0D94PST9Q,,,4,0,0,,,0,0,USD,0,768.35,USD,55,0,USD,0,768.35,USD,55
2026-03-26,2026-03-26,B0D94PVSYC,,,112,0,0,,,0,0,USD,0,2544.05,USD,408,12.26,USD,2,1636.32,USD,264
2026-03-26,2026-03-26,B0D94PXBBF,,,,0,0,,,0,0,USD,0,240.9,USD,66,0,USD,0,240.9,USD,66
2026-03-26,2026-03-26,B0D94PXWGZ,,,509,0,24.25,,,0,18.6,USD,4,4895.97,USD,1053,9.3,USD,2,822.57,USD,177
2026-03-26,2026-03-26,B0D94Q18B3,,,,0,0,,,0,0,USD,0,1284.88,USD,388,0,USD,0,1191.54,USD,362
2026-03-26,2026-03-26,B0D94Q59QN,,,60,0,0,,,0,0,USD,0,4681.25,USD,535,8.75,USD,1,2476.25,USD,283
2026-03-26,2026-03-26,B0D94Q7Q4J,,,,0,0,,,0,0,USD,0,0,USD,0,872.36,USD,113,0,USD,0
2026-03-26,2026-03-26,B0D94Q8C1N,,,,0,0,,,0,0,USD,0,9.9,USD,1,0,USD,0,9.9,USD,1
2026-03-26,2026-03-26,B0D94QBRYC,,,,0,0,,,0,0,USD,0,1212.2,USD,290,0,USD,0,798.38,USD,191
2026-03-26,2026-03-26,B0D94QF2NM,,,,0,0,,,0,0,USD,0,1182.94,USD,346,0,USD,0,1150.63,USD,337
2026-03-26,2026-03-26,B0D94QFZ62,,,,0,0,,,0,0,USD,0,7199.42,USD,835,0,USD,0,1807.54,USD,198
2026-03-26,2026-03-26,B0D94QKZGL,,,12,0,0,,,0,0,USD,0,704.21,USD,215,0,USD,0,330.29,USD,101
2026-03-26,2026-03-26,B0D94QPK5N,,,365,0,23.78,,,0,204.12,USD,54,373.94,USD,99,7.56,USD,2,7.28,USD,2
2026-03-26,2026-03-26,B0D94QX4SY,,,4,0,0,,,0,0,USD,0,1700.34,USD,393,0,USD,0,695.78,USD,161
2026-03-26,2026-03-26,B0D94QZPPF,,,953,0,19.21,,,0,274.08,USD,24,30674.28,USD,2686,114.2,USD,10,5470.34,USD,479
2026-03-26,2026-03-26,B0D94R47SQ,,,360,0,0,,,0,0,USD,0,12609.35,USD,1183,150.5,USD,14,7073.1,USD,668
2026-03-26,2026-03-26,B0D94RBTKT,,,,0,0,,,0,0,USD,0,2741.72,USD,200,13.93,USD,1,667.2,USD,48
2026-03-26,2026-03-26,B0D94RDFKP,,,,0,0,,,0,0,USD,0,784.6,USD,89,0,USD,0,579.64,USD,65
2026-03-26,2026-03-26,B0D94RKR1Q,,,,0,0,,,0,0,USD,0,14.52,USD,3,0,USD,0,14.52,USD,3
2026-03-26,2026-03-26,B0DB5Z7MZ8,,,622,0,22.06,,,0,465.6,USD,30,4671.52,USD,301,15.52,USD,1,155.2,USD,10
2026-03-26,2026-03-26,B0DB626ZHW,,,162,0,20.92,,,0,180.36,USD,12,6149.01,USD,421,72.24,USD,5,644.07,USD,43
2026-03-26,2026-03-26,B0DB69BC9Y,,,256,0,17,,,0,13.44,USD,2,891.3,USD,139,0,USD,0,657.48,USD,104
2026-03-26,2026-03-26,B0DCHHCNLQ,,,3,0,0,,,0,0,USD,0,355.26,USD,31,0,USD,0,11.46,USD,1
2026-03-26,2026-03-26,B0DCWD6LY3,,,,0,0,,,0,0,USD,0,7343.15,USD,2771,31.6,USD,12,6569.35,USD,2479
2026-03-26,2026-03-26,B0DCWD7VJ2,,,384,0,17.25,,,0,26.08,USD,4,221.68,USD,34,0,USD,0,6.52,USD,1
2026-03-26,2026-03-26,B0DCWDLS1V,,,4716,0,24.57,,,0,358.08,USD,96,1907.64,USD,511,18.68,USD,5,299.2,USD,80
2026-03-26,2026-03-26,B0DCWHYVWM,,,484,0,20.25,,,0,92.8,USD,20,542.89,USD,117,4.64,USD,1,0,USD,0
2026-03-26,2026-03-26,B0DCWJ5M91,,,,0,0,,,0,0,USD,0,0,USD,0,3.32,USD,1,0,USD,0
2026-03-26,2026-03-26,B0DCWM4183,,,104,0,0,,,0,0,USD,0,1560.33,USD,216,14.5,USD,2,430.5,USD,60
2026-03-26,2026-03-26,B0DCWMCHMP,,,40,0,0,,,0,0,USD,0,4283.29,USD,591,14.49,USD,2,2370,USD,327
2026-03-26,2026-03-26,B0DCWMPYV5,,,440,0,0,,,0,0,USD,0,2040.55,USD,282,21.73,USD,3,266.69,USD,37
2026-03-26,2026-03-26,B0DCWPX2ZB,,,948,0,0,,,0,0,USD,0,1674.31,USD,567,0,USD,0,884.29,USD,301
2026-03-26,2026-03-26,B0DCWRMM6R,,,108,0,0,,,0,0,USD,0,5039.52,USD,939,11.04,USD,2,2537.98,USD,485
2026-03-26,2026-03-26,B0DCWRZ424,,,212,0,0,,,0,0,USD,0,180.96,USD,39,0,USD,0,4.64,USD,1
2026-03-26,2026-03-26,B0DJBZSKFR,,,252,0,17.42,,,0,55.68,USD,12,2544.81,USD,564,0,USD,0,1091.79,USD,251
2026-03-26,2026-03-26,B0DJC112SG,,,60,0,0,,,0,0,USD,0,29893.8,USD,6452,18.12,USD,4,27006.15,USD,5831
2026-03-26,2026-03-26,B0DJC36T8Q,,,636,0,0,,,0,0,USD,0,1315.95,USD,283,4.65,USD,1,288.3,USD,62
2026-03-26,2026-03-26,B0DJC42CS5,,,108,0,0,,,0,0,USD,0,3014.47,USD,649,9.3,USD,2,143.19,USD,31
2026-03-26,2026-03-26,B0DK7VTR9L,,,240,0,0,,,0,0,USD,0,2620.7,USD,730,17.95,USD,5,25.13,USD,7
2026-03-26,2026-03-26,B0DK7VV44J,,,,0,0,,,0,0,USD,0,1620.6,USD,185,8.76,USD,1,1322.76,USD,151
2026-03-26,2026-03-26,B0DK7VX73Y,,,168,0,17.42,,,0,38.28,USD,12,6674.41,USD,2095,9.57,USD,3,4872.06,USD,1530
2026-03-26,2026-03-26,B0DK7W7HPS,,,438,0,0,,,0,0,USD,0,2501.54,USD,551,13.62,USD,3,2447.06,USD,539
2026-03-26,2026-03-26,B0DK7W7J4B,,,,0,0,,,0,0,USD,0,253,USD,46,0,USD,0,253,USD,46
2026-03-26,2026-03-26,B0DK7WF2GH,,,30,0,0,,,0,0,USD,0,741.17,USD,208,17.95,USD,5,507.82,USD,143
2026-03-26,2026-03-26,B0DK7WHGSC,,,600,0,17.33,,,0,19.2,USD,6,1602.44,USD,502,6.07,USD,2,396.04,USD,125
2026-03-26,2026-03-26,B0DK7WMQZW,,,60,0,0,,,0,0,USD,0,604.21,USD,108,0,USD,0,184.11,USD,33
2026-03-26,2026-03-26,B0DK7WNHN3,,,,0,0,,,0,0,USD,0,313.5,USD,57,0,USD,0,236.5,USD,43
2026-03-26,2026-03-26,B0DK7WPBC3,,,198,0,24.33,,,0,38.4,USD,12,1174.33,USD,371,9.6,USD,3,335.93,USD,109
2026-03-26,2026-03-26,B0DK7WRZJ5,,,66,0,0,,,0,0,USD,0,1033.92,USD,288,0,USD,0,0,USD,0
2026-03-26,2026-03-26,B0DNNG43NP,,,544,0,0,,,0,0,USD,0,2445.91,USD,860,2.99,USD,1,2350.48,USD,828
2026-03-26,2026-03-26,B0DNNG4TFQ,,,,0,0,,,0,0,USD,0,2092.09,USD,209,0,USD,0,1221.22,USD,122
2026-03-26,2026-03-26,B0DNNGCKN4,,,808,0,0,,,0,0,USD,0,1045.05,USD,385,2.99,USD,1,900.48,USD,336
2026-03-26,2026-03-26,B0DNNGD48K,,,160,0,0,,,0,0,USD,0,3531.28,USD,183,0,USD,0,3360,USD,175
2026-03-26,2026-03-26,B0DNNGKT1C,,,2464,0,0,,,0,0,USD,0,4683.75,USD,1607,14.95,USD,5,1563.82,USD,562
2026-03-26,2026-03-26,B0DNNGR95W,,,1336,0,17.46,,,0,280.8,USD,24,9315.18,USD,796,35.12,USD,3,7869.12,USD,672
2026-03-26,2026-03-26,B0DNNGW5QV,,,156,0,0,,,0,0,USD,0,17033.93,USD,1618,20.72,USD,2,1979.09,USD,182
2026-03-26,2026-03-26,B0DNNH9PY8,,,35,0,0,,,0,0,USD,0,6137.74,USD,696,0,USD,0,248.13,USD,27
2026-03-26,2026-03-26,B0DNNHC33X,,,,0,0,,,0,0,USD,0,7508.84,USD,788,0,USD,0,5520.97,USD,589
2026-03-26,2026-03-26,B0DNNHSBSN,,,136,0,0,,,0,0,USD,0,1198.92,USD,420,0,USD,0,1017.3,USD,359
2026-03-26,2026-03-26,B0DNNKJ62R,,,405,0,24,,,0,32.54,USD,2,6608.94,USD,441,30.87,USD,2,5117.11,USD,349
2026-03-26,2026-03-26,B0DSJX8N63,,,3641,0,24.58,,,0,110.16,USD,12,38663.2,USD,4211,119.39,USD,13,5716.18,USD,622
2026-03-26,2026-03-26,B0DSJX9JLL,,,,0,0,,,0,0,USD,0,209.2,USD,20,0,USD,0,209.2,USD,20
2026-03-26,2026-03-26,B0DSJY57BN,,,56,0,0,,,0,0,USD,0,2575.5,USD,201,47.32,USD,4,11.5,USD,1
2026-03-26,2026-03-26,B0DTB5JRV9,,,145,0,0,,,0,0,USD,0,5727.06,USD,1873,5.81,USD,2,94.2,USD,30
2026-03-26,2026-03-26,B0DWNHLTP3,,,32,0,0,,,0,0,USD,0,986.19,USD,213,4.63,USD,1,375.03,USD,81
2026-03-26,2026-03-26,B0DWNJ74H1,,,72,0,0,,,0,0,USD,0,69.58,USD,28,0,USD,0,61.72,USD,25
2026-03-26,2026-03-26,B0DWNJNHYN,,,720,0,0,,,0,0,USD,0,568.34,USD,362,1.57,USD,1,0,USD,0
2026-03-26,2026-03-26,B0DWNJT1JM,,,12,0,0,,,0,0,USD,0,178.62,USD,69,0,USD,0,34.52,USD,14
2026-03-26,2026-03-26,B0DWNK16RJ,,,,0,0,,,0,0,USD,0,1734.76,USD,244,0,USD,0,411.03,USD,55
2026-03-26,2026-03-26,B0DWNKBC38,,,132,0,0,,,0,0,USD,0,12590.79,USD,2306,49.14,USD,9,9762.48,USD,1788
2026-03-26,2026-03-26,B0DWNKBMHZ,,,524,0,0,,,0,0,USD,0,12002.76,USD,2598,4.62,USD,1,101.64,USD,22
2026-03-26,2026-03-26,B0DWNKWDKG,,,60,0,0,,,0,0,USD,0,1967.47,USD,361,16.38,USD,3,591.22,USD,109
2026-03-26,2026-03-26,B0DWNL9S2N,,,,0,0,,,0,0,USD,0,1609.39,USD,357,0,USD,0,1133.53,USD,254
2026-03-26,2026-03-26,B0DWNLQR7V,,,,0,0,,,0,0,USD,0,3831.94,USD,1148,3.34,USD,1,2462.54,USD,738
2026-03-26,2026-03-26,B0DWNLR37Q,,,24,0,0,,,0,0,USD,0,169.33,USD,67,0,USD,0,124.79,USD,50
2026-03-26,2026-03-26,B0DWNMPYFL,,,28,0,0,,,0,0,USD,0,5701.46,USD,409,27.88,USD,2,766.7,USD,55
2026-03-26,2026-03-26,B0DWNNQWK2,,,128,0,0,,,0,0,USD,0,1042.76,USD,398,0,USD,0,390.38,USD,149
2026-03-26,2026-03-26,B0DWNSJB7B,,,16,0,0,,,0,0,USD,0,1742.09,USD,135,0,USD,0,510.1,USD,37
2026-03-26,2026-03-26,B0DWP7MRWM,,,,0,0,,,0,0,USD,0,9962.3,USD,781,12.65,USD,1,9937,USD,779
2026-03-26,2026-03-26,B0DXQ86ZW3,,,108,0,24.58,,,0,26.64,USD,12,1586.91,USD,727,2.22,USD,1,821.01,USD,382
2026-03-26,2026-03-26,B0DXQ8HXN8,,,102,0,0,,,0,0,USD,0,2199.6,USD,564,15.6,USD,4,1743.3,USD,447
2026-03-26,2026-03-26,B0DXQ9Q2V5,,,432,0,0,,,0,0,USD,0,4995.74,USD,1298,0,USD,0,645.24,USD,168
2026-03-26,2026-03-26,B0DXQ9XTQN,,,48,0,0,,,0,0,USD,0,700.52,USD,234,0,USD,0,461.88,USD,158
2026-03-26,2026-03-26,B0DXQ9ZRMB,,,16,0,0,,,0,0,USD,0,816.56,USD,154,0,USD,0,406.36,USD,71
2026-03-26,2026-03-26,B0DXQBNY5Z,,,36,0,17.33,,,0,21.54,USD,6,743.65,USD,209,3.22,USD,1,686.21,USD,193
2026-03-26,2026-03-26,B0DXQC1HH1,,,54,0,0,,,0,0,USD,0,581.95,USD,103,0,USD,0,107.35,USD,19
2026-03-26,2026-03-26,B0DXQCJPH7,,,84,0,0,,,0,0,USD,0,7383.85,USD,1381,0,USD,0,3725.55,USD,661
2026-03-26,2026-03-26,B0DXQCVQZL,,,288,0,24.54,,,0,111.36,USD,24,2036.99,USD,439,13.92,USD,3,385.15,USD,83
2026-03-26,2026-03-26,B0DY9G36WY,,,200,0,0,,,0,0,USD,0,2416.05,USD,321,46,USD,6,78,USD,10
2026-03-26,2026-03-26,B0F2JFRNJ7,,,2268,0,24.27,,,0,1486.8,USD,180,12712.14,USD,1539,41.3,USD,5,41.3,USD,5
2026-03-26,2026-03-26,B0F2JJ3H3F,,,408,0,0,,,0,0,USD,0,3375.5,USD,2150,1.57,USD,1,1150.81,USD,733
2026-03-26,2026-03-26,B0F2JJ5KX7,,,180,0,0,,,0,0,USD,0,6878.87,USD,695,21.2,USD,2,2067,USD,195
2026-03-26,2026-03-26,B0F2JJQJP2,,,114,0,0,,,0,0,USD,0,2721.95,USD,539,5.05,USD,1,565.6,USD,112
2026-03-26,2026-03-26,B0F2JJRZ7N,,,252,0,0,,,0,0,USD,0,5444.69,USD,542,0,USD,0,1844.4,USD,174
2026-03-26,2026-03-26,B0F2JJWFWM,,,132,0,0,,,0,0,USD,0,4192.54,USD,323,0,USD,0,986.48,USD,76
2026-03-26,2026-03-26,B0F2JK7LB5,,,289,0,0,,,0,0,USD,0,2372,USD,1186,8,USD,4,0,USD,0
2026-03-26,2026-03-26,B0F2JLC66F,,,4,0,0,,,0,0,USD,0,4141.14,USD,249,31.46,USD,2,259,USD,14
2026-03-26,2026-03-26,B0FDLBLFNJ,,,,0,0,,,0,0,USD,0,4564.89,USD,1537,0,USD,0,4437.18,USD,1494
2026-03-26,2026-03-26,B0FDMQ7PQJ,,,264,0,0,,,0,0,USD,0,236.35,USD,29,8.15,USD,1,0,USD,0
2026-03-26,2026-03-26,B0FFHPNT31,,,210,0,0,,,0,0,USD,0,3982.95,USD,1503,0,USD,0,2361.15,USD,891
2026-03-26,2026-03-26,B0FFJ6S69P,,,750,0,24.42,,,0,440.64,USD,96,9703.26,USD,2114,9.18,USD,2,3538.89,USD,771
2026-03-26,2026-03-26,B0FJYMY8KT,,,420,0,17.42,,,0,53.64,USD,12,4577.28,USD,1024,0,USD,0,339.72,USD,76
2026-03-26,2026-03-26,B0FKHFY61P,,,,0,0,,,0,0,USD,0,1818.15,USD,391,0,USD,0,1660.05,USD,357
2026-03-26,2026-03-26,B0FKHG1H2W,,,192,0,0,,,0,0,USD,0,3805.67,USD,1193,12.76,USD,4,1384.46,USD,434
2026-03-26,2026-03-26,B0FKHHS6TV,,,900,0,0,,,0,0,USD,0,6570.9,USD,1470,8.94,USD,2,71.52,USD,16
2026-03-26,2026-03-26,B0FKHJ6K81,,,1231,0,17.33,,,0,22.38,USD,6,8482.02,USD,2274,11.19,USD,3,5621.11,USD,1507
2026-03-26,2026-03-26,B0FKHJ7FBB,,,,0,0,,,0,0,USD,0,18700.64,USD,2264,0,USD,0,18667.6,USD,2260
2026-03-26,2026-03-26,B0FKHJ7ZPZ,,,324,0,17.42,,,0,55.8,USD,12,3892.05,USD,837,9.3,USD,2,265.05,USD,57
2026-03-26,2026-03-26,B0FKHKDQB2,,,12,0,0,,,0,0,USD,0,1241.55,USD,267,0,USD,0,1241.55,USD,267
2026-03-26,2026-03-26,B0FKHKQLXT,,,696,0,24.42,,,0,111.6,USD,24,3850.2,USD,828,9.3,USD,2,18.6,USD,4
2026-03-26,2026-03-26,B0FKHL5Z3S,,,,0,0,,,0,0,USD,0,19460.25,USD,4185,9.3,USD,2,18483.75,USD,3975
2026-03-26,2026-03-26,B0FKHLKMY3,,,36,0,24.56,,,0,132.16,USD,16,3675.7,USD,445,24.78,USD,3,2304.54,USD,279
2026-03-26,2026-03-26,B0FKHM2XSS,,,268,0,0,,,0,0,USD,0,2376,USD,440,0,USD,0,421.2,USD,78
2026-03-26,2026-03-26,B0FKHM824G,,,48,0,0,,,0,0,USD,0,4026.9,USD,866,0,USD,0,1018.35,USD,219
2026-03-26,2026-03-26,B0FKHNTPK6,,,57,0,24.5,,,0,37.04,USD,8,1314.92,USD,284,4.63,USD,1,495.41,USD,107
2026-03-26,2026-03-26,B0FKHNVBCS,,,,0,0,,,0,0,USD,0,664.2,USD,123,0,USD,0,361.8,USD,67
2026-03-26,2026-03-26,B0FKHQGH38,,,372,0,0,,,0,0,USD,0,9704.37,USD,2171,8.94,USD,2,2431.68,USD,544
2026-03-26,2026-03-26,B0FL8YNBXC,,,,0,0,,,0,0,USD,0,4540.34,USD,574,0,USD,0,4540.34,USD,574
2026-03-26,2026-03-26,B0FMWKM6LP,,,164,0,24.5,,,0,11.4,USD,4,1330.95,USD,467,2.85,USD,1,259.35,USD,91
2026-03-26,2026-03-26,B0FMWPRWX5,,,408,0,24.67,,,0,238.08,USD,24,10247.36,USD,1033,39.68,USD,4,3958.08,USD,399
2026-03-26,2026-03-26,B0FMWXNVPY,,,,0,0,,,0,0,USD,0,2081.64,USD,166,0,USD,0,2081.64,USD,166
2026-03-26,2026-03-26,B0FMXCL5QQ,,,16,0,0,,,0,0,USD,0,1885.05,USD,177,0,USD,0,394.05,USD,37
2026-03-26,2026-03-26,B0FMXMC7LF,,,,0,0,,,0,0,USD,0,14182.63,USD,1141,12.43,USD,1,14095.62,USD,1134
2026-03-26,2026-03-26,B0FMXMGVDZ,,,4,0,0,,,0,0,USD,0,4032.68,USD,362,0,USD,0,1359.08,USD,122
2026-03-26,2026-03-26,B0FMXMXX5T,,,132,0,24.58,,,0,67.68,USD,12,3823.92,USD,678,0,USD,0,3056.88,USD,542
2026-03-26,2026-03-26,B0FMXTPN96,,,,0,0,,,0,0,USD,0,1449.6,USD,151,0,USD,0,1449.6,USD,151
2026-03-26,2026-03-26,B0FMYS7V94,,,744,0,0,,,0,0,USD,0,497.42,USD,323,0,USD,0,221.76,USD,144
2026-03-26,2026-03-26,B0FN8TXX67,,,344,0,24.5,,,0,60.4,USD,8,1472.25,USD,195,0,USD,0,1117.4,USD,148
2026-03-26,2026-03-26,B0FN91VKFJ,,,,0,0,,,0,0,USD,0,128.25,USD,45,0,USD,0,105.45,USD,37
2026-03-26,2026-03-26,B0FN92BM26,,,52,0,0,,,0,0,USD,0,1248.52,USD,182,0,USD,0,1241.66,USD,181
2026-03-26,2026-03-26,B0FN9838G2,,,,0,0,,,0,0,USD,0,13380.84,USD,4796,0,USD,0,13355.73,USD,4787
2026-03-26,2026-03-26,B0FN984LBY,,,204,0,17.42,,,0,38.4,USD,12,99.2,USD,31,0,USD,0,9.6,USD,3
2026-03-26,2026-03-26,B0FN98MSPV,,,364,0,17.5,,,0,39.28,USD,8,2400.99,USD,489,0,USD,0,873.98,USD,178
2026-03-26,2026-03-26,B0FN9BVP9K,,,429,0,0,,,0,0,USD,0,860.72,USD,203,0,USD,0,364.64,USD,86
2026-03-26,2026-03-26,B0FN9C251Z,,,136,0,17,,,0,34.2,USD,2,5181.3,USD,303,0,USD,0,4617,USD,270
2026-03-26,2026-03-26,B0FN9C6RK7,,,,0,0,,,0,0,USD,0,5730.46,USD,1583,3.62,USD,1,5187.46,USD,1433
2026-03-26,2026-03-26,B0FN9F8V1K,,,-11,0,24.25,,,0,19.64,USD,4,1777.42,USD,362,0,USD,0,574.47,USD,117
2026-03-26,2026-03-26,B0FN9FDRZC,,,1068,0,0,,,0,0,USD,0,1366.95,USD,195,7.01,USD,1,0,USD,0
2026-03-26,2026-03-26,B0FN9HMTB2,,,28,0,0,,,0,0,USD,0,1846.11,USD,177,0,USD,0,938.7,USD,90
2026-03-26,2026-03-26,B0FNBJDYGD,,,1806,0,21.73,,,0,3201.24,USD,222,30599.24,USD,2122,100.94,USD,7,9373,USD,650
2026-03-26,2026-03-26,B0FQWZNJG5,,,,0,0,,,0,0,USD,0,10696,USD,382,0,USD,0,10696,USD,382
2026-03-26,2026-03-26,B0FQWZT6QS,,,,0,0,,,0,0,USD,0,3895.36,USD,752,0,USD,0,2600.36,USD,502
2026-03-26,2026-03-26,B0FQX36R4P,,,332,0,23.69,,,0,264.32,USD,32,3799.6,USD,460,8.26,USD,1,0,USD,0
2026-03-26,2026-03-26,B0FQX61CK4,,,,0,0,,,0,0,USD,0,5104.96,USD,344,14.84,USD,1,5104.96,USD,344
2026-03-26,2026-03-26,B0FQXHDXL5,,,32,0,0,,,0,0,USD,0,3056.43,USD,221,0,USD,0,954.27,USD,69
2026-03-26,2026-03-26,B0FQXHFQFC,,,272,0,0,,,0,0,USD,0,3484.8,USD,288,0,USD,0,1621.4,USD,134
2026-03-26,2026-03-26,B0FQXL78B8,,,,0,0,,,0,0,USD,0,3185.7,USD,287,0,USD,0,0,USD,0
2026-03-26,2026-03-26,B0FQXL9MVD,,,120,0,0,,,0,0,USD,0,1902.98,USD,193,0,USD,0,9.86,USD,1
2026-03-26,2026-03-26,B0FQXM6QW3,,,30,0,24.5,,,0,24.96,USD,6,1551.68,USD,373,0,USD,0,128.96,USD,31
2026-03-26,2026-03-26,B0FQXMFMZY,,,24,0,0,,,0,0,USD,0,3282.9,USD,310,0,USD,0,2869.89,USD,271
2026-03-26,2026-03-26,B0FQXPJ784,,,,0,0,,,0,0,USD,0,1382.84,USD,382,0,USD,0,1379.22,USD,381
2026-03-26,2026-03-26,B0FQXPQSWX,,,,0,0,,,0,0,USD,0,2121,USD,300,0,USD,0,2121,USD,300
2026-03-26,2026-03-26,B0FQXS1LJX,,,92,0,17.25,,,0,42.36,USD,4,1652.04,USD,156,0,USD,0,84.72,USD,8
2026-03-26,2026-03-26,B0FQXS88P2,,,84,0,0,,,0,0,USD,0,883.28,USD,244,3.62,USD,1,745.72,USD,206
2026-03-26,2026-03-26,B0FQXSMK5T,,,417,0,0,,,0,0,USD,0,1161.6,USD,96,0,USD,0,181.5,USD,15
2026-03-26,2026-03-26,B0FQXTHNJV,,,108,0,0,,,0,0,USD,0,1872,USD,585,6.4,USD,2,1180.8,USD,369
2026-03-26,2026-03-26,B0FQXVXGDC,,,112,0,17.25,,,0,18.6,USD,4,3520.05,USD,757,0,USD,0,51.15,USD,11
2026-03-26,2026-03-26,B0FQXWXFWZ,,,1040,0,0,,,0,0,USD,0,447.6,USD,120,29.84,USD,8,0,USD,0
2026-03-26,2026-03-26,B0FQXX1RGD,,,1044,0,0,,,0,0,USD,0,5514.9,USD,1186,13.95,USD,3,51.15,USD,11
2026-03-26,2026-03-26,B0FQXZ8126,,,176,0,20.92,,,0,91.2,USD,12,9256.8,USD,1218,7.6,USD,1,38,USD,5
2026-03-26,2026-03-26,B0FQY7C3LM,,,103,0,0,,,0,0,USD,0,5259.3,USD,1410,0,USD,0,44.76,USD,12
2026-03-26,2026-03-26,B0FQYBPC1L,,,24,0,17.25,,,0,55.76,USD,4,4070.48,USD,292,27.88,USD,2,306.68,USD,22
2026-03-26,2026-03-26,B0FSG4WCH2,,,324,0,0,,,0,0,USD,0,276.36,USD,49,0,USD,0,208.68,USD,37
2026-03-26,2026-03-26,B0FSGH883W,,,,0,0,,,0,0,USD,0,2604,USD,93,0,USD,0,1372,USD,49
2026-03-26,2026-03-26,B0FSGKQLCK,,,,0,0,,,0,0,USD,0,5454.45,USD,1173,0,USD,0,525.45,USD,113
2026-03-26,2026-03-26,B0FSGMHVVB,,,,0,0,,,0,0,USD,0,4547.48,USD,1526,0,USD,0,4461.06,USD,1497
2026-03-26,2026-03-26,B0FSGN8KHC,,,95,0,0,,,0,0,USD,0,4233.3,USD,411,0,USD,0,30.9,USD,3
2026-03-26,2026-03-26,B0FSGND126,,,,0,0,,,0,0,USD,0,5095.4,USD,292,0,USD,0,0,USD,0
2026-03-26,2026-03-26,B0FSGTH8Z8,,,108,0,0,,,0,0,USD,0,1155.33,USD,389,0,USD,0,103.95,USD,35
2026-03-26,2026-03-26,B0FSGYT8XZ,,,584,0,0,,,0,0,USD,0,1501.92,USD,504,0,USD,0,771.82,USD,259
2026-03-26,2026-03-26,B0FSH2MBGN,,,608,0,0,,,0,0,USD,0,1272.46,USD,427,5.96,USD,2,539.38,USD,181
2026-03-26,2026-03-26,B0FSH2VGWZ,,,776,0,0,,,0,0,USD,0,867.18,USD,291,0,USD,0,390.38,USD,131
2026-03-26,2026-03-26,B0FSH394L9,,,,0,0,,,0,0,USD,0,9764.72,USD,658,14.84,USD,1,9497.6,USD,640
2026-03-26,2026-03-26,B0FSH3FNBB,,,,0,0,,,0,0,USD,0,2133.17,USD,269,0,USD,0,0,USD,0
2026-03-26,2026-03-26,B0FSH79D5C,,,509,0,17.25,,,0,70.48,USD,4,4739.78,USD,269,0,USD,0,528.6,USD,30
2026-03-26,2026-03-26,B0FSHD3BC1,,,,0,0,,,0,0,USD,0,2067.45,USD,537,0,USD,0,666.05,USD,173
2026-03-26,2026-03-26,B0FSHKBHSQ,,,1092,0,0,,,0,29.68,USD,2,252.28,USD,17,29.68,USD,2,0,USD,0
2026-03-26,2026-03-26,B0FSHQ3NJ8,,,72,0,0,,,0,0,USD,0,1968,USD,240,0,USD,0,213.2,USD,26
2026-03-26,2026-03-26,B0G36R2JZ8,,,,0,0,,,0,0,USD,0,2877.44,USD,281,0,USD,0,0,USD,0
2026-03-26,2026-03-26,B0G36R992W,,,193,0,0,,,0,0,USD,0,2655.21,USD,1321,4.02,USD,2,58.29,USD,29
2026-03-26,2026-03-26,B0G36RL1YG,,,,0,0,,,0,0,USD,0,2744.82,USD,299,0,USD,0,0,USD,0
2026-03-26,2026-03-26,B0G36RNZ9R,,,6,0,0,,,0,34.62,USD,6,1373.26,USD,238,0,USD,0,0,USD,0
2026-03-26,2026-03-26,B0G36RX8H8,,,1316,0,0,,,0,0,USD,0,1364.4,USD,360,15.16,USD,4,0,USD,0
2026-03-26,2026-03-26,B0G36RXVBH,,,15,0,0,,,0,0,USD,0,1071.52,USD,296,0,USD,0,0,USD,0
2026-03-26,2026-03-26,B0G36S1MC2,,,1836,0,0,,,0,0,USD,0,612.32,USD,178,0,USD,0,0,USD,0
2026-03-26,2026-03-26,B0G36T1ZY9,,,,0,0,,,0,0,USD,0,1399.16,USD,263,0,USD,0,212.8,USD,40
2026-03-26,2026-03-26,B0G36T2SYF,,,60,0,0,,,0,0,USD,0,880.59,USD,197,0,USD,0,0,USD,0
2026-03-26,2026-03-26,B0G36T6SNY,,,605,0,0,,,0,0,USD,0,1837.44,USD,522,3.52,USD,1,0,USD,0
2026-03-26,2026-03-26,B0G36TB5SJ,,,-48,0,0,,,0,0,USD,0,3243.52,USD,896,3.62,USD,1,0,USD,0
2026-03-26,2026-03-26,B0G36TDT1W,,,822,0,0,,,0,0,USD,0,890.65,USD,235,0,USD,0,0,USD,0
2026-03-26,2026-03-26,B0G36TFZJD,,,39,0,0,,,0,0,USD,0,3283.34,USD,362,0,USD,0,0,USD,0
2026-03-26,2026-03-26,B0G36TJ162,,,12,0,0,,,0,0,USD,0,1239.56,USD,233,0,USD,0,0,USD,0
2026-03-26,2026-03-26,B0G36TJTXM,,,160,0,0,,,0,0,USD,0,4162.4,USD,344,12.1,USD,1,0,USD,0
2026-03-26,2026-03-26,B0G36TNM91,,,,0,0,,,0,0,USD,0,1176.7,USD,205,0,USD,0,0,USD,0
2026-03-26,2026-03-26,B0G36TQ1VW,,,,0,0,,,0,0,USD,0,1936.14,USD,183,0,USD,0,0,USD,0
2026-03-26,2026-03-26,B0G36TXZGY,,,9,0,0,,,0,22,USD,2,2189,USD,199,0,USD,0,0,USD,0
2026-03-26,2026-03-26,B0G36V9PLG,,,5,0,0,,,0,0,USD,0,2988.86,USD,259,0,USD,0,0,USD,0
2026-03-26,2026-03-26,B0G36VD41X,,,-6,0,0,,,0,0,USD,0,1191.61,USD,203,0,USD,0,0,USD,0
2026-03-26,2026-03-26,B0G36VXNGX,,,117,0,0,,,0,0,USD,0,1231.75,USD,325,18.95,USD,5,0,USD,0
2026-03-26,2026-03-26,B0G36WHC28,,,1852,0,0,,,0,0,USD,0,1383.35,USD,365,0,USD,0,0,USD,0
2026-03-26,2026-03-26,B0G36WHH72,,,252,0,0,,,0,0,USD,0,1395.36,USD,152,0,USD,0,0,USD,0
2026-03-26,2026-03-26,B0G36WL2LN,,,73,0,0,,,0,0,USD,0,1034.67,USD,273,18.95,USD,5,0,USD,0
2026-03-26,2026-03-26,B0G36Z353F,,,97,0,0,,,0,0,USD,0,1337.87,USD,353,7.58,USD,2,0,USD,0
2026-03-26,2026-03-26,B0G61BFKYY,,,1320,0,0,,,0,0,USD,0,644.77,USD,151,0,USD,0,0,USD,0
2026-03-26,2026-03-26,B0G61GFG4R,,,2338,0,0,,,0,63.56,USD,14,440.38,USD,97,0,USD,0,0,USD,0
2026-03-26,2026-03-26,B0G61GHTKD,,,2736,0,0,,,0,0,USD,0,802.23,USD,221,29.04,USD,8,0,USD,0
2026-03-26,2026-03-26,B0G61KB2PQ,,,1920,0,0,,,0,0,USD,0,794.97,USD,219,18.15,USD,5,0,USD,0
2026-03-26,2026-03-26,B0G61PKKLZ,,,2208,0,0,,,0,0,USD,0,1553.76,USD,249,6.24,USD,1,0,USD,0
2026-03-26,2026-03-26,B0G61Q6K9B,,,428,0,0,,,0,698.28,USD,44,1110.9,USD,70,0,USD,0,0,USD,0
2026-03-26,2026-03-26,B0G62C4RTK,,,2196,0,0,,,0,0,USD,0,230.58,USD,54,0,USD,0,0,USD,0
2026-03-26,2026-03-26,B0G62CKV7P,,,5352,0,0,,,0,0,USD,0,887.84,USD,248,7.16,USD,2,0,USD,0
2026-03-26,2026-03-26,B0G62D27V8,,,5256,0,0,,,0,0,USD,0,337.33,USD,79,21.35,USD,5,0,USD,0
2026-03-26,2026-03-26,B0G62KT3JN,,,2300,0,0,,,0,311.04,USD,36,1054.08,USD,122,8.64,USD,1,0,USD,0
2026-03-26,2026-03-26,B0G62LCF5V,,,2351,0,0,,,0,0,USD,0,408.32,USD,116,3.52,USD,1,0,USD,0
2026-03-26,2026-03-26,B0G62TGVLK,,,408,0,0,,,0,0,USD,0,678.81,USD,187,25.41,USD,7,0,USD,0
2026-03-26,2026-03-26,B0GFP79MKX,,,465,0,0,,,0,0,USD,0,111.96,USD,36,0,USD,0,0,USD,0
2026-03-26,2026-03-26,B0GFP7HZKV,,,,0,0,,,0,0,USD,0,1653.9,USD,222,0,USD,0,0,USD,0
2026-03-26,2026-03-26,B0GFP7WWFH,,,,0,0,,,0,0,USD,0,1889.55,USD,221,0,USD,0,0,USD,0
2026-03-26,2026-03-26,B0GFP85F4D,,,6,0,0,,,0,0,USD,0,1180.8,USD,180,0,USD,0,0,USD,0
2026-03-26,2026-03-26,B0GFPBHGD1,,,240,0,0,,,0,0,USD,0,532.48,USD,52,0,USD,0,0,USD,0
2026-03-26,2026-03-26,B0GFPBZN2J,,,12,0,0,,,0,0,USD,0,928.77,USD,249,0,USD,0,0,USD,0
2026-03-26,2026-03-26,B0GFPDWJPJ,,,52,0,0,,,0,0,USD,0,1508,USD,208,7.25,USD,1,0,USD,0
2026-03-26,2026-03-26,B0GFPFCGYH,,,168,0,0,,,0,66,USD,12,357.5,USD,65,0,USD,0,0,USD,0
2026-03-26,2026-03-26,B0GFPFP97J,,,,0,0,,,0,0,USD,0,1471.5,USD,150,0,USD,0,0,USD,0
2026-03-26,2026-03-26,B0GFPH36YZ,,,24,0,0,,,0,0,USD,0,1718.64,USD,462,0,USD,0,0,USD,0
2026-03-26,2026-03-26,B0GFPHBW8F,,,84,0,0,,,0,0,USD,0,1381.05,USD,297,4.65,USD,1,0,USD,0
2026-03-26,2026-03-26,B0GFPJBVNS,,,1753,0,17.21,,,0,213.84,USD,72,317.79,USD,107,0,USD,0,0,USD,0
2026-03-26,2026-03-26,B0GFPJYSZY,,,1176,0,17.17,,,0,67.68,USD,24,1424.1,USD,505,2.82,USD,1,0,USD,0
2026-03-26,2026-03-26,B0GFPKK82C,,,347,0,0,,,0,0,USD,0,889.6,USD,278,0,USD,0,0,USD,0
2026-03-26,2026-03-26,B0GFPL5G1Z,,,849,0,17.33,,,0,22.38,USD,6,4285.77,USD,1149,0,USD,0,0,USD,0
2026-03-26,2026-03-26,B0GFPMLR3N,,,20,0,0,,,0,0,USD,0,1278.75,USD,275,4.65,USD,1,0,USD,0
2026-03-26,2026-03-26,B0GFPN3622,,,,0,0,,,0,0,USD,0,1616.75,USD,223,0,USD,0,0,USD,0
2026-03-26,2026-03-26,B0GFPN366L,,,,0,0,,,0,0,USD,0,2637.48,USD,709,0,USD,0,0,USD,0
2026-03-26,2026-03-26,B0GFPN631N,,,804,0,17.25,,,0,42.36,USD,4,1959.15,USD,185,0,USD,0,0,USD,0
2026-03-26,2026-03-26,B0GFPPG7BN,,,243,0,0,,,0,0,USD,0,5291,USD,286,37,USD,2,0,USD,0
2026-03-26,2026-03-26,B0GFPPJ14T,,,36,0,0,,,0,0,USD,0,1377.5,USD,190,0,USD,0,0,USD,0
2026-03-26,2026-03-26,B0GFPQHFCG,,,108,0,0,,,0,0,USD,0,1078.8,USD,290,0,USD,0,0,USD,0
2026-03-26,2026-03-26,B0GFPQKWSJ,,,115,0,0,,,0,0,USD,0,1557.75,USD,335,4.65,USD,1,0,USD,0
2026-03-26,2026-03-26,B0GFPQRSTH,,,288,0,0,,,0,120.6,USD,36,271.35,USD,81,0,USD,0,0,USD,0
2026-03-26,2026-03-26,B0GFPR245Y,,,3,0,0,,,0,0,USD,0,1384.32,USD,224,0,USD,0,0,USD,0
2026-03-26,2026-03-26,B0GFPSDX65,,,875,0,0,,,0,0,USD,0,370.09,USD,119,0,USD,0,0,USD,0
2026-03-26,2026-03-26,B0GFPSGBVC,,,60,0,0,,,0,0,USD,0,829.56,USD,223,0,USD,0,0,USD,0
2026-03-26,2026-03-26,B0GFPT19QF,,,282,0,38.25,,,0,34.48,USD,4,1887.84,USD,219,0,USD,0,0,USD,0
2026-03-26,2026-03-26,B0GFPVPPDC,,,40,0,0,,,0,29,USD,4,1435.5,USD,198,0,USD,0,0,USD,0
2026-03-26,2026-03-26,B0GFPXJ38Y,,,5,0,0,,,0,0,USD,0,1921.14,USD,234,0,USD,0,0,USD,0
2026-03-26,2026-03-26,B0GFPXSYSZ,,,1,0,0,,,0,0,USD,0,1762.35,USD,379,0,USD,0,0,USD,0
2026-03-26,2026-03-26,B0GFPYTHY9,,,5,0,0,,,0,37.4,USD,5,1832.6,USD,245,0,USD,0,0,USD,0
2026-03-26,2026-03-26,B0GFPZLRHL,,,340,0,0,,,0,0,USD,0,373.2,USD,120,0,USD,0,0,USD,0
2026-03-27,2026-03-27,B000MAIC1M,,,,0,0,,,0,0,USD,0,296.66,USD,27,0,USD,0,296.66,USD,27
2026-03-27,2026-03-27,B0034CXR6K,,,4,0,0,,,0,0,USD,0,103.77,USD,9,0,USD,0,103.77,USD,9
2026-03-27,2026-03-27,B0039YWFN4,,,,0,0,,,0,0,USD,0,0,USD,0,6.61,USD,1,0,USD,0
2026-03-27,2026-03-27,B004K9S3K6,,,,0,0,,,0,0,USD,0,716.63,USD,89,44.08,USD,6,175.27,USD,22
2026-03-27,2026-03-27,B004N0YB58,,,48,0,0,,,0,0,USD,0,246.4,USD,23,0,USD,0,43.88,USD,4
2026-03-27,2026-03-27,B00751XYN2,,,,0,0,,,0,0,USD,0,40.35,USD,5,0,USD,0,40.35,USD,5
2026-03-27,2026-03-27,B007BTTDSI,,,,0,0,,,0,0,USD,0,13686.24,USD,1929,0,USD,0,11930.52,USD,1715
2026-03-27,2026-03-27,B007MZ7VE4,,,976,0,0,,,0,0,USD,0,1957.92,USD,228,33.86,USD,4,862.98,USD,102
2026-03-27,2026-03-27,B007MZ7VHG,,,512,0,0,,,0,0,USD,0,26636.67,USD,3745,6.75,USD,1,17522.46,USD,2480
2026-03-27,2026-03-27,B009UOMMWQ,,,,0,0,,,0,0,USD,0,6020.72,USD,1292,18.64,USD,4,4110.12,USD,882
2026-03-27,2026-03-27,B009UOMNE8,,,152,0,11.75,,,0,13.12,USD,4,5447.25,USD,1661,6.56,USD,2,4486.21,USD,1368
2026-03-27,2026-03-27,B009UOMO8I,,,,0,0,,,0,0,USD,0,882.24,USD,120,0,USD,0,848.88,USD,116
2026-03-27,2026-03-27,B00D8MX6NA,,,790,0,0,,,0,0,USD,0,2552.32,USD,274,53.4,USD,6,94.76,USD,12
2026-03-27,2026-03-27,B00DTFLZK2,,,40,0,0,,,0,0,USD,0,1879.85,USD,205,9.17,USD,1,1256.29,USD,137
2026-03-27,2026-03-27,B00H3ILK92,,,,0,0,,,0,0,USD,0,85.56,USD,12,5077.73,USD,818,85.56,USD,12
2026-03-27,2026-03-27,B00HUBBDIK,,,6549,0,88,,,0,30.76,USD,4,101971.82,USD,14156,269.24,USD,36,66320.98,USD,9520
2026-03-27,2026-03-27,B00IFV83MS,,,216,0,0,,,0,0,USD,0,5524.47,USD,681,86.69,USD,11,1506.31,USD,199
2026-03-27,2026-03-27,B00JYCPRSA,,,,0,0,,,0,0,USD,0,1510.99,USD,376,0,USD,0,1502.99,USD,374
2026-03-27,2026-03-27,B00JYCPX4I,,,160,0,0,,,0,0,USD,0,1623.94,USD,196,8.34,USD,1,241.6,USD,30
2026-03-27,2026-03-27,B00JYCPX7K,,,,0,0,,,0,0,USD,0,12079.41,USD,2232,23.78,USD,4,11965.75,USD,2218
2026-03-27,2026-03-27,B00RZUV264,,,8,0,0,,,0,0,USD,0,87.56,USD,9,0,USD,0,51.56,USD,5
2026-03-27,2026-03-27,B00SM2O0M2,,,,0,0,,,0,0,USD,0,7.48,USD,1,0,USD,0,7.48,USD,1
2026-03-27,2026-03-27,B010VIPY92,,,,0,0,,,0,0,USD,0,8.23,USD,1,0,USD,0,8.23,USD,1
2026-03-27,2026-03-27,B015RW315G,,,,0,0,,,0,0,USD,0,1559.58,USD,230,0,USD,0,559.81,USD,78
2026-03-27,2026-03-27,B018BDNC3O,,,,0,0,,,0,0,USD,0,6789.16,USD,829,7.48,USD,1,6780.82,USD,828
2026-03-27,2026-03-27,B01DWIZTMK,,,5892,0,0,,,0,0,USD,0,13106.12,USD,2886,78.37,USD,17,2810.2,USD,652
2026-03-27,2026-03-27,B01H12JILG,,,28,0,0,,,0,0,USD,0,160.36,USD,12,14.58,USD,1,58.3,USD,5
2026-03-27,2026-03-27,B01H12OXQG,,,8,0,0,,,0,0,USD,0,81.48,USD,6,0,USD,0,0,USD,0
2026-03-27,2026-03-27,B01MG8UQC7,,,,0,0,,,0,0,USD,0,4497.5,USD,514,7.85,USD,1,1443.75,USD,165
2026-03-27,2026-03-27,B01N02MNVQ,,,0,0,0,,,0,0,USD,0,87602.01,USD,11269,76.8,USD,10,70533.36,USD,9122
2026-03-27,2026-03-27,B01N4SC603,,,,0,0,,,0,0,USD,0,555.06,USD,66,33.64,USD,4,555.06,USD,66
2026-03-27,2026-03-27,B01N6UHPSE,,,,0,0,,,0,0,USD,0,3040.95,USD,355,0,USD,0,2998.2,USD,350
2026-03-27,2026-03-27,B06XDGNL1G,,,,0,0,,,0,0,USD,0,8.41,USD,1,0,USD,0,8.41,USD,1
2026-03-27,2026-03-27,B06XN6CYLQ,,,,0,0,,,0,0,USD,0,503.64,USD,132,0,USD,0,401.16,USD,104
2026-03-27,2026-03-27,B06XWJ7X4Q,,,,0,0,,,0,0,USD,0,0,USD,0,153.72,USD,14,0,USD,0
2026-03-27,2026-03-27,B06XWV5X9N,,,568,0,0,,,0,0,USD,0,17544.79,USD,1259,13.97,USD,1,7640.06,USD,550
2026-03-27,2026-03-27,B073GHYJ2P,,,,0,0,,,0,0,USD,0,307.55,USD,31,0,USD,0,214.05,USD,21
2026-03-27,2026-03-27,B073GMP14X,,,,0,0,,,0,0,USD,0,11.53,USD,1,0,USD,0,11.53,USD,1
2026-03-27,2026-03-27,B073RP3K8P,,,,0,0,,,0,0,USD,0,32.61,USD,3,0,USD,0,32.61,USD,3
2026-03-27,2026-03-27,B0757SCJP1,,,12,0,0,,,0,0,USD,0,209,USD,22,0,USD,0,0,USD,0
2026-03-27,2026-03-27,B075PGHPTJ,,,,0,0,,,0,0,USD,0,24.3,USD,1,0,USD,0,24.3,USD,1
2026-03-27,2026-03-27,B075SR8ZVG,,,196,0,0,,,0,0,USD,0,7213.82,USD,967,7.46,USD,1,3200.34,USD,429
2026-03-27,2026-03-27,B075TG2Q7F,,,80,0,0,,,0,0,USD,0,936.51,USD,96,0,USD,0,0,USD,0
2026-03-27,2026-03-27,B076ZY7WDR,,,,0,0,,,0,0,USD,0,10414.29,USD,831,11.25,USD,1,1648.83,USD,132
2026-03-27,2026-03-27,B0779T7WJQ,,,60,0,0,,,0,0,USD,0,971.13,USD,100,10.01,USD,1,350.51,USD,38
2026-03-27,2026-03-27,B077B8DC2W,,,1778,0,0,,,0,0,USD,0,9356.56,USD,809,23.14,USD,2,507.89,USD,44
2026-03-27,2026-03-27,B077B919QT,,,32,0,0,,,0,0,USD,0,1830.36,USD,165,0,USD,0,366.27,USD,36
2026-03-27,2026-03-27,B078TSRN4X,,,,0,0,,,0,0,USD,0,1005.12,USD,103,0,USD,0,78.08,USD,8
2026-03-27,2026-03-27,B079DDJPZS,,,1440,0,0,,,0,0,USD,0,2100.22,USD,420,0,USD,0,831.63,USD,176
2026-03-27,2026-03-27,B079DDNN3K,,,1928,0,0,,,0,0,USD,0,3504.69,USD,685,10.92,USD,2,1990.23,USD,407
2026-03-27,2026-03-27,B079DF63FW,,,2201,0,0,,,0,0,USD,0,5599.86,USD,1393,12.06,USD,3,36.18,USD,9
2026-03-27,2026-03-27,B079PTDHRL,,,,0,0,,,0,0,USD,0,45,USD,5,0,USD,0,45,USD,5
2026-03-27,2026-03-27,B079PXH2JV,,,12,0,0,,,0,0,USD,0,10.25,USD,1,0,USD,0,10.25,USD,1
2026-03-27,2026-03-27,B079PYXHZM,,,,0,0,,,0,0,USD,0,256.25,USD,25,0,USD,0,246,USD,24
2026-03-27,2026-03-27,B079Q19YV2,,,,0,0,,,0,0,USD,0,11.66,USD,1,0,USD,0,11.66,USD,1
2026-03-27,2026-03-27,B079QB84LZ,,,,0,0,,,0,0,USD,0,48.75,USD,5,0,USD,0,48.75,USD,5
2026-03-27,2026-03-27,B079QBGJ3J,,,,0,0,,,0,0,USD,0,23.25,USD,3,0,USD,0,23.25,USD,3
2026-03-27,2026-03-27,B07B3VMB75,,,,0,0,,,0,0,USD,0,2.85,USD,1,71.25,USD,25,2.85,USD,1
2026-03-27,2026-03-27,B07B3WP8RR,,,,0,0,,,0,0,USD,0,154.31,USD,55,0,USD,0,154.31,USD,55
2026-03-27,2026-03-27,B07B41TPFM,,,,0,0,,,0,0,USD,0,13576.36,USD,697,17.5,USD,1,8503.76,USD,437
2026-03-27,2026-03-27,B07CZDPPVJ,,,72,0,0,,,0,0,USD,0,1033.83,USD,288,7.2,USD,2,519.03,USD,145
2026-03-27,2026-03-27,B07CZLJ4P3,,,,0,0,,,0,0,USD,0,282.96,USD,72,0,USD,0,282.96,USD,72
2026-03-27,2026-03-27,B07D43N9HZ,,,,0,0,,,0,0,USD,0,27,USD,4,0,USD,0,27,USD,4
2026-03-27,2026-03-27,B07DQ5D9F9,,,135,0,0,,,0,0,USD,0,5212.49,USD,513,0,USD,0,3518.09,USD,353
2026-03-27,2026-03-27,B07DQFZWCL,,,12,0,0,,,0,0,USD,0,6573.95,USD,514,26.1,USD,2,1406.53,USD,110
2026-03-27,2026-03-27,B07FZPJ18V,,,1590,0,0,,,0,0,USD,0,8963.43,USD,2482,17.76,USD,5,3098.43,USD,849
2026-03-27,2026-03-27,B07G7THY1T,,,,0,0,,,0,0,USD,0,6.89,USD,1,0,USD,0,6.89,USD,1
2026-03-27,2026-03-27,B07G7TSMWX,,,,0,0,,,0,0,USD,0,65.28,USD,8,9.09,USD,1,65.28,USD,8
2026-03-27,2026-03-27,B07G7XSTFS,,,,0,0,,,0,0,USD,0,34,USD,4,0,USD,0,34,USD,4
2026-03-27,2026-03-27,B07H78QP9M,,,,0,0,,,0,0,USD,0,24.85,USD,7,0,USD,0,24.85,USD,7
2026-03-27,2026-03-27,B07HHQHHCY,,,,0,0,,,0,0,USD,0,3865.35,USD,365,29.59,USD,3,84.72,USD,8
2026-03-27,2026-03-27,B07HHTYXDB,,,,0,0,,,0,0,USD,0,121,USD,10,0,USD,0,121,USD,10
2026-03-27,2026-03-27,B07HSFQMN7,,,,0,0,,,0,0,USD,0,691.24,USD,109,0,USD,0,512.5,USD,82
2026-03-27,2026-03-27,B07HSFZ3SG,,,,0,0,,,0,0,USD,0,82.92,USD,17,0,USD,0,82.92,USD,17
2026-03-27,2026-03-27,B07HSJ5R7V,,,2952,0,11.5,,,0,41.68,USD,8,594.03,USD,118,4.38,USD,1,5.21,USD,1
2026-03-27,2026-03-27,B07HSJNSJR,,,11468,0,0,,,0,0,USD,0,3331.39,USD,913,7.08,USD,2,1717.82,USD,480
2026-03-27,2026-03-27,B07HSN3YJL,,,2736,0,11.75,,,0,20.36,USD,4,4642.64,USD,1008,13.21,USD,3,1819.82,USD,394
2026-03-27,2026-03-27,B07J9Q4XV9,,,,0,0,,,0,0,USD,0,8376.07,USD,493,0,USD,0,4519.34,USD,266
2026-03-27,2026-03-27,B07KCXK3G2,,,,0,0,,,0,0,USD,0,2.61,USD,1,0,USD,0,2.61,USD,1
2026-03-27,2026-03-27,B07KCXPL6V,,,192,0,0,,,0,0,USD,0,283.24,USD,69,11.91,USD,3,69.87,USD,17
2026-03-27,2026-03-27,B07KD24XBS,,,168,0,0,,,0,0,USD,0,755.54,USD,201,7.38,USD,2,662.06,USD,178
2026-03-27,2026-03-27,B07KD4TX3F,,,,0,0,,,0,0,USD,0,0,USD,0,0,USD,0,0,USD,0
2026-03-27,2026-03-27,B07KK6T42T,,,,0,0,,,0,0,USD,0,95.97,USD,21,0,USD,0,13.71,USD,3
2026-03-27,2026-03-27,B07KK79D6D,,,,0,0,,,0,0,USD,0,93.71,USD,11,0,USD,0,93.71,USD,11
2026-03-27,2026-03-27,B07KY1WY5P,,,,0,0,,,0,0,USD,0,38.25,USD,3,0,USD,0,38.25,USD,3
2026-03-27,2026-03-27,B07MG5YVJX,,,,0,0,,,0,0,USD,0,25,USD,2,0,USD,0,25,USD,2
2026-03-27,2026-03-27,B07N13SJQB,,,26,0,0,,,0,0,USD,0,4100.4,USD,402,10.2,USD,1,2427.6,USD,238
2026-03-27,2026-03-27,B07N7ZB2X1,,,2731,0,0,,,0,0,USD,0,3931.44,USD,444,8.42,USD,1,2383.74,USD,279
2026-03-27,2026-03-27,B07N7ZQX9M,,,,0,0,,,0,0,USD,0,1806.25,USD,147,12.5,USD,1,1793.75,USD,146
2026-03-27,2026-03-27,B07NC89LMZ,,,,0,0,,,0,0,USD,0,36.25,USD,5,0,USD,0,36.25,USD,5
2026-03-27,2026-03-27,B07ND5CJP2,,,,0,0,,,0,0,USD,0,16.4,USD,1,0,USD,0,16.4,USD,1
2026-03-27,2026-03-27,B07NDHMKSD,,,,0,0,,,0,0,USD,0,18152.72,USD,2758,0,USD,0,18088.02,USD,2748
2026-03-27,2026-03-27,B07NDHQZ96,,,,0,0,,,0,0,USD,0,1310.28,USD,202,0,USD,0,1297.86,USD,200
2026-03-27,2026-03-27,B07NRFGZG4,,,,0,0,,,0,0,USD,0,8.52,USD,3,0,USD,0,8.52,USD,3
2026-03-27,2026-03-27,B07P928YLJ,,,,0,0,,,0,0,USD,0,7.14,USD,1,0,USD,0,7.14,USD,1
2026-03-27,2026-03-27,B07PDJ6Z9L,,,120,0,0,,,0,0,USD,0,13250.25,USD,2541,42.36,USD,8,11620.89,USD,2249
2026-03-27,2026-03-27,B07PFG1RVP,,,,0,0,,,0,0,USD,0,0,USD,0,5.18,USD,2,0,USD,0
2026-03-27,2026-03-27,B07PP8CLLB,,,36,0,0,,,0,0,USD,0,392.92,USD,47,0,USD,0,0,USD,0
2026-03-27,2026-03-27,B07PPD8Q8V,,,182,0,0,,,0,0,USD,0,36457.89,USD,4101,26.67,USD,3,6898.64,USD,776
2026-03-27,2026-03-27,B07PQHZF2Y,,,63,0,0,,,0,0,USD,0,397.42,USD,31,11.5,USD,1,0,USD,0
2026-03-27,2026-03-27,B07QB9MX8P,,,444,0,0,,,0,0,USD,0,12504.85,USD,2316,37.87,USD,7,1770.5,USD,330
2026-03-27,2026-03-27,B07QGH299S,,,,0,0,,,0,0,USD,0,17.25,USD,3,0,USD,0,17.25,USD,3
2026-03-27,2026-03-27,B07QGH4DVH,,,454,0,0,,,0,0,USD,0,9317.1,USD,2389,7.8,USD,2,331.5,USD,85
2026-03-27,2026-03-27,B07QSCH73L,,,,0,0,,,0,0,USD,0,0,USD,0,191.52,USD,24,0,USD,0
2026-03-27,2026-03-27,B07R9PTGXN,,,884,0,0,,,0,0,USD,0,365.29,USD,43,0,USD,0,140.65,USD,17
2026-03-27,2026-03-27,B07V2LTV4R,,,,0,0,,,0,0,USD,0,3420.73,USD,305,0,USD,0,1718.33,USD,145
2026-03-27,2026-03-27,B07V5TGM2Q,,,348,0,0,,,0,0,USD,0,5097.36,USD,1626,12.57,USD,4,1416.06,USD,444
2026-03-27,2026-03-27,B07VKPJ87J,,,,0,0,,,0,0,USD,0,4718.53,USD,305,0,USD,0,1594.46,USD,98
2026-03-27,2026-03-27,B07VVDXJ98,,,,0,0,,,0,0,USD,0,218.5,USD,23,0,USD,0,218.5,USD,23
2026-03-27,2026-03-27,B07VZNYQGN,,,308,0,11.17,,,0,154.44,USD,12,5173.75,USD,402,64.35,USD,5,296.02,USD,23
2026-03-27,2026-03-27,B07VZPCHCV,,,,0,0,,,0,0,USD,0,1439.92,USD,123,0,USD,0,1148.74,USD,100
2026-03-27,2026-03-27,B07WZW46JX,,,864,0,0,,,0,0,USD,0,31497.84,USD,2836,131.16,USD,12,6967.12,USD,630
2026-03-27,2026-03-27,B07XZW9ZBM,,,,0,0,,,0,0,USD,0,,,,,,,,,
2026-03-27,2026-03-27,B07XZWFKMB,,,,0,0,,,0,0,USD,0,0,USD,0,25.95,USD,5,0,USD,0
2026-03-27,2026-03-27,B07XZX6HXF,,,258,0,0,,,0,0,USD,0,944,USD,160,0,USD,0,177,USD,30
2026-03-27,2026-03-27,B07ZK4RFHD,,,2260,0,11.25,,,0,18.72,USD,4,1838.76,USD,393,9.36,USD,2,1763.88,USD,377
2026-03-27,2026-03-27,B07ZK55B22,,,,0,0,,,0,0,USD,0,14.68,USD,4,0,USD,0,14.68,USD,4
2026-03-27,2026-03-27,B07ZK55SVC,,,228,0,0,,,0,0,USD,0,3178.7,USD,190,65.19,USD,4,117.11,USD,7
2026-03-27,2026-03-27,B07ZK55T38,,,398,0,0,,,0,0,USD,0,7757.16,USD,1356,17.43,USD,3,1329.69,USD,249
2026-03-27,2026-03-27,B07ZK596HV,,,39,0,0,,,0,0,USD,0,2132.2,USD,315,0,USD,0,915,USD,136
2026-03-27,2026-03-27,B07ZWDGT79,,,420,0,0,,,0,0,USD,0,5101.35,USD,479,10.65,USD,1,947.85,USD,89
2026-03-27,2026-03-27,B0849HCYJ6,,,,0,0,,,0,0,USD,0,8507.17,USD,813,10.73,USD,1,609.14,USD,58
2026-03-27,2026-03-27,B084C5XNYT,,,,0,0,,,0,0,USD,0,80.25,USD,15,5.35,USD,1,80.25,USD,15
2026-03-27,2026-03-27,B084DC7GR8,,,27,0,0,,,0,0,USD,0,2172.9,USD,229,19.08,USD,2,1772.22,USD,187
2026-03-27,2026-03-27,B084DCY6Q6,,,,0,0,,,0,0,USD,0,28.14,USD,2,0,USD,0,28.14,USD,2
2026-03-27,2026-03-27,B084DZ44KR,,,,0,0,,,0,0,USD,0,197.37,USD,18,0,USD,0,86.77,USD,8
2026-03-27,2026-03-27,B084DZ9YKG,,,16,0,0,,,0,0,USD,0,1918.32,USD,150,0,USD,0,1154.56,USD,88
2026-03-27,2026-03-27,B084DZC34B,,,84,0,0,,,0,0,USD,0,2516.5,USD,252,0,USD,0,1926.62,USD,194
2026-03-27,2026-03-27,B084DZFGZ6,,,1472,0,0,,,0,0,USD,0,4853.5,USD,547,106.68,USD,12,1688.89,USD,191
2026-03-27,2026-03-27,B085H7SDHD,,,,0,0,,,0,0,USD,0,247.51,USD,51,0,USD,0,247.51,USD,51
2026-03-27,2026-03-27,B0866QQHH8,,,12,0,0,,,0,0,USD,0,239.58,USD,52,0,USD,0,76.23,USD,19
2026-03-27,2026-03-27,B0866S52S1,,,,0,0,,,0,0,USD,0,5.2,USD,1,0,USD,0,5.2,USD,1
2026-03-27,2026-03-27,B086W79KK2,,,66,0,0,,,0,0,USD,0,,,,,,,,,
2026-03-27,2026-03-27,B0875Z9QNV,,,16,0,0,,,0,0,USD,0,369.6,USD,36,10.5,USD,1,107.1,USD,11
2026-03-27,2026-03-27,B087F2K7NY,,,,0,0,,,0,0,USD,0,22.56,USD,3,0,USD,0,22.56,USD,3
2026-03-27,2026-03-27,B087F3B6NN,,,,0,0,,,0,0,USD,0,24.7,USD,6,0,USD,0,24.7,USD,6
2026-03-27,2026-03-27,B0888XDN6R,,,,0,0,,,0,0,USD,0,15.45,USD,3,0,USD,0,15.45,USD,3
2026-03-27,2026-03-27,B0888XPMP5,,,,0,0,,,0,0,USD,0,24.66,USD,6,0,USD,0,24.66,USD,6
2026-03-27,2026-03-27,B0889H4NWW,,,,0,0,,,0,0,USD,0,1065.9,USD,190,28.05,USD,5,1065.9,USD,190
2026-03-27,2026-03-27,B089DN6RSH,,,102,0,0,,,0,0,USD,0,3166.65,USD,408,8.08,USD,1,1425.61,USD,190
2026-03-27,2026-03-27,B08B42NJG2,,,,0,0,,,0,0,USD,0,0,USD,0,37.05,USD,3,0,USD,0
2026-03-27,2026-03-27,B08B42P9JQ,,,48,0,0,,,0,0,USD,0,1074.71,USD,119,18.22,USD,2,692.09,USD,77
2026-03-27,2026-03-27,B08B43Y7DK,,,88,0,0,,,0,0,USD,0,1336.68,USD,141,0,USD,0,1336.68,USD,141
2026-03-27,2026-03-27,B08CJZBFG6,,,30,0,0,,,0,0,USD,0,168.05,USD,25,0,USD,0,35.75,USD,5
2026-03-27,2026-03-27,B08CK2F4SL,,,,0,0,,,0,0,USD,0,1931.07,USD,565,0,USD,0,1665.89,USD,488
2026-03-27,2026-03-27,B08CK3G9NT,,,4,0,0,,,0,0,USD,0,77.08,USD,9,0,USD,0,39.48,USD,5
2026-03-27,2026-03-27,B08CK5L53L,,,,0,0,,,0,0,USD,0,1892.24,USD,562,0,USD,0,1864.68,USD,554
2026-03-27,2026-03-27,B08CWRNH2J,,,12,0,0,,,0,0,USD,0,79.2,USD,16,0,USD,0,0,USD,0
2026-03-27,2026-03-27,B08CWXNRGR,,,96,0,0,,,0,0,USD,0,1545.79,USD,160,0,USD,0,1263.31,USD,129
2026-03-27,2026-03-27,B08CX14HLP,,,412,0,0,,,0,0,USD,0,13815.67,USD,1384,0,USD,0,3758.28,USD,388
2026-03-27,2026-03-27,B08CX5168M,,,,0,0,,,0,0,USD,0,473.97,USD,55,0,USD,0,473.97,USD,55
2026-03-27,2026-03-27,B08CX9FXD2,,,164,0,0,,,0,0,USD,0,745.93,USD,97,7.69,USD,1,361.43,USD,47
2026-03-27,2026-03-27,B08CXCHTB8,,,,0,0,,,0,0,USD,0,813.46,USD,70,0,USD,0,813.46,USD,70
2026-03-27,2026-03-27,B08FPBY5P2,,,152,0,0,,,0,0,USD,0,26638.94,USD,4262,6.25,USD,1,26600,USD,4256
2026-03-27,2026-03-27,B08FPMQXZQ,,,,0,0,,,0,0,USD,0,665.58,USD,46,0,USD,0,448.1,USD,30
2026-03-27,2026-03-27,B08FPS18T7,,,24,0,0,,,0,0,USD,0,,,,,,,,,
2026-03-27,2026-03-27,B08FPTD1CB,,,,0,0,,,0,0,USD,0,1139.83,USD,157,0,USD,0,707.56,USD,98
2026-03-27,2026-03-27,B08FPTFQYS,,,,0,0,,,0,0,USD,0,24.18,USD,3,0,USD,0,24.18,USD,3
2026-03-27,2026-03-27,B08FZ11BZL,,,220,0,0,,,0,0,USD,0,2197.72,USD,167,0,USD,0,1789.76,USD,136
2026-03-27,2026-03-27,B08GTQQTP8,,,,0,0,,,0,0,USD,0,10,USD,1,0,USD,0,10,USD,1
2026-03-27,2026-03-27,B08GTTT2K1,,,792,0,0,,,0,0,USD,0,7423.26,USD,1977,22.18,USD,6,4795.02,USD,1278
2026-03-27,2026-03-27,B08GV37D8S,,,68,0,0,,,0,0,USD,0,65.6,USD,10,6.56,USD,1,6.56,USD,1
2026-03-27,2026-03-27,B08GYLV34K,,,5,0,0,,,0,0,USD,0,17095.01,USD,2065,25.35,USD,3,7472.61,USD,885
2026-03-27,2026-03-27,B08KKCPW4P,,,1,0,0,,,0,0,USD,0,833.37,USD,197,4.57,USD,1,604.87,USD,147
2026-03-27,2026-03-27,B08L71ZHJ3,,,2,0,0,,,0,0,USD,0,175.48,USD,37,0,USD,0,130.12,USD,28
2026-03-27,2026-03-27,B08L72XJHR,,,,0,0,,,0,0,USD,0,87.76,USD,8,0,USD,0,87.76,USD,8
2026-03-27,2026-03-27,B08L75B7FN,,,,0,0,,,0,0,USD,0,20.16,USD,4,0,USD,0,20.16,USD,4
2026-03-27,2026-03-27,B08LDZSZV6,,,,0,0,,,0,0,USD,0,,,,,,,,,
2026-03-27,2026-03-27,B08LF3MRPH,,,306,0,11.65,,,0,240.48,USD,16,2439.09,USD,166,0,USD,0,339.75,USD,26
2026-03-27,2026-03-27,B08LF4MJ43,,,1358,0,11,,,0,12.79,USD,1,3167.04,USD,246,38.37,USD,3,429.98,USD,32
2026-03-27,2026-03-27,B08M95FCZK,,,,0,0,,,0,0,USD,0,353.99,USD,50,0,USD,0,353.99,USD,50
2026-03-27,2026-03-27,B08M9M9R5X,,,30,0,0,,,0,0,USD,0,826.2,USD,60,0,USD,0,454.41,USD,33
2026-03-27,2026-03-27,B08M9S4PMZ,,,,0,0,,,0,0,USD,0,6.75,USD,1,0,USD,0,6.75,USD,1
2026-03-27,2026-03-27,B08NDXWPPW,,,283,0,0,,,0,0,USD,0,10254.76,USD,1168,17.84,USD,2,1721.56,USD,193
2026-03-27,2026-03-27,B08PN58K6M,,,770,0,0,,,0,0,USD,0,7530.7,USD,2162,21.54,USD,6,4414.95,USD,1294
2026-03-27,2026-03-27,B08PQ87PMF,,,,0,0,,,0,0,USD,0,9.4,USD,1,0,USD,0,9.4,USD,1
2026-03-27,2026-03-27,B08QQL8KZG,,,168,0,0,,,0,0,USD,0,3235.82,USD,497,6.19,USD,1,2319.45,USD,364
2026-03-27,2026-03-27,B08QQRFQNC,,,6262,0,0,,,0,0,USD,0,892.8,USD,160,94.86,USD,17,0,USD,0
2026-03-27,2026-03-27,B08QR6G349,,,-95,0,0,,,0,0,USD,0,8263.94,USD,1532,104.28,USD,19,4292.28,USD,787
2026-03-27,2026-03-27,B08QR6GSY8,,,306,0,0,,,0,0,USD,0,4282.29,USD,1222,7.22,USD,2,3011.57,USD,870
2026-03-27,2026-03-27,B08QR7L5RW,,,,0,0,,,0,0,USD,0,47.71,USD,13,0,USD,0,40.37,USD,11
2026-03-27,2026-03-27,B08QRCDL4N,,,174,0,0,,,0,0,USD,0,689.51,USD,191,0,USD,0,270.75,USD,75
2026-03-27,2026-03-27,B08QVB5H5Z,,,,0,0,,,0,0,USD,0,341.28,USD,96,0,USD,0,292.92,USD,83
2026-03-27,2026-03-27,B08R5J8Z28,,,,0,0,,,0,0,USD,0,176.09,USD,40,0,USD,0,55.67,USD,13
2026-03-27,2026-03-27,B08RRWMYVF,,,,0,0,,,0,0,USD,0,0,USD,0,37.44,USD,12,0,USD,0
2026-03-27,2026-03-27,B08RRYYGC2,,,,0,0,,,0,0,USD,0,0,USD,0,3.12,USD,1,0,USD,0
2026-03-27,2026-03-27,B08SYYQ9R9,,,,0,0,,,0,0,USD,0,0,USD,0,92.24,USD,4,0,USD,0
2026-03-27,2026-03-27,B08WYQFF3M,,,,0,0,,,0,0,USD,0,5.58,USD,1,0,USD,0,5.58,USD,1
2026-03-27,2026-03-27,B091YDV22K,,,102,0,18,,,0,17.47,USD,1,9974.1,USD,571,104.84,USD,6,3213.19,USD,184
2026-03-27,2026-03-27,B0932TB3Z6,,,780,0,0,,,0,0,USD,0,10337.8,USD,687,15.05,USD,1,58.65,USD,4
2026-03-27,2026-03-27,B093MTGKXC,,,,0,0,,,0,0,USD,0,2836.71,USD,337,0,USD,0,1363.75,USD,159
2026-03-27,2026-03-27,B094PHGQ1G,,,,0,0,,,0,0,USD,0,917,USD,131,7,USD,1,427,USD,61
2026-03-27,2026-03-27,B097WQ7ZK3,,,,0,0,,,0,0,USD,0,5.55,USD,1,0,USD,0,5.55,USD,1
2026-03-27,2026-03-27,B097WZB6NW,,,,0,0,,,0,0,USD,0,42.9,USD,6,0,USD,0,42.9,USD,6
2026-03-27,2026-03-27,B0992QXNP6,,,,0,0,,,0,0,USD,0,228,USD,12,0,USD,0,228,USD,12
2026-03-27,2026-03-27,B0992V3RFP,,,,0,0,,,0,0,USD,0,,,,,,,,,
2026-03-27,2026-03-27,B099DSPZ99,,,,0,0,,,0,0,USD,0,2568.78,USD,207,0,USD,0,2568.78,USD,207
2026-03-27,2026-03-27,B099NXFTK2,,,,0,0,,,0,0,USD,0,169.8,USD,8,0,USD,0,169.8,USD,8
2026-03-27,2026-03-27,B099VXHYMC,,,,0,0,,,0,0,USD,0,918.66,USD,78,11.95,USD,1,918.66,USD,78
2026-03-27,2026-03-27,B09CQYL1J9,,,,0,0,,,0,0,USD,0,1032.41,USD,77,0,USD,0,1032.41,USD,77
2026-03-27,2026-03-27,B09CR5RX65,,,,0,0,,,0,0,USD,0,7056.08,USD,787,26.02,USD,3,3371.72,USD,369
2026-03-27,2026-03-27,B09CR6BDW3,,,,0,0,,,0,0,USD,0,234.99,USD,23,0,USD,0,47.28,USD,4
2026-03-27,2026-03-27,B09CR6YVHS,,,,0,0,,,0,0,USD,0,46.14,USD,6,0,USD,0,46.14,USD,6
2026-03-27,2026-03-27,B09CR7N6X7,,,,0,0,,,0,0,USD,0,15,USD,2,0,USD,0,15,USD,2
2026-03-27,2026-03-27,B09CR89VFM,,,,0,0,,,0,0,USD,0,84,USD,10,0,USD,0,84,USD,10
2026-03-27,2026-03-27,B09CR8L4CG,,,,0,0,,,0,0,USD,0,615.78,USD,81,7.69,USD,1,615.78,USD,81
2026-03-27,2026-03-27,B09CR9G46J,,,54,0,0,,,0,0,USD,0,1390.99,USD,142,0,USD,0,1390.99,USD,142
2026-03-27,2026-03-27,B09CRCN6PJ,,,,0,0,,,0,0,USD,0,311.15,USD,33,0,USD,0,122.15,USD,13
2026-03-27,2026-03-27,B09CRDVHZ6,,,6,0,0,,,0,0,USD,0,2182.05,USD,247,26.58,USD,3,1083.41,USD,123
2026-03-27,2026-03-27,B09CRJYDM4,,,,0,0,,,0,0,USD,0,345.36,USD,24,0,USD,0,0,USD,0
2026-03-27,2026-03-27,B09CRJYF7N,,,36,0,0,,,0,0,USD,0,1760.66,USD,106,16.61,USD,1,16.61,USD,1
2026-03-27,2026-03-27,B09DF5T7VC,,,,0,0,,,0,0,USD,0,31.35,USD,3,0,USD,0,0,USD,0
2026-03-27,2026-03-27,B09FG6YKK1,,,,0,0,,,0,0,USD,0,1298.31,USD,233,6.45,USD,1,1270.56,USD,228
2026-03-27,2026-03-27,B09FG6YP43,,,,0,0,,,0,0,USD,0,104.04,USD,18,0,USD,0,104.04,USD,18
2026-03-27,2026-03-27,B09FG78TY3,,,,0,0,,,0,0,USD,0,0,USD,0,22.5,USD,3,0,USD,0
2026-03-27,2026-03-27,B09FG7H2P6,,,,0,0,,,0,0,USD,0,2490.63,USD,324,0,USD,0,2351.85,USD,306
2026-03-27,2026-03-27,B09FG7PLZK,,,,0,0,,,0,0,USD,0,673.66,USD,63,0,USD,0,673.66,USD,63
2026-03-27,2026-03-27,B09FG7VZ6B,,,4,0,0,,,0,0,USD,0,275,USD,20,0,USD,0,0,USD,0
2026-03-27,2026-03-27,B09FG815Q8,,,,0,0,,,0,0,USD,0,44.6,USD,4,11.15,USD,1,44.6,USD,4
2026-03-27,2026-03-27,B09FG8179S,,,16,0,0,,,0,0,USD,0,686.88,USD,53,0,USD,0,609.12,USD,47
2026-03-27,2026-03-27,B09FG88MKW,,,384,0,0,,,0,0,USD,0,9714.64,USD,1313,45.48,USD,6,3366.5,USD,475
2026-03-27,2026-03-27,B09FG8LF87,,,,0,0,,,0,0,USD,0,8.1,USD,1,0,USD,0,8.1,USD,1
2026-03-27,2026-03-27,B09FG92BCJ,,,48,0,0,,,0,0,USD,0,0,USD,0,10.14,USD,1,0,USD,0
2026-03-27,2026-03-27,B09FG9GV5X,,,,0,0,,,0,0,USD,0,9.8,USD,1,0,USD,0,9.8,USD,1
2026-03-27,2026-03-27,B09FGB8TQ4,,,,0,0,,,0,0,USD,0,85.76,USD,9,0,USD,0,85.76,USD,9
2026-03-27,2026-03-27,B09GPW9NXL,,,236,0,0,,,0,0,USD,0,6.8,USD,1,0,USD,0,6.8,USD,1
2026-03-27,2026-03-27,B09GPYFHY7,,,8,0,0,,,0,0,USD,0,8459.12,USD,628,13.68,USD,1,1641.6,USD,120
2026-03-27,2026-03-27,B09GPYH76H,,,365,0,0,,,0,0,USD,0,9204.36,USD,1101,24.22,USD,3,1680.36,USD,201
2026-03-27,2026-03-27,B09JBDPC2P,,,12,0,0,,,0,0,USD,0,1659.8,USD,172,9.65,USD,1,482.5,USD,50
2026-03-27,2026-03-27,B09JBDTVK5,,,,0,0,,,0,0,USD,0,116.73,USD,14,0,USD,0,40.05,USD,5
2026-03-27,2026-03-27,B09JBDXBQF,,,,0,0,,,0,0,USD,0,1442.33,USD,109,0,USD,0,1442.33,USD,109
2026-03-27,2026-03-27,B09JBFTDN8,,,,0,0,,,0,0,USD,0,1304.13,USD,111,0,USD,0,800.76,USD,69
2026-03-27,2026-03-27,B09JBHSP2P,,,,0,0,,,0,0,USD,0,13.5,USD,2,0,USD,0,13.5,USD,2
2026-03-27,2026-03-27,B09JBNHVFZ,,,6361,0,0,,,0,0,USD,0,109096,USD,10490,426.4,USD,41,19229.6,USD,1849
2026-03-27,2026-03-27,B09JBY6LML,,,12,0,0,,,0,0,USD,0,102.08,USD,16,6.38,USD,1,0,USD,0
2026-03-27,2026-03-27,B09LC5T863,,,,0,0,,,0,0,USD,0,0,USD,0,224.45,USD,54,0,USD,0
2026-03-27,2026-03-27,B09LCDRS5G,,,,0,0,,,0,0,USD,0,2562.5,USD,288,0,USD,0,1388.42,USD,153
2026-03-27,2026-03-27,B09LCF8RNW,,,,0,0,,,0,0,USD,0,512.45,USD,37,0,USD,0,512.45,USD,37
2026-03-27,2026-03-27,B09LCJZPRS,,,,0,0,,,0,0,USD,0,0,USD,0,792,USD,88,0,USD,0
2026-03-27,2026-03-27,B09LCNC5R5,,,,0,0,,,0,0,USD,0,2881.08,USD,159,0,USD,0,2065.68,USD,114
2026-03-27,2026-03-27,B09LCP82TF,,,,0,0,,,0,0,USD,0,66.75,USD,10,7.07,USD,1,27.5,USD,5
2026-03-27,2026-03-27,B09LCQ8H4Y,,,,0,0,,,0,0,USD,0,1462.6,USD,155,0,USD,0,1452.56,USD,154
2026-03-27,2026-03-27,B09LCQHYQP,,,,0,0,,,0,0,USD,0,70.65,USD,9,0,USD,0,7.85,USD,1
2026-03-27,2026-03-27,B09NZ6ZVZ4,,,30,0,0,,,0,0,USD,0,495.96,USD,45,0,USD,0,162.9,USD,15
2026-03-27,2026-03-27,B09NZHD4YK,,,2585,0,0,,,0,0,USD,0,777.85,USD,161,33.45,USD,7,26.1,USD,6
2026-03-27,2026-03-27,B09NZN6W3L,,,90,0,0,,,0,0,USD,0,542.37,USD,162,0,USD,0,39.02,USD,11
2026-03-27,2026-03-27,B09NZNBZ7N,,,204,0,0,,,0,0,USD,0,2729.45,USD,374,0,USD,0,860.65,USD,118
2026-03-27,2026-03-27,B09PGV61BW,,,460,0,38.67,,,0,28.47,USD,3,19450.44,USD,2134,92.96,USD,10,15572.15,USD,1724
2026-03-27,2026-03-27,B09PGVGCH5,,,4926,0,0,,,0,0,USD,0,197065.34,USD,52854,275.74,USD,74,193001.61,USD,51761
2026-03-27,2026-03-27,B09PGVLVHL,,,1540,0,0,,,0,0,USD,0,37784.73,USD,3753,40.28,USD,4,32961.2,USD,3274
2026-03-27,2026-03-27,B09PGVSD2N,,,,0,0,,,0,0,USD,0,173.76,USD,59,0,USD,0,173.76,USD,59
2026-03-27,2026-03-27,B09PGVTTZ1,,,96,0,0,,,0,0,USD,0,8301.62,USD,2270,56.88,USD,16,5086.36,USD,1408
2026-03-27,2026-03-27,B09PGVZ5TJ,,,,0,0,,,0,0,USD,0,109696.52,USD,34530,44.18,USD,14,108732,USD,34224
2026-03-27,2026-03-27,B09PGWQBB5,,,6,0,0,,,0,0,USD,0,8.84,USD,2,4.2,USD,1,8.84,USD,2
2026-03-27,2026-03-27,B09PRTHHQS,,,,0,0,,,0,0,USD,0,196,USD,25,0,USD,0,126,USD,18
2026-03-27,2026-03-27,B09PRTNMC5,,,,0,0,,,0,0,USD,0,7.5,USD,1,7.5,USD,1,7.5,USD,1
2026-03-27,2026-03-27,B09PRV1LVQ,,,15,0,0,,,0,0,USD,0,213,USD,32,0,USD,0,153,USD,24
2026-03-27,2026-03-27,B09QQWS4M5,,,,0,0,,,0,0,USD,0,10157.11,USD,1170,44.63,USD,5,7196.11,USD,841
2026-03-27,2026-03-27,B09QRB8SYX,,,,0,0,,,0,0,USD,0,162,USD,18,0,USD,0,162,USD,18
2026-03-27,2026-03-27,B09QRBBFQX,,,,0,0,,,0,0,USD,0,5.65,USD,1,0,USD,0,5.65,USD,1
2026-03-27,2026-03-27,B09QRCV9S8,,,,0,0,,,0,0,USD,0,14528.71,USD,1852,24.36,USD,3,13150.34,USD,1688
2026-03-27,2026-03-27,B09QRD7TLX,,,,0,0,,,0,0,USD,0,23,USD,4,0,USD,0,23,USD,4
2026-03-27,2026-03-27,B09QRD8WCF,,,,0,0,,,0,0,USD,0,7.02,USD,1,0,USD,0,7.02,USD,1
2026-03-27,2026-03-27,B09QRFPLD1,,,2345,0,0,,,0,0,USD,0,1407.4,USD,294,9.7,USD,2,160.95,USD,37
2026-03-27,2026-03-27,B09QRHSWLG,,,140,0,0,,,0,0,USD,0,4889.95,USD,918,10.3,USD,2,3329.85,USD,646
2026-03-27,2026-03-27,B09QRK2MSL,,,,0,0,,,0,0,USD,0,8692.38,USD,989,16.7,USD,2,6721.06,USD,765
2026-03-27,2026-03-27,B09QRL5W33,,,,0,0,,,0,0,USD,0,9724.15,USD,1885,36.55,USD,7,9724.15,USD,1885
2026-03-27,2026-03-27,B09QRLZN89,,,,0,0,,,0,0,USD,0,4206.91,USD,1098,312.11,USD,83,3382.7,USD,886
2026-03-27,2026-03-27,B09QRMYDK6,,,,0,0,,,0,0,USD,0,20076.24,USD,2067,66.38,USD,7,16995.2,USD,1756
2026-03-27,2026-03-27,B09QRN4RMC,,,236,0,0,,,0,0,USD,0,4081.03,USD,439,0,USD,0,3801.87,USD,411
2026-03-27,2026-03-27,B09QRP863Z,,,436,0,0,,,0,0,USD,0,4038.86,USD,634,19.23,USD,3,3438.3,USD,540
2026-03-27,2026-03-27,B09QRS3DXV,,,,0,0,,,0,0,USD,0,36.3,USD,3,0,USD,0,0,USD,0
2026-03-27,2026-03-27,B09QRTDTK3,,,68,0,0,,,0,0,USD,0,560.23,USD,131,0,USD,0,15.4,USD,4
2026-03-27,2026-03-27,B09QRTSFY4,,,12,0,0,,,0,0,USD,0,185.74,USD,46,68.55,USD,19,169.1,USD,42
2026-03-27,2026-03-27,B09S27RTMF,,,,0,0,,,0,0,USD,0,1935.93,USD,193,0,USD,0,1401.16,USD,140
2026-03-27,2026-03-27,B09S28QYQ5,,,,0,0,,,0,0,USD,0,5472.2,USD,427,13.1,USD,1,5144.7,USD,402
2026-03-27,2026-03-27,B09S2FJRL1,,,12,0,0,,,0,0,USD,0,62030.41,USD,7636,88.31,USD,11,61834.11,USD,7611
2026-03-27,2026-03-27,B09Y2DCH6Z,,,,0,0,,,0,0,USD,0,2124.7,USD,192,0,USD,0,1210.4,USD,110
2026-03-27,2026-03-27,B09Y2DHRB8,,,,0,0,,,0,0,USD,0,4970.74,USD,511,9.5,USD,1,3748.84,USD,395
2026-03-27,2026-03-27,B09Y2DHRBC,,,131,0,0,,,0,0,USD,0,2335.8,USD,168,26.44,USD,2,1290.66,USD,93
2026-03-27,2026-03-27,B09Y2DSNDZ,,,20,0,0,,,0,0,USD,0,468,USD,39,0,USD,0,0,USD,0
2026-03-27,2026-03-27,B09Y2GP7T7,,,,0,0,,,0,0,USD,0,2371.38,USD,203,22.91,USD,2,926.13,USD,80
2026-03-27,2026-03-27,B0B6GJ6WJX,,,96,0,0,,,0,0,USD,0,1217.55,USD,246,0,USD,0,777.22,USD,165
2026-03-27,2026-03-27,B0B6GKT49Q,,,,0,0,,,0,0,USD,0,1089.5,USD,98,0,USD,0,752,USD,71
2026-03-27,2026-03-27,B0B6GL64PW,,,,0,0,,,0,0,USD,0,142.72,USD,32,0,USD,0,142.72,USD,32
2026-03-27,2026-03-27,B0B6GL6WJM,,,576,0,0,,,0,0,USD,0,12171.09,USD,2209,60.61,USD,11,3206.32,USD,582
2026-03-27,2026-03-27,B0B9HTM5GG,,,51,0,0,,,0,0,USD,0,3474.22,USD,367,8.5,USD,1,1314.76,USD,139
2026-03-27,2026-03-27,B0BG66QWF3,,,,0,0,,,0,0,USD,0,526.82,USD,53,0,USD,0,526.82,USD,53
2026-03-27,2026-03-27,B0C6FWJSYY,,,270,0,0,,,0,0,USD,0,3256.98,USD,521,0,USD,0,233.4,USD,38
2026-03-27,2026-03-27,B0C6FX7KC9,,,,0,0,,,0,0,USD,0,328.32,USD,60,6,USD,1,114,USD,19
2026-03-27,2026-03-27,B0C6FXGD4Q,,,24,0,0,,,0,0,USD,0,2108.79,USD,195,0,USD,0,648.09,USD,60
2026-03-27,2026-03-27,B0C6FXMLXQ,,,,0,0,,,0,0,USD,0,0,USD,0,641.52,USD,81,0,USD,0
2026-03-27,2026-03-27,B0C6FXN4FM,,,32,0,0,,,0,0,USD,0,889.72,USD,58,0,USD,0,291.46,USD,19
2026-03-27,2026-03-27,B0C6FXNMS6,,,4,0,0,,,0,0,USD,0,3492.93,USD,305,0,USD,0,827.15,USD,71
2026-03-27,2026-03-27,B0C6FXP2FS,,,,0,0,,,0,0,USD,0,2502.59,USD,182,0,USD,0,904.89,USD,67
2026-03-27,2026-03-27,B0C6FXV47T,,,,0,0,,,0,0,USD,0,2519.19,USD,269,10.32,USD,1,708.65,USD,73
2026-03-27,2026-03-27,B0C6FXVWNP,,,,0,0,,,0,0,USD,0,0,USD,0,682.32,USD,104,0,USD,0
2026-03-27,2026-03-27,B0C6FY4MWC,,,4,0,0,,,0,0,USD,0,5091.35,USD,487,0,USD,0,3801.08,USD,364
2026-03-27,2026-03-27,B0C6FY722F,,,,0,0,,,0,0,USD,0,8628.66,USD,1321,13.1,USD,2,8065.36,USD,1235
2026-03-27,2026-03-27,B0C6FY95QT,,,,0,0,,,0,0,USD,0,424.26,USD,69,0,USD,0,191.26,USD,31
2026-03-27,2026-03-27,B0C6FY997J,,,,0,0,,,0,0,USD,0,5606.21,USD,822,0,USD,0,3647.41,USD,525
2026-03-27,2026-03-27,B0C6FYN14M,,,,0,0,,,0,0,USD,0,1069.04,USD,184,0,USD,0,34.86,USD,6
2026-03-27,2026-03-27,B0C6FYTP23,,,69,0,0,,,0,0,USD,0,3368.02,USD,186,18.35,USD,1,789.05,USD,43
2026-03-27,2026-03-27,B0C6FYX7YZ,,,,0,0,,,0,0,USD,0,8366.13,USD,1080,0,USD,0,4343.1,USD,579
2026-03-27,2026-03-27,B0C6FYZFRG,,,4,0,0,,,0,0,USD,0,2200.28,USD,180,0,USD,0,424.03,USD,35
2026-03-27,2026-03-27,B0C6FZ355R,,,4,0,0,,,0,0,USD,0,168.02,USD,11,0,USD,0,70.7,USD,5
2026-03-27,2026-03-27,B0C6FZ4MCH,,,,0,0,,,0,0,USD,0,386.67,USD,71,10.51,USD,2,295.47,USD,52
2026-03-27,2026-03-27,B0C6FZPJ61,,,28,0,0,,,0,0,USD,0,1541.03,USD,228,0,USD,0,556.04,USD,80
2026-03-27,2026-03-27,B0C6G1VP7W,,,,0,0,,,0,0,USD,0,77.5,USD,5,0,USD,0,77.5,USD,5
2026-03-27,2026-03-27,B0C7DGWFP2,,,,0,0,,,0,0,USD,0,153.12,USD,22,0,USD,0,153.12,USD,22
2026-03-27,2026-03-27,B0CBSX59GF,,,656,0,0,,,0,0,USD,0,12325.68,USD,2703,4.56,USD,1,2020.08,USD,443
2026-03-27,2026-03-27,B0CDYF5SM1,,,1813,0,0,,,0,0,USD,0,14949.64,USD,4804,37.4,USD,12,8380.58,USD,2702
2026-03-27,2026-03-27,B0CDYFSR39,,,,0,0,,,0,0,USD,0,,,,,,,,,
2026-03-27,2026-03-27,B0CDYHBJ37,,,,0,0,,,0,0,USD,0,1288.54,USD,376,3.27,USD,1,889.65,USD,263
2026-03-27,2026-03-27,B0CDYM2XMN,,,,0,0,,,0,0,USD,0,26403.2,USD,3205,0,USD,0,26317.43,USD,3195
2026-03-27,2026-03-27,B0CDYPF958,,,16,0,11.25,,,0,23.76,USD,4,1786.01,USD,330,17.21,USD,3,380.47,USD,80
2026-03-27,2026-03-27,B0CDYRLZ8X,,,,0,0,,,0,0,USD,0,560.7,USD,63,0,USD,0,560.7,USD,63
2026-03-27,2026-03-27,B0CDYRRGQ3,,,,0,0,,,0,0,USD,0,0,USD,0,123,USD,12,0,USD,0
2026-03-27,2026-03-27,B0CDYSG4BC,,,508,0,0,,,0,0,USD,0,8015.62,USD,1143,21.18,USD,3,3659.56,USD,526
2026-03-27,2026-03-27,B0CDYVK9JZ,,,,0,0,,,0,0,USD,0,978.15,USD,155,0,USD,0,877.8,USD,140
2026-03-27,2026-03-27,B0CDYW89T8,,,6,0,0,,,0,0,USD,0,20823.82,USD,2048,0,USD,0,17450.32,USD,1723
2026-03-27,2026-03-27,B0CDYWRTWJ,,,28,0,0,,,0,0,USD,0,991.97,USD,103,0,USD,0,847.63,USD,89
2026-03-27,2026-03-27,B0CDYZ3M42,,,,0,0,,,0,0,USD,0,8053.66,USD,2772,11.2,USD,4,7906.16,USD,2722
2026-03-27,2026-03-27,B0CDYZN632,,,,0,0,,,0,0,USD,0,6379.55,USD,548,12.1,USD,1,5520.45,USD,477
2026-03-27,2026-03-27,B0CDZ2V4S7,,,3876,0,0,,,0,0,USD,0,17445.76,USD,6369,177.1,USD,66,9830.12,USD,3588
2026-03-27,2026-03-27,B0CDZ2W2MV,,,52,0,0,,,0,0,USD,0,14955.85,USD,1825,33.04,USD,4,13340.29,USD,1629
2026-03-27,2026-03-27,B0CN7C211F,,,,0,0,,,0,0,USD,0,17580.62,USD,5266,16.36,USD,5,4750.04,USD,1424
2026-03-27,2026-03-27,B0CN7CJ61R,,,,0,0,,,0,0,USD,0,10349.19,USD,2263,9.3,USD,2,8868.72,USD,1944
2026-03-27,2026-03-27,B0CN7DM51G,,,348,0,0,,,0,0,USD,0,2938.36,USD,675,4.17,USD,1,1879.09,USD,446
2026-03-27,2026-03-27,B0CN7DWBSW,,,699,0,0,,,0,0,USD,0,8858.62,USD,691,12.82,USD,1,1089.7,USD,85
2026-03-27,2026-03-27,B0CN7DWWFP,,,444,0,0,,,0,0,USD,0,20305.23,USD,4379,59.97,USD,13,1323.93,USD,297
2026-03-27,2026-03-27,B0CN7DWWVM,,,12,0,32,,,0,3.34,USD,1,2180.38,USD,709,6,USD,2,1596,USD,532
2026-03-27,2026-03-27,B0CN7F4B9Z,,,228,0,0,,,0,0,USD,0,7405.65,USD,1616,8.81,USD,2,1281.32,USD,296
2026-03-27,2026-03-27,B0CN7F4PKC,,,,0,0,,,0,0,USD,0,18099.66,USD,3902,27.42,USD,6,14472.66,USD,3122
2026-03-27,2026-03-27,B0CN7FLF5T,,,176,0,4,,,0,3.34,USD,1,4755.98,USD,1427,6.34,USD,2,103.36,USD,34
2026-03-27,2026-03-27,B0CN7FQ8V5,,,,0,0,,,0,0,USD,0,1586.44,USD,527,0,USD,0,1398,USD,466
2026-03-27,2026-03-27,B0CN7FVF7W,,,,0,0,,,0,0,USD,0,30795.9,USD,5595,55.1,USD,10,30386.64,USD,5520
2026-03-27,2026-03-27,B0CN7G1D22,,,,0,0,,,0,0,USD,0,101431.78,USD,8431,139.49,USD,12,88983.71,USD,7236
2026-03-27,2026-03-27,B0CN7GZ3PZ,,,,0,0,,,0,0,USD,0,9153.19,USD,1078,0,USD,0,7477.03,USD,884
2026-03-27,2026-03-27,B0CN7H8SY1,,,24,0,0,,,0,0,USD,0,5844.97,USD,465,36.82,USD,3,3604.66,USD,295
2026-03-27,2026-03-27,B0CPKGW3GZ,,,1107,0,0,,,0,0,USD,0,44364.52,USD,4225,158.54,USD,16,32010.35,USD,3058
2026-03-27,2026-03-27,B0CPKKHT8P,,,1296,0,0,,,0,0,USD,0,45224.72,USD,8783,133.77,USD,26,10891.54,USD,2090
2026-03-27,2026-03-27,B0CRSGZN8V,,,24,0,0,,,0,0,USD,0,4336.75,USD,475,0,USD,0,1250.81,USD,137
2026-03-27,2026-03-27,B0CRSNJQ1D,,,108,0,0,,,0,0,USD,0,4354.11,USD,479,0,USD,0,27.27,USD,3
2026-03-27,2026-03-27,B0CRSRW7LM,,,169,0,0,,,0,0,USD,0,5372.64,USD,394,24.8,USD,2,287.4,USD,20
2026-03-27,2026-03-27,B0CRSS87CF,,,,0,0,,,0,0,USD,0,1969.84,USD,743,2.28,USD,1,1969.84,USD,743
2026-03-27,2026-03-27,B0CRST49RH,,,,0,0,,,0,0,USD,0,5233.05,USD,1203,0,USD,0,5233.05,USD,1203
2026-03-27,2026-03-27,B0CRSTB7ZN,,,,0,0,,,0,0,USD,0,2861.8,USD,252,0,USD,0,1744,USD,160
2026-03-27,2026-03-27,B0CRSTZKQP,,,,0,0,,,0,0,USD,0,255.3,USD,23,49.15,USD,4,255.3,USD,23
2026-03-27,2026-03-27,B0CRSVHRJZ,,,4,0,0,,,0,0,USD,0,16256.53,USD,1032,30.42,USD,2,6339.76,USD,382
2026-03-27,2026-03-27,B0CRSVK7YK,,,684,0,0,,,0,0,USD,0,1045.75,USD,367,2.95,USD,1,387.8,USD,140
2026-03-27,2026-03-27,B0CRSW79S3,,,,0,0,,,0,0,USD,0,1980.33,USD,850,2.15,USD,1,1822.59,USD,784
2026-03-27,2026-03-27,B0CRSWLNGF,,,12,0,0,,,0,0,USD,0,931.33,USD,127,0,USD,0,343.21,USD,49
2026-03-27,2026-03-27,B0CRSWQDDP,,,,0,0,,,0,0,USD,0,905.2,USD,78,0,USD,0,832.3,USD,72
2026-03-27,2026-03-27,B0CRSX72PJ,,,,0,0,,,0,0,USD,0,3019.45,USD,1023,0,USD,0,933.55,USD,330
2026-03-27,2026-03-27,B0CRSX7SMP,,,,0,0,,,0,0,USD,0,1947.68,USD,158,14.8,USD,1,1947.68,USD,158
2026-03-27,2026-03-27,B0CRSX9GLW,,,,0,0,,,0,0,USD,0,29897.15,USD,1933,91.23,USD,6,24838.46,USD,1606
2026-03-27,2026-03-27,B0CRSYBT4N,,,852,0,0,,,0,0,USD,0,859.32,USD,186,0,USD,0,0,USD,0
2026-03-27,2026-03-27,B0CRSZ5F46,,,84,0,0,,,0,0,USD,0,309.84,USD,86,3.62,USD,1,117.98,USD,33
2026-03-27,2026-03-27,B0CTVD6WHG,,,12,0,0,,,0,0,USD,0,1527.5,USD,130,0,USD,0,1081,USD,92
2026-03-27,2026-03-27,B0CTVJJM1S,,,,0,0,,,0,0,USD,0,4194.3,USD,205,20.46,USD,1,1820.94,USD,89
2026-03-27,2026-03-27,B0CTVLQG7M,,,20,0,0,,,0,0,USD,0,3805.76,USD,468,0,USD,0,3293.36,USD,408
2026-03-27,2026-03-27,B0CTVNF2F2,,,432,0,0,,,0,29.52,USD,4,4740.84,USD,583,75.24,USD,9,3991.32,USD,499
2026-03-27,2026-03-27,B0CV62Y5XS,,,,0,0,,,0,0,USD,0,808.86,USD,78,0,USD,0,259.25,USD,25
2026-03-27,2026-03-27,B0CV63138M,,,,0,0,,,0,0,USD,0,2375.67,USD,154,28.64,USD,2,1377.84,USD,87
2026-03-27,2026-03-27,B0CV633WZQ,,,30,0,0,,,0,0,USD,0,522.48,USD,68,7.8,USD,1,335.28,USD,44
2026-03-27,2026-03-27,B0CV63ZXXJ,,,396,0,0,,,0,0,USD,0,7686.9,USD,2849,5.4,USD,2,5888.7,USD,2183
2026-03-27,2026-03-27,B0CV644NCW,,,2082,0,0,,,0,14.7,USD,6,15962.05,USD,6045,36.7,USD,14,6029.6,USD,2296
2026-03-27,2026-03-27,B0CV644ND4,,,,0,0,,,0,0,USD,0,0,USD,0,1773.2,USD,260,0,USD,0
2026-03-27,2026-03-27,B0CV645STH,,,96,0,0,,,0,0,USD,0,2687.94,USD,826,0,USD,0,2654.64,USD,816
2026-03-27,2026-03-27,B0CV646DB1,,,,0,0,,,0,0,USD,0,275,USD,22,0,USD,0,275,USD,22
2026-03-27,2026-03-27,B0CV64GG57,,,504,0,0,,,0,0,USD,0,9033.44,USD,1118,0,USD,0,7724.48,USD,956
2026-03-27,2026-03-27,B0CV64MN43,,,108,0,0,,,0,0,USD,0,4530.35,USD,1204,3.77,USD,1,3192.85,USD,847
2026-03-27,2026-03-27,B0CV9BP132,,,56,0,0,,,0,0,USD,0,588.76,USD,122,0,USD,0,363.04,USD,78
2026-03-27,2026-03-27,B0CV9MJLFY,,,132,0,0,,,0,0,USD,0,3178.52,USD,233,0,USD,0,2281.21,USD,172
2026-03-27,2026-03-27,B0CV9NJ3DM,,,96,0,0,,,0,0,USD,0,644.67,USD,135,4.6,USD,1,373.27,USD,82
2026-03-27,2026-03-27,B0CV9P21LL,,,80,0,0,,,0,0,USD,0,972.27,USD,193,15.39,USD,3,290.29,USD,57
2026-03-27,2026-03-27,B0CV9PB632,,,,0,0,,,0,0,USD,0,2003.08,USD,435,4.6,USD,1,1975.48,USD,429
2026-03-27,2026-03-27,B0D1LQFWHY,,,1316,0,0,,,0,0,USD,0,4850.7,USD,1956,17.36,USD,7,2710.64,USD,1093
2026-03-27,2026-03-27,B0D1LTYNHJ,,,1362,0,0,,,0,0,USD,0,3241.36,USD,1307,9.92,USD,4,1202.8,USD,485
2026-03-27,2026-03-27,B0D94LQ18G,,,4565,0,0,,,0,0,USD,0,19162.68,USD,6026,25.44,USD,8,193.98,USD,61
2026-03-27,2026-03-27,B0D94N5PBM,,,,0,0,,,0,0,USD,0,467.2,USD,128,0,USD,0,467.2,USD,128
2026-03-27,2026-03-27,B0D94N6DX3,,,260,0,0,,,0,0,USD,0,3269.82,USD,721,8.82,USD,2,2100.21,USD,469
2026-03-27,2026-03-27,B0D94NB6ZF,,,1428,0,0,,,0,0,USD,0,38488.65,USD,2730,70.5,USD,5,13912.35,USD,987
2026-03-27,2026-03-27,B0D94NDZ6F,,,88,0,0,,,0,0,USD,0,2980.14,USD,460,0,USD,0,1298.61,USD,205
2026-03-27,2026-03-27,B0D94NG7J5,,,2082,0,0,,,0,0,USD,0,52353.3,USD,3713,56.4,USD,4,27184.8,USD,1928
2026-03-27,2026-03-27,B0D94NH2TP,,,2962,0,0,,,0,0,USD,0,7480.8,USD,1612,13.94,USD,3,1040.39,USD,224
2026-03-27,2026-03-27,B0D94NKVD2,,,54,0,0,,,0,0,USD,0,2113.44,USD,371,0,USD,0,1965.84,USD,347
2026-03-27,2026-03-27,B0D94NLQWV,,,,0,0,,,0,0,USD,0,529.44,USD,48,0,USD,0,0,USD,0
2026-03-27,2026-03-27,B0D94P2YN9,,,,0,0,,,0,0,USD,0,880.76,USD,227,3.88,USD,1,7.76,USD,2
2026-03-27,2026-03-27,B0D94P6L2P,,,48,0,0,,,0,0,USD,0,12099.41,USD,1751,6.91,USD,1,9079.74,USD,1314
2026-03-27,2026-03-27,B0D94PDW22,,,,0,0,,,0,0,USD,0,7884.04,USD,753,17.03,USD,2,4996.2,USD,466
2026-03-27,2026-03-27,B0D94PFW9L,,,2447,0,0,,,0,0,USD,0,21791.45,USD,2613,50.46,USD,6,8823.23,USD,1071
2026-03-27,2026-03-27,B0D94PL6S2,,,,0,0,,,0,0,USD,0,145.2,USD,30,0,USD,0,145.2,USD,30
2026-03-27,2026-03-27,B0D94PLH9Z,,,18,0,0,,,0,0,USD,0,23.64,USD,2,0,USD,0,23.64,USD,2
2026-03-27,2026-03-27,B0D94PNMY4,,,200,0,0,,,0,0,USD,0,400.5,USD,60,12.4,USD,2,85.6,USD,13
2026-03-27,2026-03-27,B0D94PQJ6M,,,,0,0,,,0,0,USD,0,1679.94,USD,122,0,USD,0,828.42,USD,62
2026-03-27,2026-03-27,B0D94PQQK4,,,12,0,0,,,0,0,USD,0,2951.3,USD,684,0,USD,0,1354.5,USD,315
2026-03-27,2026-03-27,B0D94PQX5Z,,,,0,0,,,0,0,USD,0,677.16,USD,228,0,USD,0,641.52,USD,216
2026-03-27,2026-03-27,B0D94PS8BC,,,,0,0,,,0,0,USD,0,402.5,USD,35,0,USD,0,402.5,USD,35
2026-03-27,2026-03-27,B0D94PSCVL,,,,0,0,,,0,0,USD,0,4152.06,USD,1404,0,USD,0,4152.06,USD,1404
2026-03-27,2026-03-27,B0D94PST9Q,,,4,0,0,,,0,0,USD,0,768.35,USD,55,0,USD,0,768.35,USD,55
2026-03-27,2026-03-27,B0D94PVSYC,,,112,0,0,,,0,0,USD,0,2506.56,USD,402,12.26,USD,2,1611.44,USD,260
2026-03-27,2026-03-27,B0D94PXBBF,,,,0,0,,,0,0,USD,0,233.6,USD,64,0,USD,0,233.6,USD,64
2026-03-27,2026-03-27,B0D94PXWGZ,,,505,0,0,,,0,0,USD,0,4640.22,USD,998,9.3,USD,2,822.57,USD,177
2026-03-27,2026-03-27,B0D94Q18B3,,,,0,0,,,0,0,USD,0,1284.88,USD,388,0,USD,0,1187.95,USD,361
2026-03-27,2026-03-27,B0D94Q59QN,,,60,0,0,,,0,0,USD,0,4637.5,USD,530,8.75,USD,1,2458.75,USD,281
2026-03-27,2026-03-27,B0D94Q7Q4J,,,,0,0,,,0,0,USD,0,0,USD,0,872.36,USD,113,0,USD,0
2026-03-27,2026-03-27,B0D94Q8C1N,,,,0,0,,,0,0,USD,0,9.9,USD,1,0,USD,0,9.9,USD,1
2026-03-27,2026-03-27,B0D94QBRYC,,,,0,0,,,0,0,USD,0,1203.84,USD,288,0,USD,0,798.38,USD,191
2026-03-27,2026-03-27,B0D94QF2NM,,,,0,0,,,0,0,USD,0,1191.49,USD,349,0,USD,0,1159.18,USD,340
2026-03-27,2026-03-27,B0D94QFZ62,,,,0,0,,,0,0,USD,0,7143.34,USD,828,9.28,USD,1,1918.9,USD,210
2026-03-27,2026-03-27,B0D94QKZGL,,,12,0,0,,,0,0,USD,0,694.37,USD,212,0,USD,0,320.45,USD,98
2026-03-27,2026-03-27,B0D94QPK5N,,,311,0,0,,,0,0,USD,0,237.86,USD,63,7.56,USD,2,7.28,USD,2
2026-03-27,2026-03-27,B0D94QX4SY,,,4,0,0,,,0,0,USD,0,1687.35,USD,390,0,USD,0,773.72,USD,179
2026-03-27,2026-03-27,B0D94QZPPF,,,929,0,0,,,0,0,USD,0,30400.19,USD,2662,125.62,USD,11,5299.03,USD,464
2026-03-27,2026-03-27,B0D94R47SQ,,,360,0,0,,,0,0,USD,0,12415.85,USD,1165,150.5,USD,14,6997.85,USD,661
2026-03-27,2026-03-27,B0D94RBTKT,,,,0,0,,,0,0,USD,0,2727.79,USD,199,13.93,USD,1,667.2,USD,48
2026-03-27,2026-03-27,B0D94RDFKP,,,,0,0,,,0,0,USD,0,766.68,USD,87,0,USD,0,561.72,USD,63
2026-03-27,2026-03-27,B0D94RKR1Q,,,,0,0,,,0,0,USD,0,14.52,USD,3,0,USD,0,14.52,USD,3
2026-03-27,2026-03-27,B0DB5Z7MZ8,,,604,0,0,,,0,0,USD,0,4671.52,USD,301,15.52,USD,1,124.16,USD,8
2026-03-27,2026-03-27,B0DB626ZHW,,,150,0,0,,,0,0,USD,0,5760.03,USD,395,72.24,USD,5,659.1,USD,44
2026-03-27,2026-03-27,B0DB69BC9Y,,,254,0,0,,,0,0,USD,0,582.72,USD,90,0,USD,0,362.34,USD,57
2026-03-27,2026-03-27,B0DCHHCNLQ,,,3,0,0,,,0,0,USD,0,366.72,USD,32,0,USD,0,11.46,USD,1
2026-03-27,2026-03-27,B0DCWD6LY3,,,,0,0,,,0,0,USD,0,7139.1,USD,2694,36.9,USD,14,6373.25,USD,2405
2026-03-27,2026-03-27,B0DCWD7VJ2,,,380,0,0,,,0,0,USD,0,201.34,USD,31,0,USD,0,6.52,USD,1
2026-03-27,2026-03-27,B0DCWDLS1V,,,4614,0,11.17,,,0,22.38,USD,6,1485.79,USD,398,18.68,USD,5,175.78,USD,47
2026-03-27,2026-03-27,B0DCWHYVWM,,,464,0,0,,,0,0,USD,0,440.81,USD,95,4.64,USD,1,0,USD,0
2026-03-27,2026-03-27,B0DCWJ5M91,,,,0,0,,,0,0,USD,0,0,USD,0,3.32,USD,1,0,USD,0
2026-03-27,2026-03-27,B0DCWM4183,,,104,0,0,,,0,0,USD,0,1502.37,USD,208,14.5,USD,2,532,USD,74
2026-03-27,2026-03-27,B0DCWMCHMP,,,40,0,0,,,0,0,USD,0,4181.86,USD,577,7.25,USD,1,2797.75,USD,386
2026-03-27,2026-03-27,B0DCWMPYV5,,,440,0,0,,,0,0,USD,0,1982.63,USD,274,14.49,USD,2,273.94,USD,38
2026-03-27,2026-03-27,B0DCWPX2ZB,,,948,0,0,,,0,0,USD,0,1608.97,USD,545,0,USD,0,866.47,USD,295
2026-03-27,2026-03-27,B0DCWRMM6R,,,108,0,0,,,0,0,USD,0,4901.65,USD,914,5.52,USD,1,2455.18,USD,470
2026-03-27,2026-03-27,B0DCWRZ424,,,212,0,0,,,0,0,USD,0,171.68,USD,37,0,USD,0,0,USD,0
2026-03-27,2026-03-27,B0DJBZSKFR,,,240,0,0,,,0,0,USD,0,2464.49,USD,546,0,USD,0,1044,USD,240
2026-03-27,2026-03-27,B0DJC112SG,,,60,0,0,,,0,0,USD,0,29383.26,USD,6342,18.12,USD,4,26486.31,USD,5719
2026-03-27,2026-03-27,B0DJC36T8Q,,,636,0,11.33,,,0,55.68,USD,12,1269.33,USD,273,9.3,USD,2,237.15,USD,51
2026-03-27,2026-03-27,B0DJC42CS5,,,108,0,0,,,0,0,USD,0,2912.73,USD,627,9.3,USD,2,125.07,USD,27
2026-03-27,2026-03-27,B0DK7VTR9L,,,240,0,0,,,0,0,USD,0,2559.67,USD,713,21.54,USD,6,118.47,USD,33
2026-03-27,2026-03-27,B0DK7VV44J,,,,0,0,,,0,0,USD,0,1524.24,USD,174,0,USD,0,1270.2,USD,145
2026-03-27,2026-03-27,B0DK7VX73Y,,,156,0,0,,,0,0,USD,0,6514.91,USD,2045,9.57,USD,3,4808.26,USD,1510
2026-03-27,2026-03-27,B0DK7W7HPS,,,438,0,0,,,0,0,USD,0,2433.44,USD,536,13.62,USD,3,2378.96,USD,524
2026-03-27,2026-03-27,B0DK7W7J4B,,,,0,0,,,0,0,USD,0,214.5,USD,39,0,USD,0,214.5,USD,39
2026-03-27,2026-03-27,B0DK7WF2GH,,,30,0,0,,,0,0,USD,0,726.81,USD,204,21.54,USD,6,497.05,USD,140
2026-03-27,2026-03-27,B0DK7WHGSC,,,594,0,0,,,0,0,USD,0,1500.04,USD,470,12.8,USD,4,364.04,USD,115
2026-03-27,2026-03-27,B0DK7WMQZW,,,60,0,0,,,0,0,USD,0,599.58,USD,107,0,USD,0,173.22,USD,31
2026-03-27,2026-03-27,B0DK7WNHN3,,,,0,0,,,0,0,USD,0,291.5,USD,53,0,USD,0,214.5,USD,39
2026-03-27,2026-03-27,B0DK7WPBC3,,,192,0,0,,,0,0,USD,0,1187.13,USD,375,12.47,USD,4,339.13,USD,110
2026-03-27,2026-03-27,B0DK7WRZJ5,,,66,0,0,,,0,0,USD,0,1044.69,USD,291,0,USD,0,0,USD,0
2026-03-27,2026-03-27,B0DNNG43NP,,,544,0,0,,,0,0,USD,0,2258.1,USD,795,2.99,USD,1,2152.23,USD,759
2026-03-27,2026-03-27,B0DNNG4TFQ,,,,0,0,,,0,0,USD,0,1931.93,USD,193,0,USD,0,1841.84,USD,184
2026-03-27,2026-03-27,B0DNNGCKN4,,,808,0,0,,,0,0,USD,0,955.99,USD,352,2.99,USD,1,814.72,USD,304
2026-03-27,2026-03-27,B0DNNGD48K,,,160,0,0,,,0,0,USD,0,3471.47,USD,180,0,USD,0,3321.6,USD,173
2026-03-27,2026-03-27,B0DNNGKT1C,,,2464,0,0,,,0,0,USD,0,3817.64,USD,1314,14.95,USD,5,1401.76,USD,505
2026-03-27,2026-03-27,B0DNNGR95W,,,1312,0,11.25,,,0,93.6,USD,8,7769.93,USD,664,35.12,USD,3,6932.32,USD,592
2026-03-27,2026-03-27,B0DNNGW5QV,,,156,0,0,,,0,0,USD,0,16705.19,USD,1586,0,USD,0,1913.51,USD,176
2026-03-27,2026-03-27,B0DNNH9PY8,,,35,0,0,,,0,0,USD,0,5842.17,USD,663,9.19,USD,1,238.94,USD,26
2026-03-27,2026-03-27,B0DNNHC33X,,,,0,0,,,0,0,USD,0,7480.87,USD,785,0,USD,0,5493,USD,586
2026-03-27,2026-03-27,B0DNNHSBSN,,,136,0,0,,,0,0,USD,0,1106.56,USD,389,0,USD,0,936.88,USD,332
2026-03-27,2026-03-27,B0DNNKJ62R,,,404,0,0,,,0,0,USD,0,6518,USD,435,14.6,USD,1,5042.44,USD,344
2026-03-27,2026-03-27,B0DSJX8N63,,,3629,0,0,,,0,0,USD,0,38002,USD,4139,128.57,USD,14,5431.29,USD,591
2026-03-27,2026-03-27,B0DSJX9JLL,,,,0,0,,,0,0,USD,0,198.74,USD,19,10.46,USD,1,198.74,USD,19
2026-03-27,2026-03-27,B0DSJY57BN,,,56,0,0,,,0,0,USD,0,2819.08,USD,220,47.32,USD,4,11.5,USD,1
2026-03-27,2026-03-27,B0DTB5JRV9,,,145,0,0,,,0,0,USD,0,5715.74,USD,1867,5.81,USD,2,94.2,USD,30
2026-03-27,2026-03-27,B0DWNHLTP3,,,32,0,0,,,0,0,USD,0,958.41,USD,207,4.63,USD,1,370.4,USD,80
2026-03-27,2026-03-27,B0DWNJ74H1,,,72,0,0,,,0,0,USD,0,64.34,USD,26,0,USD,0,61.72,USD,25
2026-03-27,2026-03-27,B0DWNJNHYN,,,720,0,0,,,0,0,USD,0,563.63,USD,359,1.57,USD,1,0,USD,0
2026-03-27,2026-03-27,B0DWNJT1JM,,,12,0,0,,,0,0,USD,0,170.76,USD,66,0,USD,0,34.52,USD,14
2026-03-27,2026-03-27,B0DWNK16RJ,,,,0,0,,,0,0,USD,0,1804.79,USD,253,0,USD,0,478.8,USD,64
2026-03-27,2026-03-27,B0DWNKBC38,,,132,0,0,,,0,0,USD,0,12269,USD,2247,49.14,USD,9,9544.08,USD,1748
2026-03-27,2026-03-27,B0DWNKBMHZ,,,524,0,0,,,0,0,USD,0,11633.16,USD,2518,9.24,USD,2,97.02,USD,21
2026-03-27,2026-03-27,B0DWNKWDKG,,,60,0,0,,,0,0,USD,0,1924.05,USD,353,16.38,USD,3,547.54,USD,101
2026-03-27,2026-03-27,B0DWNL9S2N,,,,0,0,,,0,0,USD,0,1616.75,USD,359,0,USD,0,1182.47,USD,265
2026-03-27,2026-03-27,B0DWNLQR7V,,,,0,0,,,0,0,USD,0,3818.58,USD,1144,3.34,USD,1,2449.18,USD,734
2026-03-27,2026-03-27,B0DWNLR37Q,,,24,0,0,,,0,0,USD,0,159.12,USD,63,0,USD,0,119.82,USD,48
2026-03-27,2026-03-27,B0DWNMPYFL,,,28,0,0,,,0,0,USD,0,5645.7,USD,405,27.88,USD,2,766.7,USD,55
2026-03-27,2026-03-27,B0DWNNQWK2,,,128,0,0,,,0,0,USD,0,1040.14,USD,397,0,USD,0,390.38,USD,149
2026-03-27,2026-03-27,B0DWNSJB7B,,,16,0,0,,,0,0,USD,0,1522.16,USD,119,0,USD,0,370.55,USD,27
2026-03-27,2026-03-27,B0DWP7MRWM,,,,0,0,,,0,0,USD,0,9711.8,USD,762,0,USD,0,9686.5,USD,760
2026-03-27,2026-03-27,B0DXQ86ZW3,,,96,0,0,,,0,0,USD,0,1600.57,USD,733,2.22,USD,1,819.13,USD,381
2026-03-27,2026-03-27,B0DXQ8HXN8,,,102,0,0,,,0,0,USD,0,2199.6,USD,564,15.6,USD,4,1747.2,USD,448
2026-03-27,2026-03-27,B0DXQ9Q2V5,,,432,0,0,,,0,0,USD,0,4995.74,USD,1298,0,USD,0,618.29,USD,161
2026-03-27,2026-03-27,B0DXQ9XTQN,,,48,0,0,,,0,0,USD,0,678.86,USD,227,0,USD,0,465.34,USD,159
2026-03-27,2026-03-27,B0DXQ9ZRMB,,,16,0,0,,,0,0,USD,0,795.32,USD,150,0,USD,0,394.88,USD,69
2026-03-27,2026-03-27,B0DXQBNY5Z,,,30,0,0,,,0,0,USD,0,722.11,USD,203,3.22,USD,1,686.21,USD,193
2026-03-27,2026-03-27,B0DXQC1HH1,,,54,0,0,,,0,0,USD,0,474.6,USD,84,0,USD,0,113,USD,20
2026-03-27,2026-03-27,B0DXQCJPH7,,,84,0,0,,,0,0,USD,0,7251.95,USD,1356,0,USD,0,3697.3,USD,656
2026-03-27,2026-03-27,B0DXQCVQZL,,,264,0,0,,,0,0,USD,0,1730.75,USD,373,0,USD,0,375.87,USD,81
2026-03-27,2026-03-27,B0DY9G36WY,,,200,0,11.25,,,0,31.2,USD,4,2378.22,USD,316,53.8,USD,7,78,USD,10
2026-03-27,2026-03-27,B0F2JFRNJ7,,,2088,0,0,,,0,0,USD,0,12315.66,USD,1491,33.04,USD,4,41.3,USD,5
2026-03-27,2026-03-27,B0F2JJ3H3F,,,408,0,0,,,0,0,USD,0,3361.37,USD,2141,6.28,USD,4,1139.82,USD,726
2026-03-27,2026-03-27,B0F2JJ5KX7,,,180,0,0,,,0,0,USD,0,6718.81,USD,679,21.2,USD,2,2045.8,USD,193
2026-03-27,2026-03-27,B0F2JJQJP2,,,114,0,0,,,0,0,USD,0,2671.45,USD,529,10.1,USD,2,550.45,USD,109
2026-03-27,2026-03-27,B0F2JJRZ7N,,,252,0,0,,,0,0,USD,0,5461.65,USD,543,0,USD,0,1876.2,USD,177
2026-03-27,2026-03-27,B0F2JJWFWM,,,132,0,0,,,0,0,USD,0,4257.44,USD,328,0,USD,0,960.52,USD,74
2026-03-27,2026-03-27,B0F2JK7LB5,,,288,0,0,,,0,0,USD,0,2466,USD,1233,0,USD,0,0,USD,0
2026-03-27,2026-03-27,B0F2JLC66F,,,4,0,0,,,0,0,USD,0,4022.72,USD,242,15.73,USD,1,240.5,USD,13
2026-03-27,2026-03-27,B0FDLBLFNJ,,,,0,0,,,0,0,USD,0,4523.31,USD,1523,0,USD,0,4401.54,USD,1482
2026-03-27,2026-03-27,B0FDMQ7PQJ,,,264,0,0,,,0,0,USD,0,228.2,USD,28,8.15,USD,1,0,USD,0
2026-03-27,2026-03-27,B0FFHPNT31,,,210,0,0,,,0,0,USD,0,3940.55,USD,1487,0,USD,0,2329.35,USD,879
2026-03-27,2026-03-27,B0FFJ6S69P,,,702,0,0,,,0,0,USD,0,9400.32,USD,2048,9.18,USD,2,3492.99,USD,761
2026-03-27,2026-03-27,B0FJYMY8KT,,,408,0,0,,,0,0,USD,0,4456.59,USD,997,0,USD,0,326.31,USD,73
2026-03-27,2026-03-27,B0FKHFY61P,,,,0,0,,,0,0,USD,0,1832.1,USD,394,0,USD,0,1618.2,USD,348
2026-03-27,2026-03-27,B0FKHG1H2W,,,192,0,0,,,0,0,USD,0,3796.1,USD,1190,12.76,USD,4,1368.51,USD,429
2026-03-27,2026-03-27,B0FKHHS6TV,,,900,0,0,,,0,0,USD,0,6481.5,USD,1450,8.94,USD,2,67.05,USD,15
2026-03-27,2026-03-27,B0FKHJ6K81,,,1225,0,0,,,0,0,USD,0,8138.86,USD,2182,11.19,USD,3,5415.96,USD,1452
2026-03-27,2026-03-27,B0FKHJ7FBB,,,,0,0,,,0,0,USD,0,18667.6,USD,2260,0,USD,0,18634.56,USD,2256
2026-03-27,2026-03-27,B0FKHJ7ZPZ,,,312,0,0,,,0,0,USD,0,3766.5,USD,810,0,USD,0,241.8,USD,52
2026-03-27,2026-03-27,B0FKHKDQB2,,,12,0,0,,,0,0,USD,0,1236.9,USD,266,0,USD,0,1236.9,USD,266
2026-03-27,2026-03-27,B0FKHKQLXT,,,684,0,0,,,0,0,USD,0,3636.3,USD,782,9.3,USD,2,18.6,USD,4
2026-03-27,2026-03-27,B0FKHL5Z3S,,,,0,0,,,0,0,USD,0,19357.95,USD,4163,9.3,USD,2,18414,USD,3960
2026-03-27,2026-03-27,B0FKHLKMY3,,,20,0,0,,,0,0,USD,0,3568.32,USD,432,24.78,USD,3,2296.28,USD,278
2026-03-27,2026-03-27,B0FKHM2XSS,,,268,0,0,,,0,0,USD,0,2311.2,USD,428,0,USD,0,410.4,USD,76
2026-03-27,2026-03-27,B0FKHM824G,,,48,0,0,,,0,0,USD,0,3947.85,USD,849,0,USD,0,990.45,USD,213
2026-03-27,2026-03-27,B0FKHNTPK6,,,49,0,0,,,0,0,USD,0,1268.62,USD,274,4.63,USD,1,523.19,USD,113
2026-03-27,2026-03-27,B0FKHNVBCS,,,,0,0,,,0,0,USD,0,658.8,USD,122,0,USD,0,367.2,USD,68
2026-03-27,2026-03-27,B0FKHQGH38,,,372,0,0,,,0,0,USD,0,9722.25,USD,2175,13.41,USD,3,2413.8,USD,540
2026-03-27,2026-03-27,B0FL8YNBXC,,,,0,0,,,0,0,USD,0,4445.42,USD,562,0,USD,0,4445.42,USD,562
2026-03-27,2026-03-27,B0FMWKM6LP,,,160,0,0,,,0,0,USD,0,1299.6,USD,456,5.7,USD,2,230.85,USD,81
2026-03-27,2026-03-27,B0FMWPRWX5,,,384,0,0,,,0,0,USD,0,9920,USD,1000,49.6,USD,5,3858.88,USD,389
2026-03-27,2026-03-27,B0FMWXNVPY,,,,0,0,,,0,0,USD,0,2081.64,USD,166,0,USD,0,2081.64,USD,166
2026-03-27,2026-03-27,B0FMXCL5QQ,,,16,0,0,,,0,0,USD,0,1863.75,USD,175,0,USD,0,394.05,USD,37
2026-03-27,2026-03-27,B0FMXMC7LF,,,,0,0,,,0,0,USD,0,13946.46,USD,1122,12.43,USD,1,13859.45,USD,1115
2026-03-27,2026-03-27,B0FMXMGVDZ,,,4,0,0,,,0,0,USD,0,4021.54,USD,361,0,USD,0,1359.08,USD,122
2026-03-27,2026-03-27,B0FMXMXX5T,,,120,0,0,,,0,0,USD,0,3756.24,USD,666,0,USD,0,3034.32,USD,538
2026-03-27,2026-03-27,B0FMXTPN96,,,,0,0,,,0,0,USD,0,1449.6,USD,151,0,USD,0,1449.6,USD,151
2026-03-27,2026-03-27,B0FMYS7V94,,,744,0,0,,,0,0,USD,0,480.48,USD,312,0,USD,0,220.22,USD,143
2026-03-27,2026-03-27,B0FN8TXX67,,,336,0,0,,,0,0,USD,0,1419.4,USD,188,0,USD,0,1087.2,USD,144
2026-03-27,2026-03-27,B0FN91VKFJ,,,,0,0,,,0,0,USD,0,128.25,USD,45,0,USD,0,105.45,USD,37
2026-03-27,2026-03-27,B0FN92BM26,,,52,0,0,,,0,0,USD,0,1255.38,USD,183,0,USD,0,1255.38,USD,183
2026-03-27,2026-03-27,B0FN9838G2,,,,0,0,,,0,0,USD,0,13403.16,USD,4804,0,USD,0,13383.63,USD,4797
2026-03-27,2026-03-27,B0FN984LBY,,,192,0,0,,,0,0,USD,0,99.2,USD,31,0,USD,0,0,USD,0
2026-03-27,2026-03-27,B0FN98MSPV,,,356,0,0,,,0,0,USD,0,2297.88,USD,468,0,USD,0,839.61,USD,171
2026-03-27,2026-03-27,B0FN9BVP9K,,,429,0,0,,,0,0,USD,0,797.12,USD,188,0,USD,0,343.44,USD,81
2026-03-27,2026-03-27,B0FN9C251Z,,,134,0,11,,,0,34.2,USD,2,4959,USD,290,0,USD,0,4480.2,USD,262
2026-03-27,2026-03-27,B0FN9C6RK7,,,,0,0,,,0,0,USD,0,5726.84,USD,1582,0,USD,0,5183.84,USD,1432
2026-03-27,2026-03-27,B0FN9F8V1K,,,-15,0,0,,,0,0,USD,0,1718.5,USD,350,0,USD,0,549.92,USD,112
2026-03-27,2026-03-27,B0FN9FDRZC,,,1068,0,0,,,0,0,USD,0,1338.91,USD,191,14.02,USD,2,0,USD,0
2026-03-27,2026-03-27,B0FN9HMTB2,,,28,0,0,,,0,0,USD,0,1846.11,USD,177,0,USD,0,938.7,USD,90
2026-03-27,2026-03-27,B0FNBJDYGD,,,1620,0,0,,,0,0,USD,0,29085.14,USD,2017,115.36,USD,8,9560.46,USD,663
2026-03-27,2026-03-27,B0FQWZNJG5,,,,0,0,,,0,0,USD,0,10696,USD,382,0,USD,0,10696,USD,382
2026-03-27,2026-03-27,B0FQWZT6QS,,,,0,0,,,0,0,USD,0,3895.36,USD,752,0,USD,0,2724.68,USD,526
2026-03-27,2026-03-27,B0FQX36R4P,,,300,0,0,,,0,0,USD,0,3427.9,USD,415,0,USD,0,0,USD,0
2026-03-27,2026-03-27,B0FQX61CK4,,,,0,0,,,0,0,USD,0,5075.28,USD,342,14.84,USD,1,5075.28,USD,342
2026-03-27,2026-03-27,B0FQXHDXL5,,,32,0,0,,,0,0,USD,0,3042.6,USD,220,0,USD,0,940.44,USD,68
2026-03-27,2026-03-27,B0FQXHFQFC,,,272,0,0,,,0,0,USD,0,3484.8,USD,288,0,USD,0,1597.2,USD,132
2026-03-27,2026-03-27,B0FQXL78B8,,,,0,0,,,0,0,USD,0,3174.6,USD,286,0,USD,0,0,USD,0
2026-03-27,2026-03-27,B0FQXL9MVD,,,120,0,0,,,0,0,USD,0,1863.54,USD,189,0,USD,0,19.72,USD,2
2026-03-27,2026-03-27,B0FQXM6QW3,,,24,0,0,,,0,0,USD,0,1560,USD,375,0,USD,0,128.96,USD,31
2026-03-27,2026-03-27,B0FQXMFMZY,,,24,0,0,,,0,0,USD,0,3409.98,USD,322,0,USD,0,2912.25,USD,275
2026-03-27,2026-03-27,B0FQXPJ784,,,,0,0,,,0,0,USD,0,1364.74,USD,377,0,USD,0,1364.74,USD,377
2026-03-27,2026-03-27,B0FQXPQSWX,,,,0,0,,,0,0,USD,0,2036.16,USD,288,0,USD,0,2036.16,USD,288
2026-03-27,2026-03-27,B0FQXS1LJX,,,88,0,0,,,0,0,USD,0,1577.91,USD,149,0,USD,0,84.72,USD,8
2026-03-27,2026-03-27,B0FQXS88P2,,,84,0,0,,,0,0,USD,0,854.32,USD,236,7.24,USD,2,720.38,USD,199
2026-03-27,2026-03-27,B0FQXSMK5T,,,417,0,0,,,0,0,USD,0,1076.9,USD,89,0,USD,0,169.4,USD,14
2026-03-27,2026-03-27,B0FQXTHNJV,,,108,0,0,,,0,0,USD,0,1907.2,USD,596,6.4,USD,2,1148.8,USD,359
2026-03-27,2026-03-27,B0FQXVXGDC,,,108,0,0,,,0,0,USD,0,3459.6,USD,744,0,USD,0,46.5,USD,10
2026-03-27,2026-03-27,B0FQXWXFWZ,,,1040,0,0,,,0,0,USD,0,578.15,USD,155,29.84,USD,8,0,USD,0
2026-03-27,2026-03-27,B0FQXX1RGD,,,1044,0,0,,,0,0,USD,0,5454.45,USD,1173,9.3,USD,2,51.15,USD,11
2026-03-27,2026-03-27,B0FQXZ8126,,,164,0,0,,,0,0,USD,0,9127.6,USD,1201,7.6,USD,1,38,USD,5
2026-03-27,2026-03-27,B0FQY7C3LM,,,103,0,0,,,0,0,USD,0,5248.11,USD,1407,3.73,USD,1,44.76,USD,12
2026-03-27,2026-03-27,B0FQYBPC1L,,,20,0,0,,,0,0,USD,0,4042.6,USD,290,27.88,USD,2,306.68,USD,22
2026-03-27,2026-03-27,B0FSG4WCH2,,,324,0,0,,,0,0,USD,0,236.88,USD,42,0,USD,0,169.2,USD,30
2026-03-27,2026-03-27,B0FSGH883W,,,,0,0,,,0,0,USD,0,2604,USD,93,0,USD,0,1484,USD,53
2026-03-27,2026-03-27,B0FSGKQLCK,,,,0,0,,,0,0,USD,0,5435.85,USD,1169,0,USD,0,544.05,USD,117
2026-03-27,2026-03-27,B0FSGMHVVB,,,,0,0,,,0,0,USD,0,4464.04,USD,1498,0,USD,0,4365.7,USD,1465
2026-03-27,2026-03-27,B0FSGN8KHC,,,95,0,0,,,0,0,USD,0,4120,USD,400,0,USD,0,30.9,USD,3
2026-03-27,2026-03-27,B0FSGND126,,,,0,0,,,0,0,USD,0,5025.6,USD,288,0,USD,0,122.15,USD,7
2026-03-27,2026-03-27,B0FSGTH8Z8,,,108,0,0,,,0,0,USD,0,1155.33,USD,389,0,USD,0,100.98,USD,34
2026-03-27,2026-03-27,B0FSGYT8XZ,,,584,0,0,,,0,0,USD,0,1403.58,USD,471,0,USD,0,873.14,USD,293
2026-03-27,2026-03-27,B0FSH2MBGN,,,608,0,0,,,0,0,USD,0,1194.98,USD,401,2.98,USD,1,554.28,USD,186
2026-03-27,2026-03-27,B0FSH2VGWZ,,,776,0,0,,,0,0,USD,0,786.72,USD,264,0,USD,0,390.38,USD,131
2026-03-27,2026-03-27,B0FSH394L9,,,,0,0,,,0,0,USD,0,9764.72,USD,658,14.84,USD,1,9497.6,USD,640
2026-03-27,2026-03-27,B0FSH3FNBB,,,,0,0,,,0,0,USD,0,2608.97,USD,329,0,USD,0,79.3,USD,10
2026-03-27,2026-03-27,B0FSH79D5C,,,505,0,0,,,0,0,USD,0,4863.12,USD,276,0,USD,0,528.6,USD,30
2026-03-27,2026-03-27,B0FSHD3BC1,,,,0,0,,,0,0,USD,0,2063.6,USD,536,0,USD,0,708.4,USD,184
2026-03-27,2026-03-27,B0FSHKBHSQ,,,1091,0,11,,,0,59.36,USD,4,311.64,USD,21,29.68,USD,2,0,USD,0
2026-03-27,2026-03-27,B0FSHQ3NJ8,,,72,0,0,,,0,0,USD,0,1968,USD,240,0,USD,0,213.2,USD,26
2026-03-27,2026-03-27,B0G36R2JZ8,,,,0,0,,,0,0,USD,0,2908.16,USD,284,0,USD,0,0,USD,0
2026-03-27,2026-03-27,B0G36R992W,,,193,0,0,,,0,0,USD,0,2643.15,USD,1315,4.02,USD,2,134.67,USD,67
2026-03-27,2026-03-27,B0G36RL1YG,,,,0,0,,,0,0,USD,0,2882.52,USD,314,0,USD,0,0,USD,0
2026-03-27,2026-03-27,B0G36RNZ9R,,,6,0,0,,,0,0,USD,0,1338.64,USD,232,0,USD,0,0,USD,0
2026-03-27,2026-03-27,B0G36RX8H8,,,1316,0,0,,,0,0,USD,0,1277.23,USD,337,18.95,USD,5,0,USD,0
2026-03-27,2026-03-27,B0G36RXVBH,,,15,0,0,,,0,0,USD,0,1028.08,USD,284,0,USD,0,0,USD,0
2026-03-27,2026-03-27,B0G36S1MC2,,,1836,0,0,,,0,0,USD,0,498.8,USD,145,0,USD,0,0,USD,0
2026-03-27,2026-03-27,B0G36T1ZY9,,,,0,0,,,0,0,USD,0,1393.84,USD,262,0,USD,0,212.8,USD,40
2026-03-27,2026-03-27,B0G36T2SYF,,,60,0,0,,,0,0,USD,0,867.18,USD,194,0,USD,0,0,USD,0
2026-03-27,2026-03-27,B0G36T6SNY,,,605,0,0,,,0,0,USD,0,1897.28,USD,539,3.52,USD,1,0,USD,0
2026-03-27,2026-03-27,B0G36TB5SJ,,,-48,0,0,,,0,0,USD,0,3232.66,USD,893,3.62,USD,1,0,USD,0
2026-03-27,2026-03-27,B0G36TDT1W,,,822,0,39.17,,,0,22.74,USD,6,784.53,USD,207,0,USD,0,0,USD,0
2026-03-27,2026-03-27,B0G36TFZJD,,,39,0,0,,,0,0,USD,0,3201.71,USD,353,0,USD,0,0,USD,0
2026-03-27,2026-03-27,B0G36TJ162,,,12,0,0,,,0,0,USD,0,1271.48,USD,239,0,USD,0,0,USD,0
2026-03-27,2026-03-27,B0G36TJTXM,,,160,0,0,,,0,0,USD,0,4138.2,USD,342,12.1,USD,1,0,USD,0
2026-03-27,2026-03-27,B0G36TNM91,,,,0,0,,,0,0,USD,0,1176.7,USD,205,0,USD,0,0,USD,0
2026-03-27,2026-03-27,B0G36TQ1VW,,,,0,0,,,0,0,USD,0,1936.14,USD,183,0,USD,0,0,USD,0
2026-03-27,2026-03-27,B0G36TXZGY,,,9,0,0,,,0,0,USD,0,2167,USD,197,0,USD,0,0,USD,0
2026-03-27,2026-03-27,B0G36V9PLG,,,,0,0,,,0,0,USD,0,2988.86,USD,259,0,USD,0,0,USD,0
2026-03-27,2026-03-27,B0G36VD41X,,,-6,0,0,,,0,0,USD,0,1191.61,USD,203,0,USD,0,0,USD,0
2026-03-27,2026-03-27,B0G36VXNGX,,,117,0,0,,,0,0,USD,0,1068.78,USD,282,18.95,USD,5,0,USD,0
2026-03-27,2026-03-27,B0G36WHC28,,,1852,0,0,,,0,0,USD,0,1459.15,USD,385,3.79,USD,1,0,USD,0
2026-03-27,2026-03-27,B0G36WHH72,,,252,0,0,,,0,0,USD,0,1377,USD,150,0,USD,0,0,USD,0
2026-03-27,2026-03-27,B0G36WL2LN,,,73,0,0,,,0,0,USD,0,905.81,USD,239,22.74,USD,6,0,USD,0
2026-03-27,2026-03-27,B0G36Z353F,,,97,0,0,,,0,0,USD,0,1064.99,USD,281,11.37,USD,3,0,USD,0
2026-03-27,2026-03-27,B0G61BFKYY,,,1320,0,0,,,0,0,USD,0,538.02,USD,126,0,USD,0,0,USD,0
2026-03-27,2026-03-27,B0G61GFG4R,,,2338,0,0,,,0,0,USD,0,367.74,USD,81,0,USD,0,0,USD,0
2026-03-27,2026-03-27,B0G61GHTKD,,,2736,0,0,,,0,0,USD,0,566.28,USD,156,21.78,USD,6,0,USD,0
2026-03-27,2026-03-27,B0G61KB2PQ,,,1920,0,0,,,0,0,USD,0,457.38,USD,126,18.15,USD,5,0,USD,0
2026-03-27,2026-03-27,B0G61PKKLZ,,,2208,0,11.33,,,0,37.44,USD,6,1010.88,USD,162,12.48,USD,2,0,USD,0
2026-03-27,2026-03-27,B0G61Q6K9B,,,412,0,0,,,0,380.88,USD,24,1428.3,USD,90,0,USD,0,0,USD,0
2026-03-27,2026-03-27,B0G62C4RTK,,,2196,0,0,,,0,0,USD,0,149.45,USD,35,0,USD,0,0,USD,0
2026-03-27,2026-03-27,B0G62CKV7P,,,5352,0,0,,,0,0,USD,0,755.38,USD,211,7.16,USD,2,0,USD,0
2026-03-27,2026-03-27,B0G62D27V8,,,5256,0,0,,,0,0,USD,0,264.74,USD,62,59.78,USD,14,0,USD,0
2026-03-27,2026-03-27,B0G62KT3JN,,,2300,0,0,,,0,0,USD,0,691.2,USD,80,8.64,USD,1,0,USD,0
2026-03-27,2026-03-27,B0G62LCF5V,,,2351,0,0,,,0,0,USD,0,355.52,USD,101,0,USD,0,0,USD,0
2026-03-27,2026-03-27,B0G62TGVLK,,,408,0,0,,,0,0,USD,0,384.78,USD,106,32.67,USD,9,0,USD,0
2026-03-27,2026-03-27,B0GFP79MKX,,,465,0,0,,,0,0,USD,0,34.21,USD,11,0,USD,0,0,USD,0
2026-03-27,2026-03-27,B0GFP7HZKV,,,,0,0,,,0,0,USD,0,1661.35,USD,223,0,USD,0,0,USD,0
2026-03-27,2026-03-27,B0GFP7WWFH,,,,0,0,,,0,0,USD,0,1889.55,USD,221,0,USD,0,0,USD,0
2026-03-27,2026-03-27,B0GFP85F4D,,,,0,0,,,0,0,USD,0,1180.8,USD,180,0,USD,0,0,USD,0
2026-03-27,2026-03-27,B0GFPBHGD1,,,240,0,0,,,0,0,USD,0,522.24,USD,51,10.24,USD,1,0,USD,0
2026-03-27,2026-03-27,B0GFPBZN2J,,,12,0,0,,,0,0,USD,0,917.58,USD,246,0,USD,0,0,USD,0
2026-03-27,2026-03-27,B0GFPDWJPJ,,,52,0,0,,,0,0,USD,0,1522.5,USD,210,14.5,USD,2,0,USD,0
2026-03-27,2026-03-27,B0GFPFCGYH,,,168,0,0,,,0,0,USD,0,500.5,USD,91,0,USD,0,0,USD,0
2026-03-27,2026-03-27,B0GFPFP97J,,,,0,0,,,0,0,USD,0,1471.5,USD,150,0,USD,0,0,USD,0
2026-03-27,2026-03-27,B0GFPH36YZ,,,24,0,0,,,0,0,USD,0,1666.56,USD,448,0,USD,0,0,USD,0
2026-03-27,2026-03-27,B0GFPHBW8F,,,87,0,0,,,0,0,USD,0,1385.7,USD,298,4.65,USD,1,0,USD,0
2026-03-27,2026-03-27,B0GFPJBVNS,,,1692,0,18.25,,,0,35.64,USD,12,210.87,USD,71,0,USD,0,0,USD,0
2026-03-27,2026-03-27,B0GFPJYSZY,,,1152,0,0,,,0,0,USD,0,1463.58,USD,519,2.82,USD,1,0,USD,0
2026-03-27,2026-03-27,B0GFPKK82C,,,347,0,0,,,0,0,USD,0,867.2,USD,271,0,USD,0,0,USD,0
2026-03-27,2026-03-27,B0GFPL5G1Z,,,843,0,11.17,,,0,22.38,USD,6,4065.7,USD,1090,0,USD,0,0,USD,0
2026-03-27,2026-03-27,B0GFPMLR3N,,,20,0,0,,,0,0,USD,0,1292.7,USD,278,4.65,USD,1,0,USD,0
2026-03-27,2026-03-27,B0GFPN3622,,,,0,0,,,0,0,USD,0,1580.5,USD,218,0,USD,0,0,USD,0
2026-03-27,2026-03-27,B0GFPN366L,,,,0,0,,,0,0,USD,0,2630.04,USD,707,0,USD,0,0,USD,0
2026-03-27,2026-03-27,B0GFPN631N,,,800,0,0,,,0,0,USD,0,1927.38,USD,182,0,USD,0,0,USD,0
2026-03-27,2026-03-27,B0GFPPG7BN,,,243,0,0,,,0,0,USD,0,5587,USD,302,18.5,USD,1,0,USD,0
2026-03-27,2026-03-27,B0GFPPJ14T,,,36,0,0,,,0,0,USD,0,1551.5,USD,214,0,USD,0,0,USD,0
2026-03-27,2026-03-27,B0GFPQHFCG,,,108,0,0,,,0,0,USD,0,1112.28,USD,299,0,USD,0,0,USD,0
2026-03-27,2026-03-27,B0GFPQKWSJ,,,115,0,0,,,0,0,USD,0,1548.45,USD,333,4.65,USD,1,0,USD,0
2026-03-27,2026-03-27,B0GFPQRSTH,,,288,0,0,,,0,0,USD,0,170.85,USD,51,0,USD,0,0,USD,0
2026-03-27,2026-03-27,B0GFPR245Y,,,3,0,0,,,0,0,USD,0,1384.32,USD,224,0,USD,0,0,USD,0
2026-03-27,2026-03-27,B0GFPSDX65,,,875,0,0,,,0,0,USD,0,270.57,USD,87,0,USD,0,0,USD,0
2026-03-27,2026-03-27,B0GFPSGBVC,,,60,0,0,,,0,0,USD,0,803.52,USD,216,0,USD,0,0,USD,0
2026-03-27,2026-03-27,B0GFPT19QF,,,282,0,0,,,0,0,USD,0,1836.22,USD,213,0,USD,0,0,USD,0
2026-03-27,2026-03-27,B0GFPVPPDC,,,36,0,0,,,0,0,USD,0,1312.25,USD,181,0,USD,0,0,USD,0
2026-03-27,2026-03-27,B0GFPXJ38Y,,,5,0,0,,,0,0,USD,0,1904.72,USD,232,0,USD,0,0,USD,0
2026-03-27,2026-03-27,B0GFPXSYSZ,,,,0,0,,,0,0,USD,0,1794.9,USD,386,0,USD,0,0,USD,0
2026-03-27,2026-03-27,B0GFPYTHY9,,,,0,0,,,0,0,USD,0,1825.12,USD,244,7.48,USD,1,0,USD,0
2026-03-27,2026-03-27,B0GFPZLRHL,,,340,0,0,,,0,0,USD,0,342.1,USD,110,0,USD,0,0,USD,0
2026-03-28,2026-03-28,B000MAIC1M,,,,0,0,,,0,0,USD,0,296.66,USD,27,0,USD,0,296.66,USD,27
2026-03-28,2026-03-28,B0034CXR6K,,,4,0,0,,,0,0,USD,0,103.77,USD,9,0,USD,0,103.77,USD,9
2026-03-28,2026-03-28,B0039YWFN4,,,,0,0,,,0,0,USD,0,0,USD,0,6.61,USD,1,0,USD,0
2026-03-28,2026-03-28,B004K9S3K6,,,,0,0,,,0,0,USD,0,619.67,USD,77,44.08,USD,6,175.27,USD,22
2026-03-28,2026-03-28,B004N0YB58,,,48,0,0,,,0,0,USD,0,246.4,USD,23,0,USD,0,43.88,USD,4
2026-03-28,2026-03-28,B00751XYN2,,,,0,0,,,0,0,USD,0,40.35,USD,5,0,USD,0,40.35,USD,5
2026-03-28,2026-03-28,B007BTTDSI,,,,0,0,,,0,0,USD,0,13547.64,USD,1908,0,USD,0,11824.8,USD,1698
2026-03-28,2026-03-28,B007MZ7VE4,,,976,0,0,,,0,0,USD,0,2809.54,USD,326,33.86,USD,4,845.6,USD,100
2026-03-28,2026-03-28,B007MZ7VHG,,,512,0,0,,,0,0,USD,0,26358.24,USD,3706,6.75,USD,1,17377.8,USD,2460
2026-03-28,2026-03-28,B009UOMMWQ,,,,0,0,,,0,0,USD,0,5964.8,USD,1280,18.64,USD,4,4054.2,USD,870
2026-03-28,2026-03-28,B009UOMNE8,,,148,0,26.5,,,0,39.36,USD,12,5358.69,USD,1634,6.56,USD,2,4692.85,USD,1431
2026-03-28,2026-03-28,B009UOMO8I,,,,0,0,,,0,0,USD,0,873.9,USD,119,0,USD,0,840.54,USD,115
2026-03-28,2026-03-28,B00D8MX6NA,,,790,0,0,,,0,0,USD,0,2439.76,USD,262,53.4,USD,6,94.76,USD,12
2026-03-28,2026-03-28,B00DTFLZK2,,,40,0,0,,,0,0,USD,0,1879.85,USD,205,9.17,USD,1,1256.29,USD,137
2026-03-28,2026-03-28,B00H3ILK92,,,,0,0,,,0,0,USD,0,85.56,USD,12,5084.86,USD,819,85.56,USD,12
2026-03-28,2026-03-28,B00HUBBDIK,,,6548,0,0,,,0,0,USD,0,100155.5,USD,13919,253.86,USD,34,65788.89,USD,9450
2026-03-28,2026-03-28,B00IFV83MS,,,216,0,0,,,0,0,USD,0,5375.96,USD,663,95.03,USD,12,1474.56,USD,195
2026-03-28,2026-03-28,B00JYCPRSA,,,,0,0,,,0,0,USD,0,1510.99,USD,376,0,USD,0,1502.99,USD,374
2026-03-28,2026-03-28,B00JYCPX4I,,,160,0,0,,,0,0,USD,0,1557.64,USD,188,8.34,USD,1,266.62,USD,33
2026-03-28,2026-03-28,B00JYCPX7K,,,,0,0,,,0,0,USD,0,12005.13,USD,2218,23.78,USD,4,11900.1,USD,2205
2026-03-28,2026-03-28,B00RZUV264,,,8,0,0,,,0,0,USD,0,87.56,USD,9,0,USD,0,51.56,USD,5
2026-03-28,2026-03-28,B00SM2O0M2,,,,0,0,,,0,0,USD,0,7.48,USD,1,0,USD,0,7.48,USD,1
2026-03-28,2026-03-28,B010VIPY92,,,,0,0,,,0,0,USD,0,8.23,USD,1,0,USD,0,8.23,USD,1
2026-03-28,2026-03-28,B015RW315G,,,,0,0,,,0,0,USD,0,1559.58,USD,230,0,USD,0,559.81,USD,78
2026-03-28,2026-03-28,B018BDNC3O,,,,0,0,,,0,0,USD,0,6756.66,USD,825,7.48,USD,1,6748.32,USD,824
2026-03-28,2026-03-28,B01DWIZTMK,,,5892,0,26.6,,,0,1479.81,USD,321,13039.59,USD,2868,78.37,USD,17,2530.2,USD,588
2026-03-28,2026-03-28,B01H12JILG,,,28,0,0,,,0,0,USD,0,160.36,USD,12,40.82,USD,3,58.3,USD,5
2026-03-28,2026-03-28,B01H12OXQG,,,8,0,0,,,0,0,USD,0,92.89,USD,7,0,USD,0,11.41,USD,1
2026-03-28,2026-03-28,B01MG8UQC7,,,,0,0,,,0,0,USD,0,4488.75,USD,513,7.85,USD,1,1443.75,USD,165
2026-03-28,2026-03-28,B01N02MNVQ,,,,0,0,,,0,0,USD,0,87106.65,USD,11207,76.8,USD,10,70165.2,USD,9076
2026-03-28,2026-03-28,B01N4SC603,,,,0,0,,,0,0,USD,0,555.06,USD,66,33.64,USD,4,555.06,USD,66
2026-03-28,2026-03-28,B01N6UHPSE,,,,0,0,,,0,0,USD,0,2981.1,USD,348,0,USD,0,2912.7,USD,340
2026-03-28,2026-03-28,B06XDGNL1G,,,,0,0,,,0,0,USD,0,8.41,USD,1,0,USD,0,8.41,USD,1
2026-03-28,2026-03-28,B06XN6CYLQ,,,,0,0,,,0,0,USD,0,495.92,USD,130,0,USD,0,393.44,USD,102
2026-03-28,2026-03-28,B06XWJ7X4Q,,,,0,0,,,0,0,USD,0,0,USD,0,153.72,USD,14,0,USD,0
2026-03-28,2026-03-28,B06XWV5X9N,,,568,0,0,,,0,0,USD,0,17294.11,USD,1241,13.97,USD,1,7543.05,USD,543
2026-03-28,2026-03-28,B073GHYJ2P,,,,0,0,,,0,0,USD,0,307.55,USD,31,0,USD,0,214.05,USD,21
2026-03-28,2026-03-28,B073GMP14X,,,,0,0,,,0,0,USD,0,11.53,USD,1,0,USD,0,11.53,USD,1
2026-03-28,2026-03-28,B073RP3K8P,,,,0,0,,,0,0,USD,0,32.61,USD,3,0,USD,0,32.61,USD,3
2026-03-28,2026-03-28,B0757SCJP1,,,12,0,0,,,0,0,USD,0,209,USD,22,0,USD,0,0,USD,0
2026-03-28,2026-03-28,B075PGHPTJ,,,,0,0,,,0,0,USD,0,24.3,USD,1,0,USD,0,24.3,USD,1
2026-03-28,2026-03-28,B075SR8ZVG,,,196,0,0,,,0,0,USD,0,7169.06,USD,961,7.46,USD,1,3260.02,USD,437
2026-03-28,2026-03-28,B075TG2Q7F,,,80,0,0,,,0,0,USD,0,790.21,USD,81,0,USD,0,0,USD,0
2026-03-28,2026-03-28,B076ZY7WDR,,,,0,0,,,0,0,USD,0,10150.95,USD,810,11.25,USD,1,1586.13,USD,127
2026-03-28,2026-03-28,B0779T7WJQ,,,60,0,0,,,0,0,USD,0,893.11,USD,92,10.01,USD,1,332.55,USD,36
2026-03-28,2026-03-28,B077B8DC2W,,,1790,0,12.4,,,0,462.8,USD,40,9415.6,USD,814,23.14,USD,2,462.8,USD,40
2026-03-28,2026-03-28,B077B919QT,,,32,0,0,,,0,0,USD,0,1796.31,USD,162,0,USD,0,354.92,USD,35
2026-03-28,2026-03-28,B078TSRN4X,,,,0,0,,,0,0,USD,0,975.84,USD,100,0,USD,0,126.88,USD,13
2026-03-28,2026-03-28,B079DDJPZS,,,1440,0,0,,,0,0,USD,0,1849.88,USD,369,0,USD,0,726.11,USD,153
2026-03-28,2026-03-28,B079DDNN3K,,,1928,0,0,,,0,0,USD,0,2774.49,USD,545,10.92,USD,2,1706.61,USD,349
2026-03-28,2026-03-28,B079DF63FW,,,2201,0,26.54,,,0,2347.68,USD,584,7376.7,USD,1835,12.06,USD,3,56.28,USD,14
2026-03-28,2026-03-28,B079PTDHRL,,,,0,0,,,0,0,USD,0,45,USD,5,0,USD,0,45,USD,5
2026-03-28,2026-03-28,B079PXH2JV,,,12,0,0,,,0,0,USD,0,10.25,USD,1,0,USD,0,10.25,USD,1
2026-03-28,2026-03-28,B079PYXHZM,,,,0,0,,,0,0,USD,0,235.75,USD,23,0,USD,0,235.75,USD,23
2026-03-28,2026-03-28,B079Q19YV2,,,,0,0,,,0,0,USD,0,11.66,USD,1,0,USD,0,11.66,USD,1
2026-03-28,2026-03-28,B079QB84LZ,,,,0,0,,,0,0,USD,0,48.75,USD,5,0,USD,0,48.75,USD,5
2026-03-28,2026-03-28,B079QBGJ3J,,,,0,0,,,0,0,USD,0,23.25,USD,3,0,USD,0,23.25,USD,3
2026-03-28,2026-03-28,B07B3VMB75,,,,0,0,,,0,0,USD,0,2.85,USD,1,71.25,USD,25,2.85,USD,1
2026-03-28,2026-03-28,B07B3WP8RR,,,,0,0,,,0,0,USD,0,154.31,USD,55,0,USD,0,154.31,USD,55
2026-03-28,2026-03-28,B07B41TPFM,,,,0,0,,,0,0,USD,0,13342.24,USD,685,17.5,USD,1,8347.68,USD,429
2026-03-28,2026-03-28,B07CZDPPVJ,,,72,0,0,,,0,0,USD,0,1095.03,USD,305,7.2,USD,2,515.43,USD,144
2026-03-28,2026-03-28,B07CZLJ4P3,,,,0,0,,,0,0,USD,0,282.96,USD,72,0,USD,0,282.96,USD,72
2026-03-28,2026-03-28,B07D43N9HZ,,,,0,0,,,0,0,USD,0,27,USD,4,0,USD,0,27,USD,4
2026-03-28,2026-03-28,B07DQ5D9F9,,,135,0,0,,,0,0,USD,0,5191.31,USD,511,0,USD,0,3507.5,USD,352
2026-03-28,2026-03-28,B07DQFZWCL,,,12,0,0,,,0,0,USD,0,6379.63,USD,499,26.1,USD,2,1380.43,USD,108
2026-03-28,2026-03-28,B07FZPJ18V,,,1590,0,0,,,0,0,USD,0,9184.02,USD,2542,17.76,USD,5,3057.9,USD,838
2026-03-28,2026-03-28,B07G7THY1T,,,,0,0,,,0,0,USD,0,6.89,USD,1,0,USD,0,6.89,USD,1
2026-03-28,2026-03-28,B07G7TSMWX,,,,0,0,,,0,0,USD,0,65.28,USD,8,9.09,USD,1,65.28,USD,8
2026-03-28,2026-03-28,B07G7XSTFS,,,,0,0,,,0,0,USD,0,34,USD,4,0,USD,0,34,USD,4
2026-03-28,2026-03-28,B07H78QP9M,,,,0,0,,,0,0,USD,0,24.85,USD,7,0,USD,0,24.85,USD,7
2026-03-28,2026-03-28,B07HHQHHCY,,,,0,0,,,0,0,USD,0,3854.76,USD,364,29.59,USD,3,84.72,USD,8
2026-03-28,2026-03-28,B07HHTYXDB,,,,0,0,,,0,0,USD,0,121,USD,10,0,USD,0,121,USD,10
2026-03-28,2026-03-28,B07HSFQMN7,,,,0,0,,,0,0,USD,0,691.24,USD,109,0,USD,0,512.5,USD,82
2026-03-28,2026-03-28,B07HSFZ3SG,,,,0,0,,,0,0,USD,0,82.92,USD,17,0,USD,0,82.92,USD,17
2026-03-28,2026-03-28,B07HSJ5R7V,,,2944,0,26.5,,,0,41.68,USD,8,517.08,USD,101,4.38,USD,1,5.21,USD,1
2026-03-28,2026-03-28,B07HSJNSJR,,,11468,0,13.47,,,0,2894.48,USD,776,3626.07,USD,981,3.73,USD,1,1038.97,USD,287
2026-03-28,2026-03-28,B07HSN3YJL,,,2732,0,26.56,,,0,81.44,USD,16,4168.56,USD,906,13.21,USD,3,1713.67,USD,371
2026-03-28,2026-03-28,B07J9Q4XV9,,,,0,0,,,0,0,USD,0,8359.08,USD,492,0,USD,0,4570.31,USD,269
2026-03-28,2026-03-28,B07KCXK3G2,,,,0,0,,,0,0,USD,0,2.61,USD,1,0,USD,0,2.61,USD,1
2026-03-28,2026-03-28,B07KCXPL6V,,,192,0,0,,,0,0,USD,0,233.99,USD,57,11.91,USD,3,57.54,USD,14
2026-03-28,2026-03-28,B07KD24XBS,,,168,0,0,,,0,0,USD,0,710.44,USD,189,7.38,USD,2,625.16,USD,168
2026-03-28,2026-03-28,B07KD4TX3F,,,,0,0,,,0,0,USD,0,0,USD,0,0,USD,0,0,USD,0
2026-03-28,2026-03-28,B07KK6T42T,,,,0,0,,,0,0,USD,0,91.4,USD,20,0,USD,0,13.71,USD,3
2026-03-28,2026-03-28,B07KK79D6D,,,,0,0,,,0,0,USD,0,93.71,USD,11,0,USD,0,93.71,USD,11
2026-03-28,2026-03-28,B07KY1WY5P,,,,0,0,,,0,0,USD,0,38.25,USD,3,0,USD,0,38.25,USD,3
2026-03-28,2026-03-28,B07MG5YVJX,,,,0,0,,,0,0,USD,0,25,USD,2,0,USD,0,25,USD,2
2026-03-28,2026-03-28,B07N13SJQB,,,26,0,0,,,0,0,USD,0,4120.8,USD,404,10.2,USD,1,2427.6,USD,238
2026-03-28,2026-03-28,B07N7ZB2X1,,,2731,0,0,,,0,0,USD,0,3238.94,USD,367,9.38,USD,1,2028.92,USD,238
2026-03-28,2026-03-28,B07N7ZQX9M,,,,0,0,,,0,0,USD,0,1781.25,USD,145,12.5,USD,1,1731.25,USD,141
2026-03-28,2026-03-28,B07NC89LMZ,,,,0,0,,,0,0,USD,0,36.25,USD,5,0,USD,0,36.25,USD,5
2026-03-28,2026-03-28,B07ND5CJP2,,,,0,0,,,0,0,USD,0,16.4,USD,1,0,USD,0,16.4,USD,1
2026-03-28,2026-03-28,B07NDHMKSD,,,,0,0,,,0,0,USD,0,18133.31,USD,2755,0,USD,0,18068.61,USD,2745
2026-03-28,2026-03-28,B07NDHQZ96,,,,0,0,,,0,0,USD,0,1304.07,USD,201,0,USD,0,1291.65,USD,199
2026-03-28,2026-03-28,B07NRFGZG4,,,,0,0,,,0,0,USD,0,8.52,USD,3,0,USD,0,8.52,USD,3
2026-03-28,2026-03-28,B07P928YLJ,,,,0,0,,,0,0,USD,0,7.14,USD,1,0,USD,0,7.14,USD,1
2026-03-28,2026-03-28,B07PDJ6Z9L,,,120,0,0,,,0,0,USD,0,13217.46,USD,2534,37.35,USD,7,11621.58,USD,2248
2026-03-28,2026-03-28,B07PFG1RVP,,,,0,0,,,0,0,USD,0,0,USD,0,5.18,USD,2,0,USD,0
2026-03-28,2026-03-28,B07PP8CLLB,,,36,0,0,,,0,0,USD,0,434.72,USD,52,0,USD,0,0,USD,0
2026-03-28,2026-03-28,B07PPD8Q8V,,,179,0,0,,,0,0,USD,0,36040.06,USD,4054,44.45,USD,5,6614.16,USD,744
2026-03-28,2026-03-28,B07PQHZF2Y,,,63,0,0,,,0,0,USD,0,397.42,USD,31,11.5,USD,1,0,USD,0
2026-03-28,2026-03-28,B07QB9MX8P,,,444,0,26.58,,,0,64.92,USD,12,12385.74,USD,2294,32.46,USD,6,1764.69,USD,329
2026-03-28,2026-03-28,B07QGH299S,,,,0,0,,,0,0,USD,0,17.25,USD,3,0,USD,0,17.25,USD,3
2026-03-28,2026-03-28,B07QGH4DVH,,,430,0,0,,,0,0,USD,0,9301.5,USD,2385,3.9,USD,1,331.5,USD,85
2026-03-28,2026-03-28,B07QSCH73L,,,,0,0,,,0,0,USD,0,0,USD,0,191.52,USD,24,0,USD,0
2026-03-28,2026-03-28,B07R9PTGXN,,,884,0,0,,,0,0,USD,0,373.93,USD,44,0,USD,0,140.65,USD,17
2026-03-28,2026-03-28,B07V2LTV4R,,,,0,0,,,0,0,USD,0,3399.03,USD,303,0,USD,0,1696.63,USD,143
2026-03-28,2026-03-28,B07V5TGM2Q,,,348,0,26.58,,,0,76.56,USD,24,5131.66,USD,1636,12.57,USD,4,1377.78,USD,432
2026-03-28,2026-03-28,B07VKPJ87J,,,,0,0,,,0,0,USD,0,4703.72,USD,304,0,USD,0,1659.54,USD,102
2026-03-28,2026-03-28,B07VVDXJ98,,,,0,0,,,0,0,USD,0,218.5,USD,23,0,USD,0,218.5,USD,23
2026-03-28,2026-03-28,B07VZNYQGN,,,296,0,0,,,0,0,USD,0,5045.05,USD,392,51.48,USD,4,296.02,USD,23
2026-03-28,2026-03-28,B07VZPCHCV,,,,0,0,,,0,0,USD,0,1439.92,USD,123,0,USD,0,1148.74,USD,100
2026-03-28,2026-03-28,B07WZW46JX,,,864,0,12.4,,,0,3647.36,USD,328,32698.8,USD,2944,120.04,USD,11,6778.08,USD,613
2026-03-28,2026-03-28,B07XZW9ZBM,,,,0,0,,,0,0,USD,0,,,,,,,,,
2026-03-28,2026-03-28,B07XZWFKMB,,,,0,0,,,0,0,USD,0,0,USD,0,25.95,USD,5,0,USD,0
2026-03-28,2026-03-28,B07XZX6HXF,,,258,0,0,,,0,0,USD,0,873.2,USD,148,0,USD,0,165.2,USD,28
2026-03-28,2026-03-28,B07ZK4RFHD,,,2256,0,0,,,0,0,USD,0,1586.04,USD,339,4.68,USD,1,1515.84,USD,324
2026-03-28,2026-03-28,B07ZK55B22,,,,0,0,,,0,0,USD,0,14.68,USD,4,0,USD,0,14.68,USD,4
2026-03-28,2026-03-28,B07ZK55SVC,,,228,0,0,,,0,0,USD,0,3145.24,USD,188,50.19,USD,3,117.11,USD,7
2026-03-28,2026-03-28,B07ZK55T38,,,398,0,0,,,0,0,USD,0,7362.27,USD,1287,17.43,USD,3,1277.59,USD,239
2026-03-28,2026-03-28,B07ZK596HV,,,39,0,0,,,0,0,USD,0,2112.5,USD,312,0,USD,0,902.1,USD,134
2026-03-28,2026-03-28,B07ZWDGT79,,,420,0,0,,,0,0,USD,0,5005.5,USD,470,10.65,USD,1,915.9,USD,86
2026-03-28,2026-03-28,B0849HCYJ6,,,,0,0,,,0,0,USD,0,8390.22,USD,802,10.73,USD,1,609.14,USD,58
2026-03-28,2026-03-28,B084C5XNYT,,,,0,0,,,0,0,USD,0,80.25,USD,15,5.35,USD,1,80.25,USD,15
2026-03-28,2026-03-28,B084DC7GR8,,,27,0,0,,,0,0,USD,0,2134.74,USD,225,19.08,USD,2,1724.52,USD,182
2026-03-28,2026-03-28,B084DCY6Q6,,,,0,0,,,0,0,USD,0,28.14,USD,2,0,USD,0,28.14,USD,2
2026-03-28,2026-03-28,B084DZ44KR,,,,0,0,,,0,0,USD,0,197.37,USD,18,0,USD,0,86.77,USD,8
2026-03-28,2026-03-28,B084DZ9YKG,,,16,0,0,,,0,0,USD,0,1852.72,USD,145,0,USD,0,1088.96,USD,83
2026-03-28,2026-03-28,B084DZC34B,,,84,0,26.5,,,0,40.68,USD,4,2577.5,USD,258,10.18,USD,1,1916.44,USD,193
2026-03-28,2026-03-28,B084DZFGZ6,,,1472,0,12.39,,,0,995.68,USD,112,5342.68,USD,602,106.68,USD,12,1591.1,USD,180
2026-03-28,2026-03-28,B085H7SDHD,,,,0,0,,,0,0,USD,0,247.51,USD,51,0,USD,0,247.51,USD,51
2026-03-28,2026-03-28,B0866QQHH8,,,12,0,0,,,0,0,USD,0,234.63,USD,51,0,USD,0,76.23,USD,19
2026-03-28,2026-03-28,B0866S52S1,,,,0,0,,,0,0,USD,0,5.2,USD,1,0,USD,0,5.2,USD,1
2026-03-28,2026-03-28,B086W79KK2,,,66,0,0,,,0,0,USD,0,,,,,,,,,
2026-03-28,2026-03-28,B0875Z9QNV,,,16,0,0,,,0,0,USD,0,359.1,USD,35,10.5,USD,1,107.1,USD,11
2026-03-28,2026-03-28,B087F2K7NY,,,,0,0,,,0,0,USD,0,22.56,USD,3,0,USD,0,22.56,USD,3
2026-03-28,2026-03-28,B087F3B6NN,,,,0,0,,,0,0,USD,0,24.7,USD,6,0,USD,0,24.7,USD,6
2026-03-28,2026-03-28,B0888XDN6R,,,,0,0,,,0,0,USD,0,15.45,USD,3,0,USD,0,15.45,USD,3
2026-03-28,2026-03-28,B0888XPMP5,,,,0,0,,,0,0,USD,0,24.66,USD,6,0,USD,0,24.66,USD,6
2026-03-28,2026-03-28,B0889H4NWW,,,,0,0,,,0,0,USD,0,1065.9,USD,190,28.05,USD,5,1065.9,USD,190
2026-03-28,2026-03-28,B089DN6RSH,,,102,0,0,,,0,0,USD,0,3158.97,USD,407,8.08,USD,1,1466.01,USD,195
2026-03-28,2026-03-28,B08B42NJG2,,,,0,0,,,0,0,USD,0,0,USD,0,37.05,USD,3,0,USD,0
2026-03-28,2026-03-28,B08B42P9JQ,,,48,0,0,,,0,0,USD,0,1074.71,USD,119,18.22,USD,2,728.53,USD,81
2026-03-28,2026-03-28,B08B43Y7DK,,,88,0,0,,,0,0,USD,0,1336.68,USD,141,0,USD,0,1336.68,USD,141
2026-03-28,2026-03-28,B08CJZBFG6,,,30,0,0,,,0,0,USD,0,168.05,USD,25,0,USD,0,35.75,USD,5
2026-03-28,2026-03-28,B08CK2F4SL,,,,0,0,,,0,0,USD,0,1897,USD,555,0,USD,0,1655.9,USD,485
2026-03-28,2026-03-28,B08CK3G9NT,,,4,0,0,,,0,0,USD,0,77.08,USD,9,0,USD,0,39.48,USD,5
2026-03-28,2026-03-28,B08CK5L53L,,,,0,0,,,0,0,USD,0,1851.23,USD,550,0,USD,0,1816.77,USD,540
2026-03-28,2026-03-28,B08CWRNH2J,,,12,0,0,,,0,0,USD,0,79.2,USD,16,0,USD,0,0,USD,0
2026-03-28,2026-03-28,B08CWXNRGR,,,96,0,0,,,0,0,USD,0,1487.79,USD,154,0,USD,0,1243.71,USD,127
2026-03-28,2026-03-28,B08CX14HLP,,,412,0,0,,,0,0,USD,0,13612.8,USD,1364,0,USD,0,3677.96,USD,380
2026-03-28,2026-03-28,B08CX5168M,,,,0,0,,,0,0,USD,0,473.97,USD,55,0,USD,0,473.97,USD,55
2026-03-28,2026-03-28,B08CX9FXD2,,,164,0,0,,,0,0,USD,0,684.41,USD,89,15.38,USD,2,338.36,USD,44
2026-03-28,2026-03-28,B08CXCHTB8,,,,0,0,,,0,0,USD,0,813.46,USD,70,0,USD,0,813.46,USD,70
2026-03-28,2026-03-28,B08FPBY5P2,,,152,0,0,,,0,0,USD,0,26738.94,USD,4278,6.25,USD,1,26700,USD,4272
2026-03-28,2026-03-28,B08FPMQXZQ,,,,0,0,,,0,0,USD,0,723.3,USD,50,0,USD,0,536.2,USD,36
2026-03-28,2026-03-28,B08FPS18T7,,,24,0,0,,,0,0,USD,0,,,,,,,,,
2026-03-28,2026-03-28,B08FPTD1CB,,,,0,0,,,0,0,USD,0,1133,USD,156,0,USD,0,700.73,USD,97
2026-03-28,2026-03-28,B08FPTFQYS,,,,0,0,,,0,0,USD,0,24.18,USD,3,0,USD,0,24.18,USD,3
2026-03-28,2026-03-28,B08FZ11BZL,,,220,0,0,,,0,0,USD,0,2197.72,USD,167,0,USD,0,1789.76,USD,136
2026-03-28,2026-03-28,B08GTQQTP8,,,,0,0,,,0,0,USD,0,10,USD,1,0,USD,0,10,USD,1
2026-03-28,2026-03-28,B08GTTT2K1,,,792,0,0,,,0,0,USD,0,7336.78,USD,1954,22.18,USD,6,4753.66,USD,1267
2026-03-28,2026-03-28,B08GV37D8S,,,68,0,0,,,0,0,USD,0,52.48,USD,8,6.56,USD,1,0,USD,0
2026-03-28,2026-03-28,B08GYLV34K,,,5,0,0,,,0,0,USD,0,17051.5,USD,2060,25.35,USD,3,7413.46,USD,878
2026-03-28,2026-03-28,B08KKCPW4P,,,1,0,0,,,0,0,USD,0,815.37,USD,193,4.57,USD,1,600.58,USD,146
2026-03-28,2026-03-28,B08L71ZHJ3,,,2,0,0,,,0,0,USD,0,170.94,USD,36,0,USD,0,125.58,USD,27
2026-03-28,2026-03-28,B08L72XJHR,,,,0,0,,,0,0,USD,0,87.76,USD,8,0,USD,0,87.76,USD,8
2026-03-28,2026-03-28,B08L75B7FN,,,,0,0,,,0,0,USD,0,20.16,USD,4,0,USD,0,20.16,USD,4
2026-03-28,2026-03-28,B08LDZSZV6,,,,0,0,,,0,0,USD,0,,,,,,,,,
2026-03-28,2026-03-28,B08LF3MRPH,,,286,0,15.6,,,0,150.3,USD,10,2093.4,USD,143,0,USD,0,339.75,USD,26
2026-03-28,2026-03-28,B08LF4MJ43,,,1357,0,0,,,0,0,USD,0,2501.96,USD,194,51.16,USD,4,429.98,USD,32
2026-03-28,2026-03-28,B08M95FCZK,,,,0,0,,,0,0,USD,0,353.99,USD,50,0,USD,0,353.99,USD,50
2026-03-28,2026-03-28,B08M9M9R5X,,,30,0,0,,,0,0,USD,0,784.89,USD,57,0,USD,0,426.87,USD,31
2026-03-28,2026-03-28,B08M9S4PMZ,,,,0,0,,,0,0,USD,0,6.75,USD,1,0,USD,0,6.75,USD,1
2026-03-28,2026-03-28,B08NDXWPPW,,,280,0,12.4,,,0,178.4,USD,20,10240.07,USD,1166,17.84,USD,2,1694.8,USD,190
2026-03-28,2026-03-28,B08PN58K6M,,,770,0,0,,,0,0,USD,0,7335.1,USD,2107,21.54,USD,6,4418.65,USD,1294
2026-03-28,2026-03-28,B08PQ87PMF,,,,0,0,,,0,0,USD,0,9.4,USD,1,0,USD,0,9.4,USD,1
2026-03-28,2026-03-28,B08QQL8KZG,,,168,0,0,,,0,0,USD,0,3181.39,USD,489,6.19,USD,1,2299.47,USD,361
2026-03-28,2026-03-28,B08QQRFQNC,,,6250,0,0,,,0,0,USD,0,937.44,USD,168,94.86,USD,17,0,USD,0
2026-03-28,2026-03-28,B08QR6G349,,,-95,0,0,,,0,0,USD,0,8263.94,USD,1532,104.28,USD,19,4297.86,USD,788
2026-03-28,2026-03-28,B08QR6GSY8,,,306,0,0,,,0,0,USD,0,4216.66,USD,1203,3.61,USD,1,2953.16,USD,853
2026-03-28,2026-03-28,B08QR7L5RW,,,,0,0,,,0,0,USD,0,44.04,USD,12,0,USD,0,40.37,USD,11
2026-03-28,2026-03-28,B08QRCDL4N,,,174,0,0,,,0,0,USD,0,725.61,USD,201,0,USD,0,267.14,USD,74
2026-03-28,2026-03-28,B08QVB5H5Z,,,,0,0,,,0,0,USD,0,337.56,USD,95,0,USD,0,289.2,USD,82
2026-03-28,2026-03-28,B08R5J8Z28,,,,0,0,,,0,0,USD,0,176.09,USD,40,0,USD,0,55.67,USD,13
2026-03-28,2026-03-28,B08RRWMYVF,,,,0,0,,,0,0,USD,0,0,USD,0,37.44,USD,12,0,USD,0
2026-03-28,2026-03-28,B08RRYYGC2,,,,0,0,,,0,0,USD,0,0,USD,0,3.12,USD,1,0,USD,0
2026-03-28,2026-03-28,B08SYYQ9R9,,,,0,0,,,0,0,USD,0,0,USD,0,92.24,USD,4,0,USD,0
2026-03-28,2026-03-28,B08WYQFF3M,,,,0,0,,,0,0,USD,0,5.58,USD,1,0,USD,0,5.58,USD,1
2026-03-28,2026-03-28,B091YDV22K,,,102,0,0,,,0,0,USD,0,9836.13,USD,563,104.83,USD,6,3127.63,USD,179
2026-03-28,2026-03-28,B0932TB3Z6,,,780,0,26.5,,,0,120.4,USD,8,9946.5,USD,661,15.05,USD,1,58.65,USD,4
2026-03-28,2026-03-28,B093MTGKXC,,,,0,0,,,0,0,USD,0,2811.83,USD,334,0,USD,0,1529.05,USD,178
2026-03-28,2026-03-28,B094PHGQ1G,,,,0,0,,,0,0,USD,0,896,USD,128,7,USD,1,427,USD,61
2026-03-28,2026-03-28,B097WQ7ZK3,,,,0,0,,,0,0,USD,0,5.55,USD,1,0,USD,0,5.55,USD,1
2026-03-28,2026-03-28,B097WZB6NW,,,,0,0,,,0,0,USD,0,42.9,USD,6,0,USD,0,42.9,USD,6
2026-03-28,2026-03-28,B0992QXNP6,,,,0,0,,,0,0,USD,0,228,USD,12,0,USD,0,228,USD,12
2026-03-28,2026-03-28,B0992V3RFP,,,,0,0,,,0,0,USD,0,,,,,,,,,
2026-03-28,2026-03-28,B099DSPZ99,,,,0,0,,,0,0,USD,0,2603.58,USD,210,0,USD,0,2603.58,USD,210
2026-03-28,2026-03-28,B099NXFTK2,,,,0,0,,,0,0,USD,0,169.8,USD,8,0,USD,0,169.8,USD,8
2026-03-28,2026-03-28,B099VXHYMC,,,,0,0,,,0,0,USD,0,918.66,USD,78,0,USD,0,918.66,USD,78
2026-03-28,2026-03-28,B09CQYL1J9,,,,0,0,,,0,0,USD,0,1032.41,USD,77,0,USD,0,1032.41,USD,77
2026-03-28,2026-03-28,B09CR5RX65,,,,0,0,,,0,0,USD,0,6929.04,USD,773,26.02,USD,3,3335.16,USD,365
2026-03-28,2026-03-28,B09CR6BDW3,,,,0,0,,,0,0,USD,0,234.99,USD,23,0,USD,0,47.28,USD,4
2026-03-28,2026-03-28,B09CR6YVHS,,,,0,0,,,0,0,USD,0,46.14,USD,6,0,USD,0,46.14,USD,6
2026-03-28,2026-03-28,B09CR7N6X7,,,,0,0,,,0,0,USD,0,15,USD,2,0,USD,0,15,USD,2
2026-03-28,2026-03-28,B09CR89VFM,,,,0,0,,,0,0,USD,0,84,USD,10,0,USD,0,84,USD,10
2026-03-28,2026-03-28,B09CR8L4CG,,,,0,0,,,0,0,USD,0,615.78,USD,81,7.69,USD,1,615.78,USD,81
2026-03-28,2026-03-28,B09CR9G46J,,,54,0,0,,,0,0,USD,0,1381.3,USD,141,0,USD,0,1381.3,USD,141
2026-03-28,2026-03-28,B09CRCN6PJ,,,,0,0,,,0,0,USD,0,301.7,USD,32,0,USD,0,103.25,USD,11
2026-03-28,2026-03-28,B09CRDVHZ6,,,6,0,0,,,0,0,USD,0,1962.37,USD,222,17.72,USD,2,1032.07,USD,117
2026-03-28,2026-03-28,B09CRJYDM4,,,,0,0,,,0,0,USD,0,345.36,USD,24,0,USD,0,0,USD,0
2026-03-28,2026-03-28,B09CRJYF7N,,,36,0,0,,,0,0,USD,0,1744.05,USD,105,16.61,USD,1,16.61,USD,1
2026-03-28,2026-03-28,B09DF5T7VC,,,,0,0,,,0,0,USD,0,31.35,USD,3,0,USD,0,0,USD,0
2026-03-28,2026-03-28,B09FG6YKK1,,,,0,0,,,0,0,USD,0,1291.86,USD,232,6.45,USD,1,1291.86,USD,232
2026-03-28,2026-03-28,B09FG6YP43,,,,0,0,,,0,0,USD,0,104.04,USD,18,0,USD,0,104.04,USD,18
2026-03-28,2026-03-28,B09FG78TY3,,,,0,0,,,0,0,USD,0,0,USD,0,22.5,USD,3,0,USD,0
2026-03-28,2026-03-28,B09FG7H2P6,,,,0,0,,,0,0,USD,0,2467.5,USD,321,0,USD,0,2328.72,USD,303
2026-03-28,2026-03-28,B09FG7PLZK,,,,0,0,,,0,0,USD,0,673.66,USD,63,0,USD,0,673.66,USD,63
2026-03-28,2026-03-28,B09FG7VZ6B,,,4,0,0,,,0,0,USD,0,275,USD,20,0,USD,0,0,USD,0
2026-03-28,2026-03-28,B09FG815Q8,,,,0,0,,,0,0,USD,0,44.6,USD,4,11.15,USD,1,44.6,USD,4
2026-03-28,2026-03-28,B09FG8179S,,,16,0,0,,,0,0,USD,0,738.72,USD,57,0,USD,0,609.12,USD,47
2026-03-28,2026-03-28,B09FG88MKW,,,384,0,0,,,0,0,USD,0,9437.3,USD,1276,45.48,USD,6,3286.24,USD,464
2026-03-28,2026-03-28,B09FG8LF87,,,,0,0,,,0,0,USD,0,8.1,USD,1,0,USD,0,8.1,USD,1
2026-03-28,2026-03-28,B09FG92BCJ,,,48,0,0,,,0,0,USD,0,0,USD,0,10.14,USD,1,0,USD,0
2026-03-28,2026-03-28,B09FG9GV5X,,,,0,0,,,0,0,USD,0,9.8,USD,1,0,USD,0,9.8,USD,1
2026-03-28,2026-03-28,B09FGB8TQ4,,,,0,0,,,0,0,USD,0,85.76,USD,9,0,USD,0,85.76,USD,9
2026-03-28,2026-03-28,B09GPW9NXL,,,236,0,0,,,0,0,USD,0,6.8,USD,1,0,USD,0,6.8,USD,1
2026-03-28,2026-03-28,B09GPYFHY7,,,8,0,0,,,0,0,USD,0,8405.08,USD,624,13.68,USD,1,1614.24,USD,118
2026-03-28,2026-03-28,B09GPYH76H,,,361,0,0,,,0,0,USD,0,9062.24,USD,1084,24.22,USD,3,1688.72,USD,202
2026-03-28,2026-03-28,B09JBDPC2P,,,12,0,0,,,0,0,USD,0,1621.2,USD,168,9.65,USD,1,521.1,USD,54
2026-03-28,2026-03-28,B09JBDTVK5,,,,0,0,,,0,0,USD,0,116.73,USD,14,0,USD,0,40.05,USD,5
2026-03-28,2026-03-28,B09JBDXBQF,,,,0,0,,,0,0,USD,0,1455.33,USD,110,0,USD,0,1455.33,USD,110
2026-03-28,2026-03-28,B09JBFTDN8,,,,0,0,,,0,0,USD,0,1291.59,USD,110,0,USD,0,788.22,USD,68
2026-03-28,2026-03-28,B09JBHSP2P,,,,0,0,,,0,0,USD,0,13.5,USD,2,0,USD,0,13.5,USD,2
2026-03-28,2026-03-28,B09JBNHVFZ,,,6373,0,26.53,,,0,2995.2,USD,288,107016,USD,10290,436.8,USD,42,18491.2,USD,1778
2026-03-28,2026-03-28,B09JBY6LML,,,12,0,0,,,0,0,USD,0,102.08,USD,16,6.38,USD,1,0,USD,0
2026-03-28,2026-03-28,B09LC5T863,,,,0,0,,,0,0,USD,0,0,USD,0,224.45,USD,54,0,USD,0
2026-03-28,2026-03-28,B09LCDRS5G,,,,0,0,,,0,0,USD,0,2634.4,USD,296,0,USD,0,1517.51,USD,167
2026-03-28,2026-03-28,B09LCF8RNW,,,,0,0,,,0,0,USD,0,512.45,USD,37,0,USD,0,512.45,USD,37
2026-03-28,2026-03-28,B09LCJZPRS,,,,0,0,,,0,0,USD,0,0,USD,0,792,USD,88,0,USD,0
2026-03-28,2026-03-28,B09LCNC5R5,,,,0,0,,,0,0,USD,0,2826.72,USD,156,0,USD,0,2029.44,USD,112
2026-03-28,2026-03-28,B09LCP82TF,,,,0,0,,,0,0,USD,0,51.05,USD,8,7.07,USD,1,27.5,USD,5
2026-03-28,2026-03-28,B09LCQ8H4Y,,,,0,0,,,0,0,USD,0,1462.6,USD,155,0,USD,0,1452.56,USD,154
2026-03-28,2026-03-28,B09LCQHYQP,,,,0,0,,,0,0,USD,0,70.65,USD,9,0,USD,0,7.85,USD,1
2026-03-28,2026-03-28,B09NZ6ZVZ4,,,30,0,0,,,0,0,USD,0,495.96,USD,45,0,USD,0,162.9,USD,15
2026-03-28,2026-03-28,B09NZHD4YK,,,2585,0,26.53,,,0,756.6,USD,156,1316.7,USD,272,38.3,USD,8,21.75,USD,5
2026-03-28,2026-03-28,B09NZN6W3L,,,96,0,19.17,,,0,43.32,USD,12,554.94,USD,165,0,USD,0,35.41,USD,10
2026-03-28,2026-03-28,B09NZNBZ7N,,,204,0,0,,,0,0,USD,0,2627.25,USD,360,0,USD,0,838.75,USD,115
2026-03-28,2026-03-28,B09PGV61BW,,,453,0,0,,,0,0,USD,0,18755.6,USD,2057,101.48,USD,11,15083.18,USD,1669
2026-03-28,2026-03-28,B09PGVGCH5,,,4926,0,12.33,,,0,22.38,USD,6,193482.96,USD,51892,272.29,USD,73,189698.98,USD,50874
2026-03-28,2026-03-28,B09PGVLVHL,,,1540,0,26.5,,,0,241.68,USD,24,37312.01,USD,3706,40.28,USD,4,32387.78,USD,3217
2026-03-28,2026-03-28,B09PGVSD2N,,,,0,0,,,0,0,USD,0,173.76,USD,59,0,USD,0,173.76,USD,59
2026-03-28,2026-03-28,B09PGVTTZ1,,,96,0,0,,,0,0,USD,0,8282.97,USD,2265,56.88,USD,16,5407.14,USD,1494
2026-03-28,2026-03-28,B09PGVZ5TJ,,,,0,0,,,0,0,USD,0,108727.68,USD,34224,44.42,USD,14,107836.43,USD,33941
2026-03-28,2026-03-28,B09PGWQBB5,,,6,0,0,,,0,0,USD,0,8.84,USD,2,4.2,USD,1,8.84,USD,2
2026-03-28,2026-03-28,B09PRTHHQS,,,,0,0,,,0,0,USD,0,196,USD,25,0,USD,0,126,USD,18
2026-03-28,2026-03-28,B09PRTNMC5,,,,0,0,,,0,0,USD,0,7.5,USD,1,7.5,USD,1,7.5,USD,1
2026-03-28,2026-03-28,B09PRV1LVQ,,,15,0,0,,,0,0,USD,0,213,USD,32,0,USD,0,153,USD,24
2026-03-28,2026-03-28,B09QQWS4M5,,,,0,0,,,0,0,USD,0,9746.72,USD,1125,36.28,USD,4,6884.37,USD,807
2026-03-28,2026-03-28,B09QRB8SYX,,,,0,0,,,0,0,USD,0,162,USD,18,0,USD,0,162,USD,18
2026-03-28,2026-03-28,B09QRBBFQX,,,,0,0,,,0,0,USD,0,5.65,USD,1,0,USD,0,5.65,USD,1
2026-03-28,2026-03-28,B09QRCV9S8,,,,0,0,,,0,0,USD,0,14400.24,USD,1836,32.77,USD,4,13021.87,USD,1672
2026-03-28,2026-03-28,B09QRD7TLX,,,,0,0,,,0,0,USD,0,23,USD,4,0,USD,0,23,USD,4
2026-03-28,2026-03-28,B09QRD8WCF,,,,0,0,,,0,0,USD,0,7.02,USD,1,0,USD,0,7.02,USD,1
2026-03-28,2026-03-28,B09QRFPLD1,,,2345,0,26.58,,,0,232.8,USD,48,1742.55,USD,363,9.7,USD,2,156.6,USD,36
2026-03-28,2026-03-28,B09QRHSWLG,,,140,0,0,,,0,0,USD,0,4601.5,USD,866,16.04,USD,3,3226.85,USD,626
2026-03-28,2026-03-28,B09QRK2MSL,,,,0,0,,,0,0,USD,0,8604.34,USD,979,16.7,USD,2,6641.82,USD,756
2026-03-28,2026-03-28,B09QRL5W33,,,,0,0,,,0,0,USD,0,9683.95,USD,1877,36.55,USD,7,9683.95,USD,1877
2026-03-28,2026-03-28,B09QRLZN89,,,,0,0,,,0,0,USD,0,4203.16,USD,1097,312.11,USD,83,3378.95,USD,885
2026-03-28,2026-03-28,B09QRMYDK6,,,,0,0,,,0,0,USD,0,19944.5,USD,2053,66.38,USD,7,16893.22,USD,1745
2026-03-28,2026-03-28,B09QRN4RMC,,,232,0,0,,,0,0,USD,0,4042.17,USD,435,0,USD,0,3772.98,USD,408
2026-03-28,2026-03-28,B09QRP863Z,,,436,0,0,,,0,0,USD,0,3892.75,USD,611,25.64,USD,4,3247.32,USD,510
2026-03-28,2026-03-28,B09QRS3DXV,,,,0,0,,,0,0,USD,0,36.3,USD,3,0,USD,0,0,USD,0
2026-03-28,2026-03-28,B09QRTDTK3,,,68,0,0,,,0,0,USD,0,560.23,USD,131,0,USD,0,15.4,USD,4
2026-03-28,2026-03-28,B09QRTSFY4,,,12,0,0,,,0,0,USD,0,185.74,USD,46,68.55,USD,19,169.1,USD,42
2026-03-28,2026-03-28,B09S27RTMF,,,,0,0,,,0,0,USD,0,1935.93,USD,193,0,USD,0,1401.16,USD,140
2026-03-28,2026-03-28,B09S28QYQ5,,,,0,0,,,0,0,USD,0,5328.1,USD,416,13.1,USD,1,5079.2,USD,397
2026-03-28,2026-03-28,B09S2FJRL1,,,12,0,0,,,0,0,USD,0,61412,USD,7560,88.31,USD,11,61215.7,USD,7535
2026-03-28,2026-03-28,B09Y2DCH6Z,,,,0,0,,,0,0,USD,0,2113.55,USD,191,0,USD,0,1199.25,USD,109
2026-03-28,2026-03-28,B09Y2DHRB8,,,,0,0,,,0,0,USD,0,4960.15,USD,510,9.5,USD,1,3748.84,USD,395
2026-03-28,2026-03-28,B09Y2DHRBC,,,131,0,26.5,,,0,55.72,USD,4,2321.86,USD,167,26.44,USD,2,1276.72,USD,92
2026-03-28,2026-03-28,B09Y2DSNDZ,,,20,0,0,,,0,0,USD,0,444,USD,37,0,USD,0,0,USD,0
2026-03-28,2026-03-28,B09Y2GP7T7,,,,0,0,,,0,0,USD,0,2359.63,USD,202,22.91,USD,2,914.38,USD,79
2026-03-28,2026-03-28,B0B6GJ6WJX,,,96,0,0,,,0,0,USD,0,1212.04,USD,245,0,USD,0,803.98,USD,171
2026-03-28,2026-03-28,B0B6GKT49Q,,,,0,0,,,0,0,USD,0,1089.5,USD,98,0,USD,0,752,USD,71
2026-03-28,2026-03-28,B0B6GL64PW,,,,0,0,,,0,0,USD,0,142.72,USD,32,0,USD,0,142.72,USD,32
2026-03-28,2026-03-28,B0B6GL6WJM,,,576,0,0,,,0,0,USD,0,12496.18,USD,2268,49.59,USD,9,3156.73,USD,573
2026-03-28,2026-03-28,B0B9HTM5GG,,,51,0,0,,,0,0,USD,0,3407.89,USD,360,8.5,USD,1,1286.32,USD,136
2026-03-28,2026-03-28,B0BG66QWF3,,,,0,0,,,0,0,USD,0,526.82,USD,53,0,USD,0,526.82,USD,53
2026-03-28,2026-03-28,B0C6FWJSYY,,,270,0,0,,,0,0,USD,0,3131.78,USD,501,0,USD,0,227.14,USD,37
2026-03-28,2026-03-28,B0C6FX7KC9,,,,0,0,,,0,0,USD,0,328.32,USD,60,6,USD,1,114,USD,19
2026-03-28,2026-03-28,B0C6FXGD4Q,,,24,0,0,,,0,0,USD,0,2108.79,USD,195,0,USD,0,648.09,USD,60
2026-03-28,2026-03-28,B0C6FXMLXQ,,,,0,0,,,0,0,USD,0,0,USD,0,641.52,USD,81,0,USD,0
2026-03-28,2026-03-28,B0C6FXN4FM,,,32,0,0,,,0,0,USD,0,874.38,USD,57,0,USD,0,276.12,USD,18
2026-03-28,2026-03-28,B0C6FXNMS6,,,4,0,0,,,0,0,USD,0,3469.63,USD,303,0,USD,0,850.45,USD,73
2026-03-28,2026-03-28,B0C6FXP2FS,,,,0,0,,,0,0,USD,0,2473.21,USD,180,0,USD,0,875.51,USD,65
2026-03-28,2026-03-28,B0C6FXV47T,,,,0,0,,,0,0,USD,0,2498.55,USD,267,10.32,USD,1,739.61,USD,76
2026-03-28,2026-03-28,B0C6FXVWNP,,,,0,0,,,0,0,USD,0,0,USD,0,682.32,USD,104,0,USD,0
2026-03-28,2026-03-28,B0C6FY4MWC,,,4,0,0,,,0,0,USD,0,5049.39,USD,483,0,USD,0,4409.5,USD,422
2026-03-28,2026-03-28,B0C6FY722F,,,,0,0,,,0,0,USD,0,8602.46,USD,1317,13.1,USD,2,8111.21,USD,1242
2026-03-28,2026-03-28,B0C6FY95QT,,,,0,0,,,0,0,USD,0,424.26,USD,69,0,USD,0,191.26,USD,31
2026-03-28,2026-03-28,B0C6FY997J,,,,0,0,,,0,0,USD,0,5599.26,USD,821,0,USD,0,3668.26,USD,528
2026-03-28,2026-03-28,B0C6FYN14M,,,,0,0,,,0,0,USD,0,1063.23,USD,183,0,USD,0,34.86,USD,6
2026-03-28,2026-03-28,B0C6FYTP23,,,69,0,26.33,,,0,55.05,USD,3,3476.28,USD,192,18.35,USD,1,789.05,USD,43
2026-03-28,2026-03-28,B0C6FYX7YZ,,,,0,0,,,0,0,USD,0,8317.95,USD,1074,0,USD,0,4343.1,USD,579
2026-03-28,2026-03-28,B0C6FYZFRG,,,4,0,0,,,0,0,USD,0,2126.78,USD,174,0,USD,0,411.78,USD,34
2026-03-28,2026-03-28,B0C6FZ355R,,,4,0,0,,,0,0,USD,0,168.02,USD,11,0,USD,0,70.7,USD,5
2026-03-28,2026-03-28,B0C6FZ4MCH,,,,0,0,,,0,0,USD,0,386.67,USD,71,10.51,USD,2,295.47,USD,52
2026-03-28,2026-03-28,B0C6FZPJ61,,,28,0,0,,,0,0,USD,0,1506.28,USD,223,0,USD,0,549.09,USD,79
2026-03-28,2026-03-28,B0C6G1VP7W,,,,0,0,,,0,0,USD,0,77.5,USD,5,0,USD,0,77.5,USD,5
2026-03-28,2026-03-28,B0C7DGWFP2,,,,0,0,,,0,0,USD,0,153.12,USD,22,0,USD,0,153.12,USD,22
2026-03-28,2026-03-28,B0CBSX59GF,,,656,0,0,,,0,0,USD,0,12927.6,USD,2835,4.56,USD,1,1997.28,USD,438
2026-03-28,2026-03-28,B0CDYF5SM1,,,1813,0,0,,,0,0,USD,0,14586.01,USD,4687,40.43,USD,13,8145.17,USD,2627
2026-03-28,2026-03-28,B0CDYFSR39,,,,0,0,,,0,0,USD,0,,,,,,,,,
2026-03-28,2026-03-28,B0CDYHBJ37,,,,0,0,,,0,0,USD,0,1285.01,USD,375,3.27,USD,1,889.65,USD,263
2026-03-28,2026-03-28,B0CDYM2XMN,,,,0,0,,,0,0,USD,0,26366.89,USD,3201,0,USD,0,26281.12,USD,3191
2026-03-28,2026-03-28,B0CDYPF958,,,12,0,0,,,0,0,USD,0,1774.13,USD,328,17.21,USD,3,374.53,USD,79
2026-03-28,2026-03-28,B0CDYRLZ8X,,,,0,0,,,0,0,USD,0,560.7,USD,63,0,USD,0,560.7,USD,63
2026-03-28,2026-03-28,B0CDYRRGQ3,,,,0,0,,,0,0,USD,0,0,USD,0,123,USD,12,0,USD,0
2026-03-28,2026-03-28,B0CDYSG4BC,,,508,0,18.27,,,0,593.04,USD,84,8419.48,USD,1200,21.18,USD,3,3555.1,USD,511
2026-03-28,2026-03-28,B0CDYVK9JZ,,,,0,0,,,0,0,USD,0,978.15,USD,155,0,USD,0,877.8,USD,140
2026-03-28,2026-03-28,B0CDYW89T8,,,6,0,0,,,0,0,USD,0,20578.98,USD,2024,0,USD,0,17267.76,USD,1705
2026-03-28,2026-03-28,B0CDYWRTWJ,,,28,0,0,,,0,0,USD,0,971.35,USD,101,0,USD,0,868.25,USD,91
2026-03-28,2026-03-28,B0CDYZ3M42,,,,0,0,,,0,0,USD,0,8015.61,USD,2759,11.2,USD,4,7868.11,USD,2709
2026-03-28,2026-03-28,B0CDYZN632,,,,0,0,,,0,0,USD,0,6268.55,USD,538,12.1,USD,1,5421.55,USD,468
2026-03-28,2026-03-28,B0CDZ2V4S7,,,3876,0,0,,,0,0,USD,0,17138.88,USD,6257,177.1,USD,66,9449.26,USD,3449
2026-03-28,2026-03-28,B0CDZ2W2MV,,,52,0,0,,,0,0,USD,0,14866.58,USD,1814,33.04,USD,4,13275.8,USD,1621
2026-03-28,2026-03-28,B0CN7C211F,,,,0,0,,,0,0,USD,0,17013.16,USD,5096,9.68,USD,3,4459.46,USD,1337
2026-03-28,2026-03-28,B0CN7CJ61R,,,,0,0,,,0,0,USD,0,10173.93,USD,2225,9.3,USD,2,8730.66,USD,1914
2026-03-28,2026-03-28,B0CN7DM51G,,,348,0,0,,,0,0,USD,0,2969.96,USD,681,4.17,USD,1,1828.58,USD,434
2026-03-28,2026-03-28,B0CN7DWBSW,,,696,0,0,,,0,0,USD,0,8717.6,USD,680,25.64,USD,2,1076.88,USD,84
2026-03-28,2026-03-28,B0CN7DWWFP,,,444,0,0,,,0,0,USD,0,20188.02,USD,4354,64.62,USD,14,1327.62,USD,298
2026-03-28,2026-03-28,B0CN7DWWVM,,,12,0,0,,,0,0,USD,0,1999.52,USD,652,3,USD,1,1518,USD,506
2026-03-28,2026-03-28,B0CN7F4B9Z,,,228,0,0,,,0,0,USD,0,7245.13,USD,1581,8.81,USD,2,1241.44,USD,287
2026-03-28,2026-03-28,B0CN7F4PKC,,,,0,0,,,0,0,USD,0,17825.79,USD,3843,27.42,USD,6,14245.29,USD,3073
2026-03-28,2026-03-28,B0CN7FLF5T,,,175,0,5,,,0,3.34,USD,1,4602.34,USD,1381,6.34,USD,2,103.36,USD,34
2026-03-28,2026-03-28,B0CN7FQ8V5,,,,0,0,,,0,0,USD,0,1447.08,USD,481,0,USD,0,1275,USD,425
2026-03-28,2026-03-28,B0CN7FVF7W,,,,0,0,,,0,0,USD,0,30426.8,USD,5528,55.1,USD,10,30000.94,USD,5450
2026-03-28,2026-03-28,B0CN7G1D22,,,,0,0,,,0,0,USD,0,100581.12,USD,8358,136.6,USD,12,88361.66,USD,7185
2026-03-28,2026-03-28,B0CN7GZ3PZ,,,,0,0,,,0,0,USD,0,9105.56,USD,1072,0,USD,0,7714.52,USD,911
2026-03-28,2026-03-28,B0CN7H8SY1,,,24,0,0,,,0,0,USD,0,5844.96,USD,465,36.82,USD,3,3604.66,USD,295
2026-03-28,2026-03-28,B0CPKGW3GZ,,,1219,0,0,,,0,0,USD,0,43413.6,USD,4135,158.54,USD,16,31514.8,USD,3011
2026-03-28,2026-03-28,B0CPKKHT8P,,,1296,0,0,,,0,0,USD,0,44309.63,USD,8607,128.53,USD,25,10483.21,USD,2012
2026-03-28,2026-03-28,B0CRSGZN8V,,,24,0,0,,,0,0,USD,0,4327.62,USD,474,0,USD,0,1269.07,USD,139
2026-03-28,2026-03-28,B0CRSNJQ1D,,,108,0,0,,,0,0,USD,0,4172.31,USD,459,9.09,USD,1,18.18,USD,2
2026-03-28,2026-03-28,B0CRSRW7LM,,,169,0,0,,,0,0,USD,0,5323.04,USD,390,24.8,USD,2,287.4,USD,20
2026-03-28,2026-03-28,B0CRSS87CF,,,,0,0,,,0,0,USD,0,1951.6,USD,735,2.28,USD,1,1951.6,USD,735
2026-03-28,2026-03-28,B0CRST49RH,,,,0,0,,,0,0,USD,0,5233.05,USD,1203,0,USD,0,5233.05,USD,1203
2026-03-28,2026-03-28,B0CRSTB7ZN,,,,0,0,,,0,0,USD,0,2827.85,USD,249,0,USD,0,1722.2,USD,158
2026-03-28,2026-03-28,B0CRSTZKQP,,,,0,0,,,0,0,USD,0,255.3,USD,23,49.15,USD,4,255.3,USD,23
2026-03-28,2026-03-28,B0CRSVHRJZ,,,4,0,0,,,0,0,USD,0,16081.21,USD,1021,13.59,USD,1,6427.15,USD,387
2026-03-28,2026-03-28,B0CRSVK7YK,,,684,0,26.56,,,0,53.1,USD,18,987.1,USD,346,2.95,USD,1,351.25,USD,127
2026-03-28,2026-03-28,B0CRSW79S3,,,,0,0,,,0,0,USD,0,1968.84,USD,845,2.15,USD,1,1813.49,USD,780
2026-03-28,2026-03-28,B0CRSWLNGF,,,12,0,0,,,0,0,USD,0,910.96,USD,124,0,USD,0,322.84,USD,46
2026-03-28,2026-03-28,B0CRSWQDDP,,,,0,0,,,0,0,USD,0,941.65,USD,81,0,USD,0,868.75,USD,75
2026-03-28,2026-03-28,B0CRSX72PJ,,,,0,0,,,0,0,USD,0,2950.53,USD,1000,0,USD,0,897.74,USD,318
2026-03-28,2026-03-28,B0CRSX7SMP,,,,0,0,,,0,0,USD,0,1947.68,USD,158,14.8,USD,1,1947.68,USD,158
2026-03-28,2026-03-28,B0CRSX9GLW,,,,0,0,,,0,0,USD,0,29757.92,USD,1924,91.23,USD,6,24714.7,USD,1598
2026-03-28,2026-03-28,B0CRSYBT4N,,,852,0,26.58,,,0,221.76,USD,48,826.98,USD,179,0,USD,0,0,USD,0
2026-03-28,2026-03-28,B0CRSZ5F46,,,84,0,0,,,0,0,USD,0,313.46,USD,87,3.62,USD,1,117.98,USD,33
2026-03-28,2026-03-28,B0CTVD6WHG,,,12,0,0,,,0,0,USD,0,1515.75,USD,129,0,USD,0,1139.75,USD,97
2026-03-28,2026-03-28,B0CTVJJM1S,,,,0,0,,,0,0,USD,0,4010.16,USD,196,20.46,USD,1,1739.1,USD,85
2026-03-28,2026-03-28,B0CTVLQG7M,,,20,0,0,,,0,0,USD,0,3767.46,USD,463,0,USD,0,3255.06,USD,403
2026-03-28,2026-03-28,B0CTVNF2F2,,,428,0,0,,,0,0,USD,0,4680.36,USD,575,82.8,USD,10,3912.84,USD,489
2026-03-28,2026-03-28,B0CV62Y5XS,,,,0,0,,,0,0,USD,0,808.86,USD,78,0,USD,0,259.25,USD,25
2026-03-28,2026-03-28,B0CV63138M,,,,0,0,,,0,0,USD,0,2375.67,USD,154,28.64,USD,2,1377.84,USD,87
2026-03-28,2026-03-28,B0CV633WZQ,,,30,0,0,,,0,0,USD,0,515.01,USD,67,7.8,USD,1,327.81,USD,43
2026-03-28,2026-03-28,B0CV63ZXXJ,,,396,0,0,,,0,0,USD,0,7652.03,USD,2836,5.4,USD,2,5853.8,USD,2170
2026-03-28,2026-03-28,B0CV644NCW,,,2082,0,12.4,,,0,1494.6,USD,564,16329.15,USD,6183,36.7,USD,14,5893.2,USD,2244
2026-03-28,2026-03-28,B0CV644ND4,,,,0,0,,,0,0,USD,0,0,USD,0,1773.2,USD,260,0,USD,0
2026-03-28,2026-03-28,B0CV645STH,,,96,0,0,,,0,0,USD,0,2582.46,USD,794,0,USD,0,2575.44,USD,792
2026-03-28,2026-03-28,B0CV646DB1,,,,0,0,,,0,0,USD,0,275,USD,22,0,USD,0,275,USD,22
2026-03-28,2026-03-28,B0CV64GG57,,,504,0,26.59,,,0,775.68,USD,96,9687.92,USD,1199,0,USD,0,7611.36,USD,942
2026-03-28,2026-03-28,B0CV64MN43,,,108,0,26.58,,,0,90.24,USD,24,4688.25,USD,1246,3.77,USD,1,3185.31,USD,845
2026-03-28,2026-03-28,B0CV9BP132,,,56,0,0,,,0,0,USD,0,588.76,USD,122,0,USD,0,363.04,USD,78
2026-03-28,2026-03-28,B0CV9MJLFY,,,132,0,0,,,0,0,USD,0,3135.9,USD,230,0,USD,0,2268.01,USD,171
2026-03-28,2026-03-28,B0CV9NJ3DM,,,96,0,0,,,0,0,USD,0,649.77,USD,136,4.6,USD,1,368.14,USD,81
2026-03-28,2026-03-28,B0CV9P21LL,,,80,0,0,,,0,0,USD,0,956.9,USD,190,15.39,USD,3,285.16,USD,56
2026-03-28,2026-03-28,B0CV9PB632,,,,0,0,,,0,0,USD,0,1974.96,USD,429,4.6,USD,1,1961.16,USD,426
2026-03-28,2026-03-28,B0D1LQFWHY,,,1316,0,15.72,,,0,446.4,USD,180,4999.5,USD,2016,17.36,USD,7,2532.08,USD,1021
2026-03-28,2026-03-28,B0D1LTYNHJ,,,1362,0,12.4,,,0,401.76,USD,162,3360.4,USD,1355,9.92,USD,4,1140.8,USD,460
2026-03-28,2026-03-28,B0D94LQ18G,,,4565,0,0,,,0,0,USD,0,19455.24,USD,6118,28.62,USD,9,193.98,USD,61
2026-03-28,2026-03-28,B0D94N5PBM,,,,0,0,,,0,0,USD,0,459.9,USD,126,0,USD,0,459.9,USD,126
2026-03-28,2026-03-28,B0D94N6DX3,,,260,0,0,,,0,0,USD,0,3233.09,USD,713,8.82,USD,2,2063.49,USD,461
2026-03-28,2026-03-28,B0D94NB6ZF,,,1428,0,0,,,0,0,USD,0,38023.35,USD,2697,70.5,USD,5,13855.95,USD,983
2026-03-28,2026-03-28,B0D94NDZ6F,,,88,0,26.5,,,0,105.6,USD,16,3145.14,USD,485,0,USD,0,1292.01,USD,204
2026-03-28,2026-03-28,B0D94NG7J5,,,2082,0,0,,,0,0,USD,0,52677.6,USD,3736,70.5,USD,5,26916.9,USD,1909
2026-03-28,2026-03-28,B0D94NH2TP,,,2962,0,12.4,,,0,1484.8,USD,320,7963.22,USD,1716,18.58,USD,4,961.37,USD,207
2026-03-28,2026-03-28,B0D94NKVD2,,,54,0,0,,,0,0,USD,0,2031.75,USD,357,0,USD,0,1921.05,USD,339
2026-03-28,2026-03-28,B0D94NLQWV,,,,0,0,,,0,0,USD,0,529.44,USD,48,0,USD,0,0,USD,0
2026-03-28,2026-03-28,B0D94P2YN9,,,,0,0,,,0,0,USD,0,841.96,USD,217,3.88,USD,1,3.88,USD,1
2026-03-28,2026-03-28,B0D94P6L2P,,,48,0,0,,,0,0,USD,0,12044.13,USD,1743,13.82,USD,2,9010.64,USD,1304
2026-03-28,2026-03-28,B0D94PDW22,,,,0,0,,,0,0,USD,0,7793.13,USD,744,17.03,USD,2,4928.03,USD,459
2026-03-28,2026-03-28,B0D94PFW9L,,,2424,0,0,,,0,0,USD,0,21372.67,USD,2563,42.05,USD,5,8793.03,USD,1067
2026-03-28,2026-03-28,B0D94PL6S2,,,,0,0,,,0,0,USD,0,145.2,USD,30,0,USD,0,145.2,USD,30
2026-03-28,2026-03-28,B0D94PLH9Z,,,18,0,0,,,0,0,USD,0,23.64,USD,2,0,USD,0,23.64,USD,2
2026-03-28,2026-03-28,B0D94PNMY4,,,200,0,26.5,,,0,53.6,USD,8,454.1,USD,68,0,USD,0,92.3,USD,14
2026-03-28,2026-03-28,B0D94PQJ6M,,,,0,0,,,0,0,USD,0,1679.94,USD,122,0,USD,0,828.42,USD,62
2026-03-28,2026-03-28,B0D94PQQK4,,,12,0,0,,,0,0,USD,0,2912.34,USD,675,0,USD,0,1341.51,USD,312
2026-03-28,2026-03-28,B0D94PQX5Z,,,,0,0,,,0,0,USD,0,677.16,USD,228,0,USD,0,641.52,USD,216
2026-03-28,2026-03-28,B0D94PS8BC,,,,0,0,,,0,0,USD,0,402.5,USD,35,0,USD,0,402.5,USD,35
2026-03-28,2026-03-28,B0D94PSCVL,,,,0,0,,,0,0,USD,0,4146.12,USD,1402,0,USD,0,4146.12,USD,1402
2026-03-28,2026-03-28,B0D94PST9Q,,,4,0,0,,,0,0,USD,0,754.38,USD,54,0,USD,0,754.38,USD,54
2026-03-28,2026-03-28,B0D94PVSYC,,,112,0,0,,,0,0,USD,0,2494.65,USD,400,12.26,USD,2,1593.23,USD,257
2026-03-28,2026-03-28,B0D94PXBBF,,,,0,0,,,0,0,USD,0,233.6,USD,64,0,USD,0,233.6,USD,64
2026-03-28,2026-03-28,B0D94PXWGZ,,,505,0,26.63,,,0,74.4,USD,16,4593.72,USD,988,9.3,USD,2,799.32,USD,172
2026-03-28,2026-03-28,B0D94Q18B3,,,,0,0,,,0,0,USD,0,1267.67,USD,383,0,USD,0,1174.33,USD,357
2026-03-28,2026-03-28,B0D94Q59QN,,,60,0,26.58,,,0,210,USD,24,4830,USD,552,8.75,USD,1,2441.25,USD,279
2026-03-28,2026-03-28,B0D94Q7Q4J,,,,0,0,,,0,0,USD,0,0,USD,0,872.36,USD,113,0,USD,0
2026-03-28,2026-03-28,B0D94Q8C1N,,,,0,0,,,0,0,USD,0,9.9,USD,1,0,USD,0,9.9,USD,1
2026-03-28,2026-03-28,B0D94QBRYC,,,,0,0,,,0,0,USD,0,1203.84,USD,288,0,USD,0,869.44,USD,208
2026-03-28,2026-03-28,B0D94QF2NM,,,,0,0,,,0,0,USD,0,1191.86,USD,349,0,USD,0,1159.55,USD,340
2026-03-28,2026-03-28,B0D94QFZ62,,,,0,0,,,0,0,USD,0,7099.9,USD,823,9.28,USD,1,1956.02,USD,214
2026-03-28,2026-03-28,B0D94QKZGL,,,12,0,0,,,0,0,USD,0,687.81,USD,210,0,USD,0,317.17,USD,97
2026-03-28,2026-03-28,B0D94QPK5N,,,311,0,0,,,0,0,USD,0,241.64,USD,64,7.56,USD,2,7.28,USD,2
2026-03-28,2026-03-28,B0D94QX4SY,,,4,0,0,,,0,0,USD,0,1652.71,USD,382,0,USD,0,756.4,USD,175
2026-03-28,2026-03-28,B0D94QZPPF,,,929,0,33.17,,,0,68.52,USD,6,30948.33,USD,2710,102.78,USD,9,5253.33,USD,460
2026-03-28,2026-03-28,B0D94R47SQ,,,360,0,0,,,0,0,USD,0,12190.1,USD,1144,150.5,USD,14,7040.85,USD,665
2026-03-28,2026-03-28,B0D94RBTKT,,,,0,0,,,0,0,USD,0,2686.84,USD,196,13.93,USD,1,667.2,USD,48
2026-03-28,2026-03-28,B0D94RDFKP,,,,0,0,,,0,0,USD,0,757.72,USD,86,0,USD,0,570.68,USD,64
2026-03-28,2026-03-28,B0D94RKR1Q,,,,0,0,,,0,0,USD,0,14.52,USD,3,0,USD,0,14.52,USD,3
2026-03-28,2026-03-28,B0DB5Z7MZ8,,,604,0,0,,,0,0,USD,0,4268,USD,275,15.52,USD,1,124.16,USD,8
2026-03-28,2026-03-28,B0DB626ZHW,,,150,0,0,,,0,0,USD,0,5823.12,USD,398,72.24,USD,5,749.28,USD,50
2026-03-28,2026-03-28,B0DB69BC9Y,,,254,0,0,,,0,0,USD,0,373.89,USD,58,0,USD,0,220.71,USD,35
2026-03-28,2026-03-28,B0DCHHCNLQ,,,3,0,0,,,0,0,USD,0,355.26,USD,31,0,USD,0,34.38,USD,3
2026-03-28,2026-03-28,B0DCWD6LY3,,,,0,0,,,0,0,USD,0,7025.15,USD,2651,34.25,USD,13,6285.8,USD,2372
2026-03-28,2026-03-28,B0DCWD7VJ2,,,380,0,0,,,0,0,USD,0,189.08,USD,29,0,USD,0,0,USD,0
2026-03-28,2026-03-28,B0DCWDLS1V,,,4608,0,26.53,,,0,268.56,USD,72,1179.34,USD,316,18.68,USD,5,100.98,USD,27
2026-03-28,2026-03-28,B0DCWHYVWM,,,464,0,0,,,0,0,USD,0,283.05,USD,61,4.64,USD,1,0,USD,0
2026-03-28,2026-03-28,B0DCWJ5M91,,,,0,0,,,0,0,USD,0,0,USD,0,3.32,USD,1,0,USD,0
2026-03-28,2026-03-28,B0DCWM4183,,,104,0,0,,,0,0,USD,0,1444.38,USD,200,14.5,USD,2,582.75,USD,81
2026-03-28,2026-03-28,B0DCWMCHMP,,,40,0,0,,,0,0,USD,0,4102.16,USD,566,7.25,USD,1,2761.5,USD,381
2026-03-28,2026-03-28,B0DCWMPYV5,,,440,0,0,,,0,0,USD,0,1895.74,USD,262,20.99,USD,3,266.69,USD,37
2026-03-28,2026-03-28,B0DCWPX2ZB,,,948,0,0,,,0,0,USD,0,1576.3,USD,534,0,USD,0,851.62,USD,290
2026-03-28,2026-03-28,B0DCWRMM6R,,,108,0,0,,,0,0,USD,0,4947.34,USD,922,5.52,USD,1,2388.55,USD,457
2026-03-28,2026-03-28,B0DCWRZ424,,,212,0,0,,,0,0,USD,0,180.96,USD,39,0,USD,0,0,USD,0
2026-03-28,2026-03-28,B0DJBZSKFR,,,240,0,0,,,0,0,USD,0,2408.75,USD,534,0,USD,0,1034.7,USD,238
2026-03-28,2026-03-28,B0DJC112SG,,,60,0,0,,,0,0,USD,0,29098.32,USD,6280,22.77,USD,5,26233.92,USD,5664
2026-03-28,2026-03-28,B0DJC36T8Q,,,624,0,0,,,0,0,USD,0,1162.38,USD,250,9.3,USD,2,162.75,USD,35
2026-03-28,2026-03-28,B0DJC42CS5,,,108,0,0,,,0,0,USD,0,2824.45,USD,608,9.3,USD,2,111.12,USD,24
2026-03-28,2026-03-28,B0DK7VTR9L,,,240,0,0,,,0,0,USD,0,2480.69,USD,691,21.54,USD,6,118.47,USD,33
2026-03-28,2026-03-28,B0DK7VV44J,,,,0,0,,,0,0,USD,0,1471.68,USD,168,0,USD,0,1217.64,USD,139
2026-03-28,2026-03-28,B0DK7VX73Y,,,156,0,0,,,0,0,USD,0,6409.64,USD,2012,9.57,USD,3,4696.61,USD,1475
2026-03-28,2026-03-28,B0DK7W7HPS,,,438,0,0,,,0,0,USD,0,2424.36,USD,534,13.62,USD,3,2369.88,USD,522
2026-03-28,2026-03-28,B0DK7W7J4B,,,,0,0,,,0,0,USD,0,209,USD,38,0,USD,0,209,USD,38
2026-03-28,2026-03-28,B0DK7WF2GH,,,30,0,0,,,0,0,USD,0,720,USD,202,28.72,USD,8,483.06,USD,136
2026-03-28,2026-03-28,B0DK7WHGSC,,,594,0,26.58,,,0,38.4,USD,12,1433.17,USD,449,9.6,USD,3,329.17,USD,104
2026-03-28,2026-03-28,B0DK7WMQZW,,,60,0,0,,,0,0,USD,0,600.69,USD,107,0,USD,0,162.33,USD,29
2026-03-28,2026-03-28,B0DK7WNHN3,,,,0,0,,,0,0,USD,0,291.5,USD,53,0,USD,0,242,USD,44
2026-03-28,2026-03-28,B0DK7WPBC3,,,192,0,0,,,0,0,USD,0,1165.39,USD,368,9.6,USD,3,326.99,USD,106
2026-03-28,2026-03-28,B0DK7WRZJ5,,,66,0,0,,,0,0,USD,0,1005.2,USD,280,0,USD,0,0,USD,0
2026-03-28,2026-03-28,B0DNNG43NP,,,544,0,0,,,0,0,USD,0,2095.28,USD,737,0,USD,0,2024.92,USD,713
2026-03-28,2026-03-28,B0DNNG4TFQ,,,,0,0,,,0,0,USD,0,1811.81,USD,181,0,USD,0,1721.72,USD,172
2026-03-28,2026-03-28,B0DNNGCKN4,,,808,0,0,,,0,0,USD,0,837.76,USD,308,2.99,USD,1,697.11,USD,260
2026-03-28,2026-03-28,B0DNNGD48K,,,160,0,0,,,0,0,USD,0,3450.06,USD,179,0,USD,0,3321.6,USD,173
2026-03-28,2026-03-28,B0DNNGKT1C,,,2464,0,0,,,0,0,USD,0,2960.7,USD,1022,14.95,USD,5,1189.4,USD,429
2026-03-28,2026-03-28,B0DNNGR95W,,,1304,0,0,,,0,0,USD,0,6517.07,USD,557,46.83,USD,4,5796.45,USD,495
2026-03-28,2026-03-28,B0DNNGW5QV,,,156,0,0,,,0,0,USD,0,16213.24,USD,1538,10.92,USD,1,1859.99,USD,171
2026-03-28,2026-03-28,B0DNNH9PY8,,,35,0,0,,,0,0,USD,0,5615.33,USD,637,9.19,USD,1,229.75,USD,25
2026-03-28,2026-03-28,B0DNNHC33X,,,,0,0,,,0,0,USD,0,7402.85,USD,777,0,USD,0,5455.02,USD,582
2026-03-28,2026-03-28,B0DNNHSBSN,,,136,0,0,,,0,0,USD,0,1049.17,USD,369,0,USD,0,864.3,USD,307
2026-03-28,2026-03-28,B0DNNKJ62R,,,404,0,0,,,0,0,USD,0,6452.92,USD,431,29.2,USD,2,5042.44,USD,344
2026-03-28,2026-03-28,B0DSJX8N63,,,3629,0,0,,,0,0,USD,0,37616.5,USD,4097,137.75,USD,15,5477.24,USD,596
2026-03-28,2026-03-28,B0DSJX9JLL,,,,0,0,,,0,0,USD,0,198.74,USD,19,10.46,USD,1,198.74,USD,19
2026-03-28,2026-03-28,B0DSJY57BN,,,56,0,0,,,0,0,USD,0,2908.82,USD,227,47.32,USD,4,11.5,USD,1
2026-03-28,2026-03-28,B0DTB5JRV9,,,145,0,0,,,0,0,USD,0,5861.89,USD,1911,3.14,USD,1,94.2,USD,30
2026-03-28,2026-03-28,B0DWNHLTP3,,,32,0,0,,,0,0,USD,0,944.52,USD,204,4.63,USD,1,481.52,USD,104
2026-03-28,2026-03-28,B0DWNJ74H1,,,72,0,0,,,0,0,USD,0,64.34,USD,26,0,USD,0,61.72,USD,25
2026-03-28,2026-03-28,B0DWNJNHYN,,,720,0,0,,,0,0,USD,0,563.63,USD,359,1.57,USD,1,0,USD,0
2026-03-28,2026-03-28,B0DWNJT1JM,,,12,0,0,,,0,0,USD,0,170.76,USD,66,0,USD,0,34.52,USD,14
2026-03-28,2026-03-28,B0DWNK16RJ,,,,0,0,,,0,0,USD,0,1783.33,USD,250,0,USD,0,478.8,USD,64
2026-03-28,2026-03-28,B0DWNKBC38,,,132,0,0,,,0,0,USD,0,11941.12,USD,2187,54.6,USD,10,9227.4,USD,1690
2026-03-28,2026-03-28,B0DWNKBMHZ,,,524,0,0,,,0,0,USD,0,11434.5,USD,2475,13.86,USD,3,97.02,USD,21
2026-03-28,2026-03-28,B0DWNKWDKG,,,60,0,0,,,0,0,USD,0,1874.62,USD,344,16.38,USD,3,574.84,USD,106
2026-03-28,2026-03-28,B0DWNL9S2N,,,,0,0,,,0,0,USD,0,1612.6,USD,358,0,USD,0,1178.32,USD,264
2026-03-28,2026-03-28,B0DWNLQR7V,,,,0,0,,,0,0,USD,0,3791.86,USD,1136,3.34,USD,1,2946.84,USD,883
2026-03-28,2026-03-28,B0DWNLR37Q,,,24,0,0,,,0,0,USD,0,156.77,USD,62,0,USD,0,110.42,USD,44
2026-03-28,2026-03-28,B0DWNMPYFL,,,28,0,0,,,0,0,USD,0,5478.42,USD,393,27.88,USD,2,724.88,USD,52
2026-03-28,2026-03-28,B0DWNNQWK2,,,128,0,0,,,0,0,USD,0,1029.66,USD,393,0,USD,0,382.52,USD,146
2026-03-28,2026-03-28,B0DWNSJB7B,,,16,0,0,,,0,0,USD,0,1395.93,USD,109,0,USD,0,328.25,USD,24
2026-03-28,2026-03-28,B0DWP7MRWM,,,,0,0,,,0,0,USD,0,9464.2,USD,743,0,USD,0,9438.9,USD,741
2026-03-28,2026-03-28,B0DXQ86ZW3,,,96,0,0,,,0,0,USD,0,1561.29,USD,715,2.22,USD,1,797.61,USD,371
2026-03-28,2026-03-28,B0DXQ8HXN8,,,102,0,0,,,0,0,USD,0,2203.5,USD,565,15.6,USD,4,1719.9,USD,441
2026-03-28,2026-03-28,B0DXQ9Q2V5,,,432,0,26.58,,,0,46.2,USD,12,5003.44,USD,1300,0,USD,0,606.74,USD,158
2026-03-28,2026-03-28,B0DXQ9XTQN,,,48,0,0,,,0,0,USD,0,698.02,USD,233,0,USD,0,462.52,USD,158
2026-03-28,2026-03-28,B0DXQ9ZRMB,,,16,0,0,,,0,0,USD,0,795.32,USD,150,0,USD,0,394.88,USD,69
2026-03-28,2026-03-28,B0DXQBNY5Z,,,30,0,0,,,0,0,USD,0,722.11,USD,203,3.22,USD,1,682.62,USD,192
2026-03-28,2026-03-28,B0DXQC1HH1,,,54,0,26.5,,,0,33.9,USD,6,491.55,USD,87,0,USD,0,118.65,USD,21
2026-03-28,2026-03-28,B0DXQCJPH7,,,84,0,26.58,,,0,203.4,USD,36,7451.4,USD,1391,0,USD,0,3657.75,USD,649
2026-03-28,2026-03-28,B0DXQCVQZL,,,264,0,0,,,0,0,USD,0,1753.95,USD,378,4.64,USD,1,366.59,USD,79
2026-03-28,2026-03-28,B0DY9G36WY,,,196,0,0,,,0,0,USD,0,2393.82,USD,318,39,USD,5,70.2,USD,9
2026-03-28,2026-03-28,B0F2JFRNJ7,,,2080,0,26.54,,,0,2973.6,USD,360,14529.34,USD,1759,33.04,USD,4,41.3,USD,5
2026-03-28,2026-03-28,B0F2JJ3H3F,,,408,0,0,,,0,0,USD,0,3265.6,USD,2080,6.28,USD,4,1109.99,USD,707
2026-03-28,2026-03-28,B0F2JJ5KX7,,,180,0,0,,,0,0,USD,0,6441.62,USD,650,21.2,USD,2,1950.4,USD,184
2026-03-28,2026-03-28,B0F2JJQJP2,,,114,0,0,,,0,0,USD,0,2620.95,USD,519,10.1,USD,2,550.45,USD,109
2026-03-28,2026-03-28,B0F2JJRZ7N,,,252,0,0,,,0,0,USD,0,5272.97,USD,524,10.6,USD,1,1749,USD,165
2026-03-28,2026-03-28,B0F2JJWFWM,,,132,0,0,,,0,0,USD,0,4257.44,USD,328,0,USD,0,947.54,USD,73
2026-03-28,2026-03-28,B0F2JK7LB5,,,290,0,0,,,0,0,USD,0,2436,USD,1218,0,USD,0,0,USD,0
2026-03-28,2026-03-28,B0F2JLC66F,,,4,0,0,,,0,0,USD,0,3912.61,USD,235,15.73,USD,1,222,USD,12
2026-03-28,2026-03-28,B0FDLBLFNJ,,,,0,0,,,0,0,USD,0,4547.07,USD,1531,0,USD,0,4428.27,USD,1491
2026-03-28,2026-03-28,B0FDMQ7PQJ,,,264,0,0,,,0,0,USD,0,146.7,USD,18,0,USD,0,0,USD,0
2026-03-28,2026-03-28,B0FFHPNT31,,,216,0,19.2,,,0,79.5,USD,30,3990.9,USD,1506,0,USD,0,2408.85,USD,909
2026-03-28,2026-03-28,B0FFJ6S69P,,,702,0,26.56,,,0,82.62,USD,18,9230.49,USD,2011,9.18,USD,2,3506.76,USD,764
2026-03-28,2026-03-28,B0FJYMY8KT,,,408,0,0,,,0,0,USD,0,4501.29,USD,1007,0,USD,0,321.84,USD,72
2026-03-28,2026-03-28,B0FKHFY61P,,,,0,0,,,0,0,USD,0,1818.15,USD,391,0,USD,0,1604.25,USD,345
2026-03-28,2026-03-28,B0FKHG1H2W,,,192,0,0,,,0,0,USD,0,3808.86,USD,1194,9.57,USD,3,1378.08,USD,432
2026-03-28,2026-03-28,B0FKHHS6TV,,,900,0,0,,,0,0,USD,0,6311.64,USD,1412,8.94,USD,2,67.05,USD,15
2026-03-28,2026-03-28,B0FKHJ6K81,,,1225,0,0,,,0,0,USD,0,7560.71,USD,2027,7.46,USD,2,5210.81,USD,1397
2026-03-28,2026-03-28,B0FKHJ7FBB,,,,0,0,,,0,0,USD,0,18634.56,USD,2256,0,USD,0,18601.52,USD,2252
2026-03-28,2026-03-28,B0FKHJ7ZPZ,,,312,0,12.33,,,0,111.6,USD,24,3975.75,USD,855,0,USD,0,237.15,USD,51
2026-03-28,2026-03-28,B0FKHKDQB2,,,12,0,0,,,0,0,USD,0,1232.25,USD,265,0,USD,0,1232.25,USD,265
2026-03-28,2026-03-28,B0FKHKQLXT,,,684,0,0,,,0,0,USD,0,3575.85,USD,769,9.3,USD,2,13.95,USD,3
2026-03-28,2026-03-28,B0FKHL5Z3S,,,,0,0,,,0,0,USD,0,19237.05,USD,4137,9.3,USD,2,18520.95,USD,3983
2026-03-28,2026-03-28,B0FKHLKMY3,,,20,0,0,,,0,0,USD,0,3543.54,USD,429,24.78,USD,3,2288.02,USD,277
2026-03-28,2026-03-28,B0FKHM2XSS,,,268,0,0,,,0,0,USD,0,2230.2,USD,413,0,USD,0,405,USD,75
2026-03-28,2026-03-28,B0FKHM824G,,,48,0,0,,,0,0,USD,0,3929.25,USD,845,0,USD,0,971.85,USD,209
2026-03-28,2026-03-28,B0FKHNTPK6,,,52,0,0,,,0,0,USD,0,1222.32,USD,264,4.63,USD,1,504.67,USD,109
2026-03-28,2026-03-28,B0FKHNVBCS,,,,0,0,,,0,0,USD,0,653.4,USD,121,0,USD,0,361.8,USD,67
2026-03-28,2026-03-28,B0FKHQGH38,,,372,0,0,,,0,0,USD,0,9583.68,USD,2144,13.41,USD,3,2342.28,USD,524
2026-03-28,2026-03-28,B0FL8YNBXC,,,,0,0,,,0,0,USD,0,4445.42,USD,562,0,USD,0,4445.42,USD,562
2026-03-28,2026-03-28,B0FMWKM6LP,,,160,0,0,,,0,0,USD,0,1311,USD,460,11.4,USD,4,225.15,USD,79
2026-03-28,2026-03-28,B0FMWPRWX5,,,384,0,0,,,0,0,USD,0,9662.08,USD,974,49.6,USD,5,3769.6,USD,380
2026-03-28,2026-03-28,B0FMWXNVPY,,,,0,0,,,0,0,USD,0,2081.64,USD,166,0,USD,0,2081.64,USD,166
2026-03-28,2026-03-28,B0FMXCL5QQ,,,16,0,0,,,0,0,USD,0,1863.75,USD,175,0,USD,0,394.05,USD,37
2026-03-28,2026-03-28,B0FMXMC7LF,,,,0,0,,,0,0,USD,0,13909.17,USD,1119,12.43,USD,1,13834.59,USD,1113
2026-03-28,2026-03-28,B0FMXMGVDZ,,,4,0,0,,,0,0,USD,0,4066.1,USD,365,0,USD,0,1359.08,USD,122
2026-03-28,2026-03-28,B0FMXMXX5T,,,120,0,0,,,0,0,USD,0,3688.56,USD,654,0,USD,0,2994.84,USD,531
2026-03-28,2026-03-28,B0FMXTPN96,,,,0,0,,,0,0,USD,0,1449.6,USD,151,0,USD,0,1449.6,USD,151
2026-03-28,2026-03-28,B0FMYS7V94,,,744,0,0,,,0,0,USD,0,449.68,USD,292,0,USD,0,210.98,USD,137
2026-03-28,2026-03-28,B0FN8TXX67,,,336,0,0,,,0,0,USD,0,1306.15,USD,173,0,USD,0,1026.8,USD,136
2026-03-28,2026-03-28,B0FN91VKFJ,,,,0,0,,,0,0,USD,0,128.25,USD,45,0,USD,0,105.45,USD,37
2026-03-28,2026-03-28,B0FN92BM26,,,52,0,0,,,0,0,USD,0,1214.22,USD,177,0,USD,0,1214.22,USD,177
2026-03-28,2026-03-28,B0FN9838G2,,,,0,0,,,0,0,USD,0,13369.68,USD,4792,0,USD,0,13350.15,USD,4785
2026-03-28,2026-03-28,B0FN984LBY,,,192,0,0,,,0,0,USD,0,48,USD,15,0,USD,0,0,USD,0
2026-03-28,2026-03-28,B0FN98MSPV,,,356,0,0,,,0,0,USD,0,2283.15,USD,465,0,USD,0,815.06,USD,166
2026-03-28,2026-03-28,B0FN9BVP9K,,,429,0,0,,,0,0,USD,0,792.88,USD,187,0,USD,0,381.6,USD,90
2026-03-28,2026-03-28,B0FN9C251Z,,,132,0,0,,,0,0,USD,0,4873.5,USD,285,0,USD,0,4497.3,USD,263
2026-03-28,2026-03-28,B0FN9C6RK7,,,,0,0,,,0,0,USD,0,5705.12,USD,1576,0,USD,0,5162.12,USD,1426
2026-03-28,2026-03-28,B0FN9F8V1K,,,-15,0,0,,,0,0,USD,0,1713.59,USD,349,0,USD,0,564.65,USD,115
2026-03-28,2026-03-28,B0FN9FDRZC,,,1068,0,0,,,0,0,USD,0,1247.78,USD,178,7.01,USD,1,0,USD,0
2026-03-28,2026-03-28,B0FN9HMTB2,,,28,0,0,,,0,0,USD,0,1846.11,USD,177,0,USD,0,959.56,USD,92
2026-03-28,2026-03-28,B0FNBJDYGD,,,1620,0,0,,,0,0,USD,0,28796.74,USD,1997,115.36,USD,8,9560.46,USD,663
2026-03-28,2026-03-28,B0FQWZNJG5,,,,0,0,,,0,0,USD,0,10668,USD,381,28,USD,1,10668,USD,381
2026-03-28,2026-03-28,B0FQWZT6QS,,,,0,0,,,0,0,USD,0,3895.36,USD,752,0,USD,0,2724.68,USD,526
2026-03-28,2026-03-28,B0FQX36R4P,,,300,0,0,,,0,0,USD,0,3469.2,USD,420,0,USD,0,0,USD,0
2026-03-28,2026-03-28,B0FQX61CK4,,,,0,0,,,0,0,USD,0,5001.08,USD,337,14.84,USD,1,5001.08,USD,337
2026-03-28,2026-03-28,B0FQXHDXL5,,,32,0,0,,,0,0,USD,0,3042.6,USD,220,0,USD,0,940.44,USD,68
2026-03-28,2026-03-28,B0FQXHFQFC,,,272,0,0,,,0,0,USD,0,3557.4,USD,294,0,USD,0,1548.8,USD,128
2026-03-28,2026-03-28,B0FQXL78B8,,,,0,0,,,0,0,USD,0,3174.6,USD,286,0,USD,0,0,USD,0
2026-03-28,2026-03-28,B0FQXL9MVD,,,120,0,0,,,0,0,USD,0,1863.54,USD,189,0,USD,0,19.72,USD,2
2026-03-28,2026-03-28,B0FQXM6QW3,,,24,0,0,,,0,0,USD,0,1526.72,USD,367,0,USD,0,128.96,USD,31
2026-03-28,2026-03-28,B0FQXMFMZY,,,24,0,0,,,0,0,USD,0,3240.54,USD,306,0,USD,0,2753.4,USD,260
2026-03-28,2026-03-28,B0FQXPJ784,,,,0,0,,,0,0,USD,0,1350.26,USD,373,0,USD,0,1350.26,USD,373
2026-03-28,2026-03-28,B0FQXPQSWX,,,,0,0,,,0,0,USD,0,2036.16,USD,288,0,USD,0,2036.16,USD,288
2026-03-28,2026-03-28,B0FQXS1LJX,,,88,0,0,,,0,0,USD,0,1535.55,USD,145,0,USD,0,95.31,USD,9
2026-03-28,2026-03-28,B0FQXS88P2,,,84,0,0,,,0,0,USD,0,836.22,USD,231,3.62,USD,1,705.9,USD,195
2026-03-28,2026-03-28,B0FQXSMK5T,,,417,0,26.6,,,0,242,USD,20,1258.4,USD,104,0,USD,0,169.4,USD,14
2026-03-28,2026-03-28,B0FQXTHNJV,,,108,0,0,,,0,0,USD,0,1923.2,USD,601,6.4,USD,2,1139.2,USD,356
2026-03-28,2026-03-28,B0FQXVXGDC,,,108,0,0,,,0,0,USD,0,3366.6,USD,724,0,USD,0,37.2,USD,8
2026-03-28,2026-03-28,B0FQXWXFWZ,,,1033,0,0,,,0,0,USD,0,305.86,USD,82,29.84,USD,8,0,USD,0
2026-03-28,2026-03-28,B0FQXX1RGD,,,1044,0,0,,,0,0,USD,0,5403.3,USD,1162,9.3,USD,2,51.15,USD,11
2026-03-28,2026-03-28,B0FQXZ8126,,,164,0,0,,,0,0,USD,0,8975.6,USD,1181,7.6,USD,1,38,USD,5
2026-03-28,2026-03-28,B0FQY7C3LM,,,103,0,0,,,0,0,USD,0,5363.74,USD,1438,3.73,USD,1,44.76,USD,12
2026-03-28,2026-03-28,B0FQYBPC1L,,,20,0,0,,,0,0,USD,0,4000.78,USD,287,27.88,USD,2,292.74,USD,21
2026-03-28,2026-03-28,B0FSG4WCH2,,,324,0,0,,,0,0,USD,0,214.32,USD,38,0,USD,0,146.64,USD,26
2026-03-28,2026-03-28,B0FSGH883W,,,,0,0,,,0,0,USD,0,2604,USD,93,0,USD,0,1568,USD,56
2026-03-28,2026-03-28,B0FSGKQLCK,,,,0,0,,,0,0,USD,0,5366.1,USD,1154,0,USD,0,544.05,USD,117
2026-03-28,2026-03-28,B0FSGMHVVB,,,,0,0,,,0,0,USD,0,4300.14,USD,1443,0,USD,0,4225.64,USD,1418
2026-03-28,2026-03-28,B0FSGN8KHC,,,95,0,0,,,0,0,USD,0,4058.2,USD,394,0,USD,0,30.9,USD,3
2026-03-28,2026-03-28,B0FSGND126,,,,0,0,,,0,0,USD,0,5112.85,USD,293,0,USD,0,122.15,USD,7
2026-03-28,2026-03-28,B0FSGTH8Z8,,,108,0,0,,,0,0,USD,0,1152.36,USD,388,0,USD,0,98.01,USD,33
2026-03-28,2026-03-28,B0FSGYT8XZ,,,584,0,0,,,0,0,USD,0,1361.86,USD,457,0,USD,0,870.16,USD,292
2026-03-28,2026-03-28,B0FSH2MBGN,,,608,0,0,,,0,0,USD,0,1025.12,USD,344,2.98,USD,1,512.56,USD,172
2026-03-28,2026-03-28,B0FSH2VGWZ,,,776,0,0,,,0,0,USD,0,688.38,USD,231,0,USD,0,363.56,USD,122
2026-03-28,2026-03-28,B0FSH394L9,,,,0,0,,,0,0,USD,0,9749.88,USD,657,14.84,USD,1,9497.6,USD,640
2026-03-28,2026-03-28,B0FSH3FNBB,,,,0,0,,,0,0,USD,0,2569.32,USD,324,0,USD,0,95.16,USD,12
2026-03-28,2026-03-28,B0FSH79D5C,,,508,0,0,,,0,0,USD,0,4775.02,USD,271,0,USD,0,528.6,USD,30
2026-03-28,2026-03-28,B0FSHD3BC1,,,,0,0,,,0,0,USD,0,2063.6,USD,536,0,USD,0,708.4,USD,184
2026-03-28,2026-03-28,B0FSHKBHSQ,,,1087,0,0,,,0,0,USD,0,341.32,USD,23,29.68,USD,2,0,USD,0
2026-03-28,2026-03-28,B0FSHQ3NJ8,,,72,0,0,,,0,0,USD,0,1951.6,USD,238,0,USD,0,213.2,USD,26
2026-03-28,2026-03-28,B0G36R2JZ8,,,,0,0,,,0,0,USD,0,2897.92,USD,283,0,USD,0,0,USD,0
2026-03-28,2026-03-28,B0G36R992W,,,193,0,0,,,0,0,USD,0,2631.09,USD,1309,4.02,USD,2,134.67,USD,67
2026-03-28,2026-03-28,B0G36RL1YG,,,,0,0,,,0,0,USD,0,2955.96,USD,322,0,USD,0,0,USD,0
2026-03-28,2026-03-28,B0G36RNZ9R,,,6,0,0,,,0,0,USD,0,1338.64,USD,232,0,USD,0,0,USD,0
2026-03-28,2026-03-28,B0G36RX8H8,,,1316,0,0,,,0,0,USD,0,1091.52,USD,288,18.95,USD,5,0,USD,0
2026-03-28,2026-03-28,B0G36RXVBH,,,15,0,0,,,0,0,USD,0,984.64,USD,272,0,USD,0,0,USD,0
2026-03-28,2026-03-28,B0G36S1MC2,,,1836,0,0,,,0,0,USD,0,361.2,USD,105,0,USD,0,0,USD,0
2026-03-28,2026-03-28,B0G36T1ZY9,,,,0,0,,,0,0,USD,0,1377.88,USD,259,0,USD,0,202.16,USD,38
2026-03-28,2026-03-28,B0G36T2SYF,,,60,0,0,,,0,0,USD,0,867.18,USD,194,0,USD,0,0,USD,0
2026-03-28,2026-03-28,B0G36T6SNY,,,605,0,0,,,0,0,USD,0,1795.2,USD,510,3.52,USD,1,0,USD,0
2026-03-28,2026-03-28,B0G36TB5SJ,,,-48,0,0,,,0,0,USD,0,3221.8,USD,890,3.62,USD,1,0,USD,0
2026-03-28,2026-03-28,B0G36TDT1W,,,821,0,0,,,0,0,USD,0,735.26,USD,194,3.79,USD,1,0,USD,0
2026-03-28,2026-03-28,B0G36TFZJD,,,39,0,0,,,0,0,USD,0,3210.78,USD,354,0,USD,0,0,USD,0
2026-03-28,2026-03-28,B0G36TJ162,,,12,0,0,,,0,0,USD,0,1303.4,USD,245,0,USD,0,0,USD,0
2026-03-28,2026-03-28,B0G36TJTXM,,,160,0,0,,,0,0,USD,0,4126.1,USD,341,12.1,USD,1,0,USD,0
2026-03-28,2026-03-28,B0G36TNM91,,,,0,0,,,0,0,USD,0,1170.96,USD,204,0,USD,0,0,USD,0
2026-03-28,2026-03-28,B0G36TQ1VW,,,,0,0,,,0,0,USD,0,1904.4,USD,180,0,USD,0,0,USD,0
2026-03-28,2026-03-28,B0G36TXZGY,,,9,0,0,,,0,0,USD,0,2189,USD,199,0,USD,0,0,USD,0
2026-03-28,2026-03-28,B0G36V9PLG,,,,0,0,,,0,0,USD,0,2988.86,USD,259,0,USD,0,0,USD,0
2026-03-28,2026-03-28,B0G36VD41X,,,-6,0,0,,,0,0,USD,0,1185.74,USD,202,0,USD,0,0,USD,0
2026-03-28,2026-03-28,B0G36VXNGX,,,117,0,0,,,0,0,USD,0,966.45,USD,255,18.95,USD,5,0,USD,0
2026-03-28,2026-03-28,B0G36WHC28,,,1852,0,0,,,0,0,USD,0,1277.23,USD,337,0,USD,0,0,USD,0
2026-03-28,2026-03-28,B0G36WHH72,,,252,0,0,,,0,0,USD,0,1349.46,USD,147,0,USD,0,0,USD,0
2026-03-28,2026-03-28,B0G36WL2LN,,,73,0,0,,,0,0,USD,0,845.17,USD,223,18.95,USD,5,0,USD,0
2026-03-28,2026-03-28,B0G36Z353F,,,97,0,0,,,0,0,USD,0,977.82,USD,258,11.37,USD,3,0,USD,0
2026-03-28,2026-03-28,B0G61BFKYY,,,1320,0,0,,,0,0,USD,0,427,USD,100,4.27,USD,1,0,USD,0
2026-03-28,2026-03-28,B0G61GFG4R,,,2338,0,0,,,0,63.56,USD,14,372.28,USD,82,0,USD,0,0,USD,0
2026-03-28,2026-03-28,B0G61GHTKD,,,2736,0,0,,,0,0,USD,0,555.39,USD,153,21.78,USD,6,0,USD,0
2026-03-28,2026-03-28,B0G61KB2PQ,,,1920,0,0,,,0,0,USD,0,450.12,USD,124,21.78,USD,6,0,USD,0
2026-03-28,2026-03-28,B0G61PKKLZ,,,2202,0,0,,,0,0,USD,0,967.2,USD,155,12.48,USD,2,0,USD,0
2026-03-28,2026-03-28,B0G61Q6K9B,,,384,0,0,,,0,63.48,USD,4,952.2,USD,60,0,USD,0,0,USD,0
2026-03-28,2026-03-28,B0G62C4RTK,,,2184,0,0,,,0,51.24,USD,12,102.48,USD,24,4.27,USD,1,0,USD,0
2026-03-28,2026-03-28,B0G62CKV7P,,,5352,0,0,,,0,0,USD,0,551.32,USD,154,7.16,USD,2,0,USD,0
2026-03-28,2026-03-28,B0G62D27V8,,,5244,0,0,,,0,51.24,USD,12,179.34,USD,42,59.78,USD,14,0,USD,0
2026-03-28,2026-03-28,B0G62KT3JN,,,2280,0,0,,,0,241.92,USD,28,984.96,USD,114,8.64,USD,1,0,USD,0
2026-03-28,2026-03-28,B0G62LCF5V,,,2351,0,0,,,0,0,USD,0,278.08,USD,79,0,USD,0,0,USD,0
2026-03-28,2026-03-28,B0G62TGVLK,,,408,0,0,,,0,174.24,USD,48,675.18,USD,186,39.93,USD,11,0,USD,0
2026-03-28,2026-03-28,B0GFP79MKX,,,465,0,0,,,0,0,USD,0,18.66,USD,6,0,USD,0,0,USD,0
2026-03-28,2026-03-28,B0GFP7HZKV,,,,0,0,,,0,0,USD,0,1698.6,USD,228,0,USD,0,0,USD,0
2026-03-28,2026-03-28,B0GFP7WWFH,,,,0,0,,,0,0,USD,0,1889.55,USD,221,0,USD,0,0,USD,0
2026-03-28,2026-03-28,B0GFP85F4D,,,,0,0,,,0,0,USD,0,1180.8,USD,180,0,USD,0,0,USD,0
2026-03-28,2026-03-28,B0GFPBHGD1,,,240,0,0,,,0,0,USD,0,634.88,USD,62,10.24,USD,1,0,USD,0
2026-03-28,2026-03-28,B0GFPBZN2J,,,12,0,0,,,0,0,USD,0,936.23,USD,251,0,USD,0,0,USD,0
2026-03-28,2026-03-28,B0GFPDWJPJ,,,52,0,0,,,0,0,USD,0,1551.5,USD,214,7.25,USD,1,0,USD,0
2026-03-28,2026-03-28,B0GFPFCGYH,,,168,0,0,,,0,0,USD,0,506,USD,92,0,USD,0,0,USD,0
2026-03-28,2026-03-28,B0GFPFP97J,,,,0,0,,,0,0,USD,0,1481.31,USD,151,0,USD,0,0,USD,0
2026-03-28,2026-03-28,B0GFPH36YZ,,,24,0,0,,,0,0,USD,0,1621.92,USD,436,0,USD,0,0,USD,0
2026-03-28,2026-03-28,B0GFPHBW8F,,,84,0,0,,,0,18.6,USD,4,1418.25,USD,305,4.65,USD,1,0,USD,0
2026-03-28,2026-03-28,B0GFPJBVNS,,,1692,0,0,,,0,0,USD,0,157.41,USD,53,0,USD,0,0,USD,0
2026-03-28,2026-03-28,B0GFPJYSZY,,,1152,0,0,,,0,0,USD,0,1534.08,USD,544,2.82,USD,1,0,USD,0
2026-03-28,2026-03-28,B0GFPKK82C,,,347,0,0,,,0,0,USD,0,960,USD,300,0,USD,0,0,USD,0
2026-03-28,2026-03-28,B0GFPL5G1Z,,,837,0,0,,,0,0,USD,0,3964.99,USD,1063,0,USD,0,0,USD,0
2026-03-28,2026-03-28,B0GFPMLR3N,,,20,0,0,,,0,0,USD,0,1288.05,USD,277,4.65,USD,1,0,USD,0
2026-03-28,2026-03-28,B0GFPN3622,,,,0,0,,,0,0,USD,0,1595,USD,220,0,USD,0,0,USD,0
2026-03-28,2026-03-28,B0GFPN366L,,,,0,0,,,0,0,USD,0,2604,USD,700,0,USD,0,0,USD,0
2026-03-28,2026-03-28,B0GFPN631N,,,800,0,0,,,0,0,USD,0,1959.15,USD,185,0,USD,0,0,USD,0
2026-03-28,2026-03-28,B0GFPPG7BN,,,243,0,0,,,0,888,USD,48,6641.5,USD,359,18.5,USD,1,0,USD,0
2026-03-28,2026-03-28,B0GFPPJ14T,,,36,0,0,,,0,0,USD,0,1384.75,USD,191,0,USD,0,0,USD,0
2026-03-28,2026-03-28,B0GFPQHFCG,,,108,0,0,,,0,0,USD,0,1123.44,USD,302,0,USD,0,0,USD,0
2026-03-28,2026-03-28,B0GFPQKWSJ,,,113,0,0,,,0,0,USD,0,1594.95,USD,343,4.65,USD,1,0,USD,0
2026-03-28,2026-03-28,B0GFPQRSTH,,,288,0,0,,,0,0,USD,0,211.05,USD,63,0,USD,0,0,USD,0
2026-03-28,2026-03-28,B0GFPR245Y,,,3,0,0,,,0,0,USD,0,1384.32,USD,224,0,USD,0,0,USD,0
2026-03-28,2026-03-28,B0GFPSDX65,,,875,0,0,,,0,0,USD,0,233.25,USD,75,0,USD,0,0,USD,0
2026-03-28,2026-03-28,B0GFPSGBVC,,,60,0,0,,,0,0,USD,0,732.84,USD,197,0,USD,0,0,USD,0
2026-03-28,2026-03-28,B0GFPT19QF,,,282,0,0,,,0,0,USD,0,1784.34,USD,207,0,USD,0,0,USD,0
2026-03-28,2026-03-28,B0GFPVPPDC,,,36,0,0,,,0,0,USD,0,1268.75,USD,175,0,USD,0,0,USD,0
2026-03-28,2026-03-28,B0GFPXJ38Y,,,5,0,0,,,0,0,USD,0,1945.77,USD,237,0,USD,0,0,USD,0
2026-03-28,2026-03-28,B0GFPXSYSZ,,,,0,0,,,0,0,USD,0,1818.15,USD,391,0,USD,0,0,USD,0
2026-03-28,2026-03-28,B0GFPYTHY9,,,,0,0,,,0,0,USD,0,1810.16,USD,242,0,USD,0,0,USD,0
2026-03-28,2026-03-28,B0GFPZLRHL,,,340,0,0,,,0,0,USD,0,311,USD,100,0,USD,0,0,USD,0
